{
	"credit": "Made with Blockbench",
	"textures": {
		"0": "gun_ammo/exposed_copper",
		"1": "gun_ammo/wood",
		"particle": "gun_ammo/exposed_copper"
	},
	"elements": [
		{
			"from": [7.002, -6, 11],
			"to": [9.002, 0, 12],
			"rotation": {"angle": -22.5, "axis": "x", "origin": [0, 0, 0]},
			"faces": {
				"north": {"uv": [1, 1, 3, 7], "texture": "#0"},
				"east": {"uv": [1, 1, 2, 7], "texture": "#0"},
				"south": {"uv": [1, 1, 3, 7], "texture": "#0"},
				"west": {"uv": [2, 1, 3, 7], "texture": "#0"},
				"up": {"uv": [1, 6, 3, 7], "texture": "#0"},
				"down": {"uv": [1, 3, 3, 4], "texture": "#0"}
			}
		},
		{
			"from": [7.001, 2.9997, 12.92483],
			"to": [9.001, 3.4997, 17.92483],
			"rotation": {"angle": 0, "axis": "x", "origin": [8.001, 6.40995, 15.57886]},
			"faces": {
				"north": {"uv": [1, 8, 3, 8.5], "texture": "#0"},
				"east": {"uv": [1, 4, 1.5, 9], "rotation": 90, "texture": "#0"},
				"south": {"uv": [1, 4, 3, 4.5], "rotation": 180, "texture": "#0"},
				"west": {"uv": [1, 4, 1.5, 9], "rotation": 270, "texture": "#0"},
				"up": {"uv": [1, 4, 3, 9], "texture": "#0"},
				"down": {"uv": [1, 4, 3, 9], "rotation": 180, "texture": "#0"}
			}
		},
		{
			"from": [7.002, 1.9997, 17.92483],
			"to": [9.002, 4.9997, 18.92483],
			"rotation": {"angle": 0, "axis": "x", "origin": [8.001, 6.40995, 15.57886]},
			"faces": {
				"north": {"uv": [4, 2, 6, 5], "texture": "#0"},
				"east": {"uv": [4, 1, 7, 2], "rotation": 90, "texture": "#0"},
				"south": {"uv": [4, 2, 6, 5], "rotation": 180, "texture": "#0"},
				"west": {"uv": [4, 2, 7, 3], "rotation": 270, "texture": "#0"},
				"up": {"uv": [4, 2, 6, 3], "texture": "#0"},
				"down": {"uv": [4, 2, 6, 3], "rotation": 180, "texture": "#0"}
			}
		},
		{
			"from": [7, 3.9997, 12.92483],
			"to": [9, 4.9997, 17.92483],
			"rotation": {"angle": 0, "axis": "x", "origin": [8.001, 6.40995, 15.57886]},
			"faces": {
				"north": {"uv": [1, 6, 3, 7], "texture": "#0"},
				"east": {"uv": [2, 1, 3, 6], "rotation": 90, "texture": "#0"},
				"south": {"uv": [1, 3, 3, 4], "rotation": 180, "texture": "#0"},
				"west": {"uv": [1, 1, 2, 6], "rotation": 270, "texture": "#0"},
				"up": {"uv": [1, 1, 3, 6], "texture": "#0"},
				"down": {"uv": [1, 1, 3, 6], "rotation": 180, "texture": "#0"}
			}
		},
		{
			"from": [7.001, -6, 13],
			"to": [9.001, -1, 13.5],
			"rotation": {"angle": -22.5, "axis": "x", "origin": [0, 0, 0]},
			"faces": {
				"north": {"uv": [1, 4, 3, 9], "texture": "#0"},
				"east": {"uv": [1, 4, 1.5, 9], "texture": "#0"},
				"south": {"uv": [1, 4, 3, 9], "texture": "#0"},
				"west": {"uv": [1, 4, 1.5, 9], "texture": "#0"},
				"up": {"uv": [1, 8, 3, 8.5], "texture": "#0"},
				"down": {"uv": [1, 4, 3, 4.5], "texture": "#0"}
			}
		},
		{
			"from": [7, -6, 12],
			"to": [9, -5, 13],
			"rotation": {"angle": -22.5, "axis": "x", "origin": [0, 0, 0]},
			"faces": {
				"north": {"uv": [4, 2, 6, 3], "texture": "#0"},
				"east": {"uv": [4, 2, 5, 3], "texture": "#0"},
				"south": {"uv": [4, 2, 6, 3], "texture": "#0"},
				"west": {"uv": [4, 1, 5, 2], "texture": "#0"},
				"up": {"uv": [4, 1, 6, 2], "texture": "#0"},
				"down": {"uv": [4, 1, 6, 2], "texture": "#0"}
			}
		},
		{
			"from": [7, 3, 8],
			"to": [9, 5, 13],
			"faces": {
				"north": {"uv": [4, 3, 6, 5], "texture": "#0"},
				"east": {"uv": [4, 1, 9, 3], "texture": "#0"},
				"south": {"uv": [4, 1, 6, 3], "texture": "#0"},
				"west": {"uv": [4, 1, 9, 3], "rotation": 180, "texture": "#0"},
				"up": {"uv": [4, 2, 6, 7], "texture": "#0"},
				"down": {"uv": [4, 2, 6, 7], "texture": "#0"}
			}
		},
		{
			"from": [6.5, 3.75, 11],
			"to": [7, 4.25, 12],
			"faces": {
				"north": {"uv": [0, 0, 0.5, 0.5], "texture": "#1"},
				"east": {"uv": [0, 0, 1, 0.5], "texture": "#1"},
				"south": {"uv": [0, 0, 0.5, 0.5], "texture": "#1"},
				"west": {"uv": [0, 0, 1, 0.5], "texture": "#1"},
				"up": {"uv": [4, 1, 4.5, 2], "texture": "#1"},
				"down": {"uv": [0, 0, 0.5, 1], "texture": "#1"}
			}
		},
		{
			"from": [6, 3.75, 11],
			"to": [6.5, 4.25, 12],
			"faces": {
				"north": {"uv": [2, 1, 2.5, 1.5], "texture": "#0"},
				"east": {"uv": [2, 1, 3, 1.5], "texture": "#0"},
				"south": {"uv": [1, 1, 1.5, 1.5], "texture": "#0"},
				"west": {"uv": [2, 1, 3, 1.5], "texture": "#0"},
				"up": {"uv": [1, 1, 1.5, 2], "texture": "#0"},
				"down": {"uv": [2, 1, 2.5, 2], "texture": "#0"}
			}
		},
		{
			"from": [6.99, 3.75, 8.25],
			"to": [6.99, 4.25, 12.5],
			"faces": {
				"north": {"uv": [10, 3, 10, 3], "texture": "#1"},
				"east": {"uv": [9, 3, 13.25, 3.5], "texture": "#1"},
				"south": {"uv": [10, 3, 10, 3], "texture": "#1"},
				"west": {"uv": [9, 3, 13.25, 3.5], "texture": "#1"},
				"up": {"uv": [10, 3, 10, 3], "texture": "#1"},
				"down": {"uv": [10, 3, 10, 3], "texture": "#1"}
			}
		},
		{
			"from": [7.25, 3.25, -1],
			"to": [8.75, 4, 8],
			"rotation": {"angle": 0, "axis": "y", "origin": [0, 0, 1]},
			"faces": {
				"north": {"uv": [0, 0, 1.5, 0.75], "texture": "#1"},
				"east": {"uv": [0, 1, 9, 1.75], "texture": "#1"},
				"south": {"uv": [0, 0, 1.5, 0.75], "texture": "#1"},
				"west": {"uv": [0, 2, 9, 2.75], "texture": "#1"},
				"up": {"uv": [0, 0, 1.5, 9], "texture": "#1"},
				"down": {"uv": [4, 4, 5.5, 13], "texture": "#1"}
			}
		},
		{
			"from": [7.75, 1.55742, 9.41581],
			"to": [8.25, 3.05742, 10.41581],
			"rotation": {"angle": 0, "axis": "y", "origin": [8.5, 5.70742, 11.16581]},
			"faces": {
				"north": {"uv": [4, 3, 4.5, 4.5], "texture": "#0"},
				"east": {"uv": [4, 3, 5, 4.5], "texture": "#0"},
				"south": {"uv": [4, 2, 4.5, 3.5], "texture": "#0"},
				"west": {"uv": [4, 2, 5, 3.5], "texture": "#0"},
				"up": {"uv": [4, 2, 4.5, 3], "texture": "#0"},
				"down": {"uv": [4, 3, 4.5, 4], "texture": "#0"}
			}
		},
		{
			"name": "octagon",
			"from": [7.74112, 4.425, -2.001],
			"to": [8.25888, 4.875, 7.999],
			"rotation": {"angle": 45, "axis": "z", "origin": [8, 4.25, 9]},
			"faces": {
				"north": {"uv": [1, 1, 2, 2], "texture": "#0"},
				"east": {"uv": [0, 0, 1, 1], "texture": "#0"},
				"south": {"uv": [0, 0, 1, 1], "texture": "#0"},
				"west": {"uv": [0, 0, 1, 1], "texture": "#0"},
				"up": {"uv": [4, 1, 5, 11], "texture": "#0"},
				"down": {"uv": [5, 1, 6, 11], "texture": "#0"}
			}
		},
		{
			"name": "octagon",
			"from": [8.175, 3.99112, -9],
			"to": [8.625, 4.50888, -2],
			"rotation": {"angle": 0, "axis": "y", "origin": [8, 4.25, -1]},
			"faces": {
				"north": {"uv": [7, 2, 8, 3], "texture": "#0"},
				"east": {"uv": [1, 4, 8, 5], "texture": "#0"},
				"south": {"uv": [0, 0, 1, 1], "texture": "#0"},
				"west": {"uv": [1, 1, 8, 2], "texture": "#0"},
				"up": {"uv": [0, 0, 1, 1], "texture": "#0"},
				"down": {"uv": [0, 0, 1, 1], "texture": "#0"}
			}
		},
		{
			"name": "octagon",
			"from": [7.375, 3.99112, -9],
			"to": [7.825, 4.50888, -2],
			"rotation": {"angle": 0, "axis": "y", "origin": [8, 4.25, -1]},
			"faces": {
				"north": {"uv": [7, 2, 8, 3], "texture": "#0"},
				"east": {"uv": [1, 4, 8, 5], "texture": "#0"},
				"south": {"uv": [0, 0, 1, 1], "texture": "#0"},
				"west": {"uv": [1, 1, 8, 2], "texture": "#0"},
				"up": {"uv": [0, 0, 1, 1], "texture": "#0"},
				"down": {"uv": [0, 0, 1, 1], "texture": "#0"}
			}
		},
		{
			"name": "octagon",
			"from": [7.375, 3.99112, -8.999],
			"to": [7.825, 4.50888, -1.999],
			"rotation": {"angle": 45, "axis": "z", "origin": [8, 4.25, -1]},
			"faces": {
				"north": {"uv": [3, 3, 4, 4], "texture": "#0"},
				"east": {"uv": [1, 1, 8, 2], "texture": "#0"},
				"south": {"uv": [0, 0, 1, 1], "texture": "#0"},
				"west": {"uv": [1, 4, 8, 5], "texture": "#0"},
				"up": {"uv": [0, 0, 1, 1], "texture": "#0"},
				"down": {"uv": [0, 0, 1, 1], "texture": "#0"}
			}
		},
		{
			"name": "octagon",
			"from": [8.175, 3.99112, -8.999],
			"to": [8.625, 4.50888, -1.999],
			"rotation": {"angle": 45, "axis": "z", "origin": [8, 4.25, -1]},
			"faces": {
				"north": {"uv": [3, 3, 4, 4], "texture": "#0"},
				"east": {"uv": [1, 1, 8, 2], "texture": "#0"},
				"south": {"uv": [0, 0, 1, 1], "texture": "#0"},
				"west": {"uv": [1, 1, 8, 2], "texture": "#0"},
				"up": {"uv": [0, 0, 1, 1], "texture": "#0"},
				"down": {"uv": [0, 0, 1, 1], "texture": "#0"}
			}
		},
		{
			"name": "octagon",
			"from": [7.74112, 3.625, -8.997],
			"to": [8.25888, 4.075, -1.997],
			"rotation": {"angle": 0, "axis": "y", "origin": [8, 4.25, -1]},
			"faces": {
				"north": {"uv": [3, 1, 4, 2], "texture": "#0"},
				"east": {"uv": [0, 0, 1, 1], "texture": "#0"},
				"south": {"uv": [0, 0, 1, 1], "texture": "#0"},
				"west": {"uv": [0, 0, 1, 1], "texture": "#0"},
				"up": {"uv": [10, 4, 11, 11], "texture": "#0"},
				"down": {"uv": [11, 4, 12, 11], "texture": "#0"}
			}
		},
		{
			"name": "octagon",
			"from": [7.74112, 4.425, -8.997],
			"to": [8.25888, 4.875, -1.997],
			"rotation": {"angle": 0, "axis": "y", "origin": [8, 4.25, -1]},
			"faces": {
				"north": {"uv": [3, 1, 4, 2], "texture": "#0"},
				"east": {"uv": [0, 0, 1, 1], "texture": "#0"},
				"south": {"uv": [0, 0, 1, 1], "texture": "#0"},
				"west": {"uv": [0, 0, 1, 1], "texture": "#0"},
				"up": {"uv": [10, 4, 11, 11], "texture": "#0"},
				"down": {"uv": [11, 4, 12, 11], "texture": "#0"}
			}
		},
		{
			"name": "octagon",
			"from": [7.74112, 3.625, -9.001],
			"to": [8.25888, 4.075, -2.001],
			"rotation": {"angle": 45, "axis": "z", "origin": [8, 4.25, -1]},
			"faces": {
				"north": {"uv": [1, 1, 2, 2], "texture": "#0"},
				"east": {"uv": [0, 0, 1, 1], "texture": "#0"},
				"south": {"uv": [0, 0, 1, 1], "texture": "#0"},
				"west": {"uv": [0, 0, 1, 1], "texture": "#0"},
				"up": {"uv": [4, 4, 5, 11], "texture": "#0"},
				"down": {"uv": [5, 4, 6, 11], "texture": "#0"}
			}
		},
		{
			"name": "octagon",
			"from": [7.74112, 4.425, -9.001],
			"to": [8.25888, 4.875, -2.001],
			"rotation": {"angle": 45, "axis": "z", "origin": [8, 4.25, -1]},
			"faces": {
				"north": {"uv": [1, 1, 2, 2], "texture": "#0"},
				"east": {"uv": [0, 0, 1, 1], "texture": "#0"},
				"south": {"uv": [0, 0, 1, 1], "texture": "#0"},
				"west": {"uv": [0, 0, 1, 1], "texture": "#0"},
				"up": {"uv": [6, 4, 7, 11], "texture": "#0"},
				"down": {"uv": [5, 4, 6, 11], "texture": "#0"}
			}
		},
		{
			"name": "octagon",
			"from": [7.74112, 3.625, -2.001],
			"to": [8.25888, 4.075, 7.999],
			"rotation": {"angle": 45, "axis": "z", "origin": [8, 4.25, 9]},
			"faces": {
				"north": {"uv": [1, 1, 2, 2], "texture": "#0"},
				"east": {"uv": [0, 0, 1, 1], "texture": "#0"},
				"south": {"uv": [0, 0, 1, 1], "texture": "#0"},
				"west": {"uv": [0, 0, 1, 1], "texture": "#0"},
				"up": {"uv": [4, 1, 5, 11], "texture": "#0"},
				"down": {"uv": [5, 1, 6, 11], "texture": "#0"}
			}
		},
		{
			"name": "octagon",
			"from": [7.74112, 4.425, -1.997],
			"to": [8.25888, 4.875, 8.003],
			"rotation": {"angle": 0, "axis": "z", "origin": [8, 4.25, 9]},
			"faces": {
				"north": {"uv": [3, 1, 4, 2], "texture": "#0"},
				"east": {"uv": [0, 0, 1, 1], "texture": "#0"},
				"south": {"uv": [0, 0, 1, 1], "texture": "#0"},
				"west": {"uv": [0, 0, 1, 1], "texture": "#0"},
				"up": {"uv": [10, 1, 11, 11], "texture": "#0"},
				"down": {"uv": [11, 1, 12, 11], "texture": "#0"}
			}
		},
		{
			"name": "octagon",
			"from": [7.74112, 3.625, -1.997],
			"to": [8.25888, 4.075, 8.003],
			"rotation": {"angle": 0, "axis": "y", "origin": [8, 4.25, 9]},
			"faces": {
				"north": {"uv": [3, 1, 4, 2], "texture": "#0"},
				"east": {"uv": [0, 0, 1, 1], "texture": "#0"},
				"south": {"uv": [0, 0, 1, 1], "texture": "#0"},
				"west": {"uv": [0, 0, 1, 1], "texture": "#0"},
				"up": {"uv": [10, 1, 11, 11], "texture": "#0"},
				"down": {"uv": [11, 1, 12, 11], "texture": "#0"}
			}
		},
		{
			"name": "octagon",
			"from": [8.175, 3.99112, -1.999],
			"to": [8.625, 4.50888, 8.001],
			"rotation": {"angle": 45, "axis": "z", "origin": [8, 4.25, 9]},
			"faces": {
				"north": {"uv": [3, 3, 4, 4], "texture": "#0"},
				"east": {"uv": [1, 1, 11, 2], "texture": "#0"},
				"south": {"uv": [0, 0, 1, 1], "texture": "#0"},
				"west": {"uv": [1, 1, 11, 2], "texture": "#0"},
				"up": {"uv": [0, 0, 1, 1], "texture": "#0"},
				"down": {"uv": [0, 0, 1, 1], "texture": "#0"}
			}
		},
		{
			"name": "octagon",
			"from": [7.375, 3.99112, -1.999],
			"to": [7.825, 4.50888, 8.001],
			"rotation": {"angle": 45, "axis": "z", "origin": [8, 4.25, 9]},
			"faces": {
				"north": {"uv": [3, 3, 4, 4], "texture": "#0"},
				"east": {"uv": [1, 1, 11, 2], "texture": "#0"},
				"south": {"uv": [0, 0, 1, 1], "texture": "#0"},
				"west": {"uv": [1, 1, 11, 2], "texture": "#0"},
				"up": {"uv": [0, 0, 1, 1], "texture": "#0"},
				"down": {"uv": [0, 0, 1, 1], "texture": "#0"}
			}
		},
		{
			"name": "octagon",
			"from": [7.375, 3.99112, -2],
			"to": [7.825, 4.50888, 8],
			"rotation": {"angle": 0, "axis": "z", "origin": [8, 4.25, 9]},
			"faces": {
				"north": {"uv": [7, 2, 8, 3], "texture": "#0"},
				"east": {"uv": [1, 4, 11, 5], "texture": "#0"},
				"south": {"uv": [0, 0, 1, 1], "texture": "#0"},
				"west": {"uv": [1, 1, 11, 2], "texture": "#0"},
				"up": {"uv": [0, 0, 1, 1], "texture": "#0"},
				"down": {"uv": [0, 0, 1, 1], "texture": "#0"}
			}
		},
		{
			"name": "octagon",
			"from": [8.175, 3.99112, -2],
			"to": [8.625, 4.50888, 8],
			"rotation": {"angle": 0, "axis": "y", "origin": [8, 4.25, 9]},
			"faces": {
				"north": {"uv": [7, 2, 8, 3], "texture": "#0"},
				"east": {"uv": [1, 4, 11, 5], "texture": "#0"},
				"south": {"uv": [0, 0, 1, 1], "texture": "#0"},
				"west": {"uv": [1, 1, 11, 2], "texture": "#0"},
				"up": {"uv": [0, 0, 1, 1], "texture": "#0"},
				"down": {"uv": [0, 0, 1, 1], "texture": "#0"}
			}
		},
		{
			"from": [7.5, 0.25, 6.25],
			"to": [8.5, 3.25, 8.25],
			"faces": {
				"north": {"uv": [5, 1, 6, 4], "texture": "#0"},
				"east": {"uv": [4, 1, 6, 4], "texture": "#0"},
				"south": {"uv": [4, 1, 5, 4], "texture": "#0"},
				"west": {"uv": [4, 1, 6, 4], "texture": "#0"},
				"up": {"uv": [5, 1, 6, 3], "texture": "#0"},
				"down": {"uv": [4, 1, 5, 3], "texture": "#0"}
			}
		},
		{
			"from": [7.25, 2, 6.15],
			"to": [8.75, 3.25, 8.35],
			"faces": {
				"north": {"uv": [3, 5, 4.5, 6.25], "texture": "#0"},
				"east": {"uv": [3, 5, 5.2, 6.25], "texture": "#0"},
				"south": {"uv": [3, 5, 4.5, 6.25], "texture": "#0"},
				"west": {"uv": [3, 5, 5.2, 6.25], "texture": "#0"},
				"up": {"uv": [3, 4, 4.5, 6.2], "texture": "#0"},
				"down": {"uv": [3, 4, 4.5, 6.2], "texture": "#0"}
			}
		},
		{
			"from": [7.25, -0.25, 6.15],
			"to": [8.75, 0.25, 8.35],
			"faces": {
				"north": {"uv": [2, 4, 3.5, 4.5], "texture": "#0"},
				"east": {"uv": [2, 4, 4.2, 4.5], "texture": "#0"},
				"south": {"uv": [2, 4, 3.5, 4.5], "texture": "#0"},
				"west": {"uv": [2, 4, 4.2, 4.5], "texture": "#0"},
				"up": {"uv": [2, 4, 3.5, 6.2], "texture": "#0"},
				"down": {"uv": [2, 4, 3.5, 6.2], "texture": "#0"}
			}
		},
		{
			"from": [7.45, 6.9, 10],
			"to": [8.55, 7.25, 12],
			"faces": {
				"north": {"uv": [2, 4, 3.1, 4.35], "texture": "#0"},
				"east": {"uv": [2, 5, 4, 5.35], "texture": "#0"},
				"south": {"uv": [2, 5, 3.1, 5.35], "texture": "#0"},
				"west": {"uv": [2, 4, 4, 4.35], "texture": "#0"},
				"up": {"uv": [3, 4, 4.1, 6], "texture": "#0"},
				"down": {"uv": [2, 4, 3.1, 6], "texture": "#0"}
			}
		},
		{
			"from": [7.45, 5, 10],
			"to": [8.55, 5.25, 12],
			"faces": {
				"north": {"uv": [1, 3, 2.1, 3.25], "texture": "#0"},
				"east": {"uv": [1, 3, 3, 3.25], "texture": "#0"},
				"south": {"uv": [1, 3, 2.1, 3.25], "texture": "#0"},
				"west": {"uv": [1, 3, 3, 3.25], "texture": "#0"},
				"up": {"uv": [1, 3, 2.1, 5], "texture": "#0"},
				"down": {"uv": [1, 3, 2.1, 5], "texture": "#0"}
			}
		},
		{
			"from": [8.55, 5, 10],
			"to": [8.95, 7.25, 12],
			"faces": {
				"north": {"uv": [2, 4, 2.3, 6.25], "texture": "#0"},
				"east": {"uv": [2, 4, 4, 6.25], "texture": "#0"},
				"south": {"uv": [2, 4, 2.3, 6.25], "texture": "#0"},
				"west": {"uv": [2, 4, 4, 6.25], "texture": "#0"},
				"up": {"uv": [2, 4, 2.3, 6], "texture": "#0"},
				"down": {"uv": [2, 4, 2.3, 6], "texture": "#0"}
			}
		},
		{
			"from": [7.05, 5, 10],
			"to": [7.45, 7.25, 12],
			"faces": {
				"north": {"uv": [2, 4, 2.3, 6.25], "texture": "#0"},
				"east": {"uv": [2, 4, 4, 6.25], "texture": "#0"},
				"south": {"uv": [3, 4, 3.3, 6.25], "texture": "#0"},
				"west": {"uv": [2, 4, 4, 6.25], "texture": "#0"},
				"up": {"uv": [3, 4, 3.3, 6], "texture": "#0"},
				"down": {"uv": [2, 4, 2.3, 6], "texture": "#0"}
			}
		},
		{
			"from": [7.25, 5.25, 9],
			"to": [8.75, 5.6, 13],
			"faces": {
				"north": {"uv": [2, 3, 3.5, 3.35], "texture": "#0"},
				"east": {"uv": [2, 3, 6, 3.35], "texture": "#0"},
				"south": {"uv": [2, 3, 3.5, 3.35], "texture": "#0"},
				"west": {"uv": [2, 3, 6, 3.35], "texture": "#0"},
				"up": {"uv": [2, 3, 3.5, 7], "texture": "#0"},
				"down": {"uv": [2, 3, 3.5, 7], "texture": "#0"}
			}
		},
		{
			"from": [7.25, 6.65, 9],
			"to": [8.75, 7, 13],
			"faces": {
				"north": {"uv": [9, 1, 10.5, 1.35], "texture": "#0"},
				"east": {"uv": [9, 1, 13, 1.35], "texture": "#0"},
				"south": {"uv": [9, 1, 10.5, 1.35], "texture": "#0"},
				"west": {"uv": [9, 1, 13, 1.35], "texture": "#0"},
				"up": {"uv": [9, 1, 10.5, 5], "texture": "#0"},
				"down": {"uv": [9, 1, 10.5, 5], "texture": "#0"}
			}
		},
		{
			"from": [7.25, 5.6, 9],
			"to": [7.5, 6.65, 13],
			"faces": {
				"north": {"uv": [1, 1, 1.25, 2], "texture": "#0"},
				"east": {"uv": [1, 1, 5, 2.05], "texture": "#0"},
				"south": {"uv": [1, 1, 1.25, 2], "texture": "#0"},
				"west": {"uv": [1, 1, 5, 2], "texture": "#0"},
				"up": {"uv": [1, 1, 1.25, 5], "texture": "#0"},
				"down": {"uv": [1, 1, 1.25, 5], "texture": "#0"}
			}
		},
		{
			"from": [8.5, 5.6, 9],
			"to": [8.75, 6.65, 13],
			"faces": {
				"north": {"uv": [8, 4, 8.25, 5], "texture": "#0"},
				"east": {"uv": [6, 4, 10, 5], "texture": "#0"},
				"south": {"uv": [6, 4, 6.25, 5], "texture": "#0"},
				"west": {"uv": [6, 4, 10, 5.05], "texture": "#0"},
				"up": {"uv": [6, 4, 6.25, 8], "texture": "#0"},
				"down": {"uv": [6, 4, 6.25, 8], "texture": "#0"}
			}
		},
		{
			"name": "octagon",
			"from": [7.63756, 4.625, -11],
			"to": [8.36244, 5.125, -8],
			"rotation": {"angle": 45, "axis": "z", "origin": [8, 4.25, -2]},
			"faces": {
				"north": {"uv": [2, 3, 3, 4], "texture": "#0"},
				"east": {"uv": [2, 1, 5, 2], "texture": "#0"},
				"south": {"uv": [2, 3, 3, 4], "texture": "#0"},
				"west": {"uv": [2, 1, 5, 2], "texture": "#0"},
				"up": {"uv": [4, 1, 5, 4], "texture": "#0"},
				"down": {"uv": [4, 1, 5, 4], "texture": "#0"}
			}
		},
		{
			"name": "octagon",
			"from": [7.63756, 3.375, -11],
			"to": [8.36244, 3.875, -8],
			"rotation": {"angle": 45, "axis": "z", "origin": [8, 4.25, -2]},
			"faces": {
				"north": {"uv": [2, 3, 3, 4], "texture": "#0"},
				"east": {"uv": [2, 1, 5, 2], "texture": "#0"},
				"south": {"uv": [1, 1, 2, 2], "texture": "#0"},
				"west": {"uv": [2, 1, 5, 2], "texture": "#0"},
				"up": {"uv": [4, 1, 5, 4], "texture": "#0"},
				"down": {"uv": [4, 1, 5, 4], "texture": "#0"}
			}
		},
		{
			"name": "octagon",
			"from": [7.63756, 3.375, -11],
			"to": [8.36244, 3.875, -8],
			"rotation": {"angle": 45, "axis": "z", "origin": [8, 4.25, -2]},
			"faces": {
				"north": {"uv": [2, 3, 3, 4], "texture": "#0"},
				"east": {"uv": [2, 1, 5, 2], "texture": "#0"},
				"south": {"uv": [2, 3, 3, 4], "texture": "#0"},
				"west": {"uv": [2, 1, 5, 2], "texture": "#0"},
				"up": {"uv": [4, 1, 5, 4], "texture": "#0"},
				"down": {"uv": [4, 1, 5, 4], "texture": "#0"}
			}
		},
		{
			"name": "octagon",
			"from": [7.63756, 3.375, -11.001],
			"to": [8.36244, 3.875, -8.001],
			"rotation": {"angle": 0, "axis": "z", "origin": [8, 4.25, -2]},
			"faces": {
				"north": {"uv": [1, 2, 2, 3], "texture": "#0"},
				"east": {"uv": [2, 1, 5, 2], "texture": "#0"},
				"south": {"uv": [1, 2, 2, 3], "texture": "#0"},
				"west": {"uv": [2, 1, 5, 2], "texture": "#0"},
				"up": {"uv": [4, 1, 5, 4], "texture": "#0"},
				"down": {"uv": [4, 1, 5, 4], "texture": "#0"}
			}
		},
		{
			"name": "octagon",
			"from": [7.63756, 4.625, -11.001],
			"to": [8.36244, 5.125, -8.001],
			"rotation": {"angle": 0, "axis": "y", "origin": [8, 4.25, -2]},
			"faces": {
				"north": {"uv": [1, 2, 2, 3], "texture": "#0"},
				"east": {"uv": [2, 1, 5, 2], "texture": "#0"},
				"south": {"uv": [1, 2, 2, 3], "texture": "#0"},
				"west": {"uv": [2, 1, 5, 2], "texture": "#0"},
				"up": {"uv": [4, 1, 5, 4], "texture": "#0"},
				"down": {"uv": [4, 1, 5, 4], "texture": "#0"}
			}
		},
		{
			"name": "octagon",
			"from": [7.125, 3.88756, -11],
			"to": [7.625, 4.61244, -8],
			"rotation": {"angle": 45, "axis": "z", "origin": [8, 4.25, -2]},
			"faces": {
				"north": {"uv": [7, 2, 8, 3], "texture": "#0"},
				"east": {"uv": [2, 1, 5, 2], "texture": "#0"},
				"south": {"uv": [7, 2, 8, 3], "texture": "#0"},
				"west": {"uv": [2, 1, 5, 2], "texture": "#0"},
				"up": {"uv": [4, 1, 5, 4], "texture": "#0"},
				"down": {"uv": [4, 1, 5, 4], "texture": "#0"}
			}
		},
		{
			"name": "octagon",
			"from": [8.375, 3.88756, -11],
			"to": [8.875, 4.61244, -8],
			"rotation": {"angle": 45, "axis": "z", "origin": [8, 4.25, -2]},
			"faces": {
				"north": {"uv": [7, 2, 8, 3], "texture": "#0"},
				"east": {"uv": [2, 1, 5, 2], "texture": "#0"},
				"south": {"uv": [7, 2, 8, 3], "texture": "#0"},
				"west": {"uv": [2, 1, 5, 2], "texture": "#0"},
				"up": {"uv": [4, 1, 5, 4], "texture": "#0"},
				"down": {"uv": [4, 1, 5, 4], "texture": "#0"}
			}
		},
		{
			"name": "octagon",
			"from": [7.125, 3.88756, -11.001],
			"to": [7.625, 4.61244, -8.001],
			"rotation": {"angle": 0, "axis": "z", "origin": [8, 4.25, -2]},
			"faces": {
				"north": {"uv": [13, 1, 14, 2], "texture": "#0"},
				"east": {"uv": [2, 1, 5, 2], "texture": "#0"},
				"south": {"uv": [13, 1, 14, 2], "texture": "#0"},
				"west": {"uv": [2, 1, 5, 2], "texture": "#0"},
				"up": {"uv": [4, 1, 5, 4], "texture": "#0"},
				"down": {"uv": [4, 1, 5, 4], "texture": "#0"}
			}
		},
		{
			"name": "octagon",
			"from": [8.375, 3.88756, -11.001],
			"to": [8.875, 4.61244, -8.001],
			"rotation": {"angle": 0, "axis": "y", "origin": [8, 4.25, -2]},
			"faces": {
				"north": {"uv": [13, 1, 14, 2], "texture": "#0"},
				"east": {"uv": [2, 1, 5, 2], "texture": "#0"},
				"south": {"uv": [13, 1, 14, 2], "texture": "#0"},
				"west": {"uv": [2, 1, 5, 2], "texture": "#0"},
				"up": {"uv": [4, 1, 5, 4], "texture": "#0"},
				"down": {"uv": [4, 1, 5, 4], "texture": "#0"}
			}
		},
		{
			"from": [8, 4, -1],
			"to": [8.75, 4.9, 8],
			"faces": {
				"north": {"uv": [0, 9, 0.75, 9.9], "texture": "#1"},
				"east": {"uv": [2, 5, 11, 5.9], "texture": "#1"},
				"south": {"uv": [0, 1, 0.75, 1.9], "texture": "#1"},
				"west": {"uv": [2, 5, 11, 5.9], "texture": "#1"},
				"up": {"uv": [0, 1, 0.75, 10], "texture": "#1"},
				"down": {"uv": [0, 1, 0.75, 10], "texture": "#1"}
			}
		}
	],
	"display": {
		"thirdperson_righthand": {
			"translation": [0, 5, -1.25]
		},
		"thirdperson_lefthand": {
			"translation": [0, 5, -1.25]
		},
		"firstperson_righthand": {
			"translation": [-1.25, 7.5, 0]
		},
		"firstperson_lefthand": {
			"translation": [-1.25, 7.5, 0]
		},
		"ground": {
			"rotation": [0, 0, -90],
			"translation": [4.25, -2.75, 3.75]
		},
		"gui": {
			"rotation": [20, 44, 0],
			"translation": [3.25, 5, 0],
			"scale": [1.3, 1.3, 1.3]
		},
		"head": {
			"translation": [0, -2, 0]
		},
		"fixed": {
			"rotation": [0, -89, 0],
			"translation": [-3.25, 4.75, 0]
		}
	},
	"groups": [
		0,
		1,
		2,
		3,
		4,
		5,
		6,
		7,
		8,
		9,
		10,
		11,
		{
			"name": "octagon",
			"origin": [8, 8, 8],
			"color": 0,
			"children": [12, 13, 14, 15, 16, 17, 18, 19, 20, 21, 22, 23, 24, 25, 26, 27]
		},
		28,
		29,
		30,
		31,
		32,
		33,
		34,
		35,
		36,
		37,
		38,
		{
			"name": "octagon",
			"origin": [8, 8, 8],
			"color": 0,
			"children": [39, 40, 41, 42, 43, 44, 45, 46, 47]
		},
		48
	]
}