{
	"credit": "Made with Blockbench",
	"textures": {
		"0": "gun_ammo/austeyr_ef88",
		"particle": "gun_ammo/austeyr_ef88"
	},
	"elements": [
		{
			"from": [7, 0, 6],
			"to": [9, 5, 8],
			"rotation": {"angle": 0, "axis": "y", "origin": [7, 3, 6]},
			"faces": {
				"north": {"uv": [0, 0, 2, 5], "texture": "#0"},
				"east": {"uv": [0, 0, 2, 5], "texture": "#0"},
				"south": {"uv": [0, 0, 2, 5], "texture": "#0"},
				"west": {"uv": [0, 0, 2, 5], "texture": "#0"},
				"up": {"uv": [0, 0, 2, 2], "texture": "#0"},
				"down": {"uv": [0, 0, 2, 2], "texture": "#0"}
			}
		},
		{
			"from": [7.7, 3.5, 4.5],
			"to": [8.3, 5, 6],
			"rotation": {"angle": 0, "axis": "y", "origin": [7, 3, 4]},
			"faces": {
				"north": {"uv": [6, 6, 6.6, 7.5], "texture": "#0"},
				"east": {"uv": [5, 6, 6.5, 7.5], "texture": "#0"},
				"south": {"uv": [5, 6, 5.6, 7.5], "texture": "#0"},
				"west": {"uv": [5, 6, 6.5, 7.5], "texture": "#0"},
				"up": {"uv": [6, 6, 6.6, 7.5], "texture": "#0"},
				"down": {"uv": [5, 6, 5.6, 7.5], "texture": "#0"}
			}
		},
		{
			"from": [7, 0, 4.4],
			"to": [9, 1, 6],
			"rotation": {"angle": 0, "axis": "y", "origin": [7, 3, 6]},
			"faces": {
				"north": {"uv": [0, 0, 2, 1], "texture": "#0"},
				"east": {"uv": [0, 0, 1.6, 1], "texture": "#0"},
				"south": {"uv": [0, 0, 2, 1], "texture": "#0"},
				"west": {"uv": [0, 0, 1.6, 1], "texture": "#0"},
				"up": {"uv": [0, 0, 2, 1.6], "texture": "#0"},
				"down": {"uv": [0, 0, 2, 1.6], "texture": "#0"}
			}
		},
		{
			"from": [7, 1.275, 1.35],
			"to": [9, 2.275, 5.35],
			"rotation": {"angle": 45, "axis": "x", "origin": [8, 1.8, 3.35]},
			"faces": {
				"north": {"uv": [0, 0, 2, 1], "texture": "#0"},
				"east": {"uv": [0, 0, 4, 1], "texture": "#0"},
				"south": {"uv": [0, 0, 2, 1], "texture": "#0"},
				"west": {"uv": [0, 0, 4, 1], "texture": "#0"},
				"up": {"uv": [0, 0, 2, 4], "texture": "#0"},
				"down": {"uv": [0, 0, 2, 4], "texture": "#0"}
			}
		},
		{
			"from": [7.02, 3.1, 1.7],
			"to": [9.02, 5.3, 3.1],
			"rotation": {"angle": 22.5, "axis": "x", "origin": [8, 4.3, 2.6]},
			"faces": {
				"north": {"uv": [0, 0, 2, 2.2], "texture": "#0"},
				"east": {"uv": [0, 0, 1.4, 2.2], "texture": "#0"},
				"south": {"uv": [0, 0, 2, 2.2], "texture": "#0"},
				"west": {"uv": [0, 0, 1.4, 2.2], "texture": "#0"},
				"up": {"uv": [0, 0, 2, 1.4], "texture": "#0"},
				"down": {"uv": [0, 0, 2, 1.4], "texture": "#0"}
			}
		},
		{
			"from": [7.01, 2.95, 1.15],
			"to": [9.01, 5.45, 2.25],
			"rotation": {"angle": -22.5, "axis": "x", "origin": [8, 4, 1.75]},
			"faces": {
				"north": {"uv": [0, 0, 2, 2.5], "texture": "#0"},
				"east": {"uv": [0, 0, 1.1, 2.5], "texture": "#0"},
				"south": {"uv": [0, 0, 2, 2.5], "texture": "#0"},
				"west": {"uv": [0, 0, 1.1, 2.5], "texture": "#0"},
				"up": {"uv": [0, 0, 2, 1.1], "texture": "#0"},
				"down": {"uv": [0, 0, 2, 1.1], "texture": "#0"}
			}
		},
		{
			"from": [7, 3.16, 17],
			"to": [9, 7, 20.2],
			"rotation": {"angle": 0, "axis": "y", "origin": [7, 3, 6]},
			"faces": {
				"north": {"uv": [0, 0, 2, 3.84], "texture": "#0"},
				"east": {"uv": [0, 0, 3.2, 3.84], "texture": "#0"},
				"south": {"uv": [0, 0, 2, 3.84], "texture": "#0"},
				"west": {"uv": [0, 0, 3.2, 3.84], "texture": "#0"},
				"up": {"uv": [0, 0, 2, 3.2], "texture": "#0"},
				"down": {"uv": [0, 0, 2, 3.2], "texture": "#0"}
			}
		},
		{
			"from": [7, 5, 6],
			"to": [9, 7, 17],
			"rotation": {"angle": 0, "axis": "y", "origin": [7, 3, 6]},
			"faces": {
				"north": {"uv": [0, 0, 2, 2], "texture": "#0"},
				"east": {"uv": [0, 0, 11, 2], "texture": "#0"},
				"south": {"uv": [0, 0, 2, 2], "texture": "#0"},
				"west": {"uv": [0, 0, 11, 2], "texture": "#0"},
				"up": {"uv": [0, 0, 2, 11], "texture": "#0"},
				"down": {"uv": [0, 0, 2, 11], "texture": "#0"}
			}
		},
		{
			"from": [7, 2.8, 11],
			"to": [9, 5, 17],
			"rotation": {"angle": 0, "axis": "y", "origin": [7, 3, 6]},
			"faces": {
				"north": {"uv": [0, 0, 2, 2.2], "texture": "#0"},
				"east": {"uv": [0, 0, 6, 2.2], "texture": "#0"},
				"south": {"uv": [0, 0, 2, 2.2], "texture": "#0"},
				"west": {"uv": [0, 0, 6, 2.2], "texture": "#0"},
				"up": {"uv": [0, 0, 2, 6], "texture": "#0"},
				"down": {"uv": [0, 0, 2, 6], "texture": "#0"}
			}
		},
		{
			"from": [7, -0.7, 12],
			"to": [9, 2.8, 15],
			"rotation": {"angle": 0, "axis": "x", "origin": [8, 1.05, 13.5]},
			"faces": {
				"north": {"uv": [14, 12.5, 16, 16], "texture": "#0"},
				"east": {"uv": [13, 12.5, 16, 16], "texture": "#0"},
				"south": {"uv": [14, 12.5, 16, 16], "texture": "#0"},
				"west": {"uv": [13, 12.5, 16, 16], "texture": "#0"},
				"up": {"uv": [14, 13, 16, 16], "texture": "#0"},
				"down": {"uv": [14, 13, 16, 16], "texture": "#0"}
			}
		},
		{
			"from": [7.01, 2.04, 15.77],
			"to": [9.01, 4.04, 19.77],
			"rotation": {"angle": 22.5, "axis": "x", "origin": [8, 2.5, 17.8]},
			"faces": {
				"north": {"uv": [0, 0, 2, 2], "texture": "#0"},
				"east": {"uv": [0, 0, 4, 2], "texture": "#0"},
				"south": {"uv": [0, 0, 2, 2], "texture": "#0"},
				"west": {"uv": [0, 0, 4, 2], "texture": "#0"},
				"up": {"uv": [0, 0, 2, 4], "texture": "#0"},
				"down": {"uv": [0, 0, 2, 4], "texture": "#0"}
			}
		},
		{
			"from": [7.01, 3.54, 7.33],
			"to": [9.01, 5.54, 11.33],
			"rotation": {"angle": 22.5, "axis": "x", "origin": [8, 4, 9.3]},
			"faces": {
				"north": {"uv": [0, 0, 2, 2], "texture": "#0"},
				"east": {"uv": [0, 0, 4, 2], "texture": "#0"},
				"south": {"uv": [0, 0, 2, 2], "texture": "#0"},
				"west": {"uv": [0, 0, 4, 2], "texture": "#0"},
				"up": {"uv": [0, 0, 2, 4], "texture": "#0"},
				"down": {"uv": [0, 0, 2, 4], "texture": "#0"}
			}
		},
		{
			"from": [7, 7, -1.5],
			"to": [9, 8, 10],
			"rotation": {"angle": 0, "axis": "y", "origin": [7, 5, 4]},
			"faces": {
				"north": {"uv": [0, 0, 2, 1], "texture": "#0"},
				"east": {"uv": [0, 0, 11.5, 1], "texture": "#0"},
				"south": {"uv": [0, 0, 2, 1], "texture": "#0"},
				"west": {"uv": [0, 0, 11.5, 1], "texture": "#0"},
				"up": {"uv": [0, 0, 2, 11.5], "texture": "#0"},
				"down": {"uv": [0, 0, 2, 11.5], "texture": "#0"}
			}
		},
		{
			"from": [7.25, 8, 4.25],
			"to": [8.75, 8.5, 8.75],
			"rotation": {"angle": 0, "axis": "y", "origin": [7, 6, 4]},
			"faces": {
				"north": {"uv": [0, 0, 1.5, 0.5], "texture": "#0"},
				"east": {"uv": [0, 0, 4.5, 0.5], "texture": "#0"},
				"south": {"uv": [0, 0, 1.5, 0.5], "texture": "#0"},
				"west": {"uv": [0, 0, 4.5, 0.5], "texture": "#0"},
				"up": {"uv": [0, 0, 1.5, 4.5], "texture": "#0"},
				"down": {"uv": [0, 0, 1.5, 4.5], "texture": "#0"}
			}
		},
		{
			"from": [7, 8.5, 3.75],
			"to": [9, 10.5, 9.75],
			"rotation": {"angle": 0, "axis": "y", "origin": [7, 6, 4]},
			"faces": {
				"north": {"uv": [8, 5, 12, 9], "texture": "#0"},
				"east": {"uv": [5, 1, 11, 3], "texture": "#0"},
				"south": {"uv": [8, 5, 12, 9], "texture": "#0"},
				"west": {"uv": [5, 1, 11, 3], "texture": "#0"},
				"up": {"uv": [1, 5, 3, 11], "texture": "#0"},
				"down": {"uv": [1, 5, 3, 11], "texture": "#0"}
			}
		},
		{
			"from": [7.01, 5.69, -2.04],
			"to": [9.01, 6.69, -0.54],
			"rotation": {"angle": -45, "axis": "x", "origin": [8, 6.2, -2.6]},
			"faces": {
				"north": {"uv": [2, 0, 4, 1], "texture": "#0"},
				"east": {"uv": [4, 0, 5.5, 1], "texture": "#0"},
				"south": {"uv": [2, 0, 4, 1], "texture": "#0"},
				"west": {"uv": [4, 0, 5.5, 1], "texture": "#0"},
				"up": {"uv": [0, 4, 2, 5.5], "texture": "#0"},
				"down": {"uv": [0, 4, 2, 5.5], "texture": "#0"}
			}
		},
		{
			"from": [7.01, 6.25, 9.68],
			"to": [9.01, 7.25, 13.68],
			"rotation": {"angle": 22.5, "axis": "x", "origin": [8, 6.8, 11.7]},
			"faces": {
				"north": {"uv": [2, 0, 4, 1], "texture": "#0"},
				"east": {"uv": [4, 0, 8, 1], "texture": "#0"},
				"south": {"uv": [2, 0, 4, 1], "texture": "#0"},
				"west": {"uv": [4, 0, 8, 1], "texture": "#0"},
				"up": {"uv": [2, 0, 4, 4], "texture": "#0"},
				"down": {"uv": [2, 0, 4, 4], "texture": "#0"}
			}
		},
		{
			"from": [7, 5, -3],
			"to": [9, 7, 6],
			"rotation": {"angle": 0, "axis": "y", "origin": [7, 3, 6]},
			"faces": {
				"north": {"uv": [0, 0, 2, 2], "texture": "#0"},
				"east": {"uv": [0, 0, 9, 2], "texture": "#0"},
				"south": {"uv": [0, 0, 2, 2], "texture": "#0"},
				"west": {"uv": [0, 0, 9, 2], "texture": "#0"},
				"up": {"uv": [0, 0, 2, 9], "texture": "#0"},
				"down": {"uv": [0, 0, 2, 9], "texture": "#0"}
			}
		},
		{
			"name": "octagon",
			"from": [7.74112, 5.375, -11],
			"to": [8.25888, 5.725, -3],
			"rotation": {"angle": 45, "axis": "z", "origin": [8, 6, -4]},
			"faces": {
				"north": {"uv": [0, 0, 1, 1], "texture": "#0"},
				"east": {"uv": [0, 0, 1, 1], "texture": "#0"},
				"south": {"uv": [0, 0, 1, 1], "texture": "#0"},
				"west": {"uv": [0, 0, 1, 1], "texture": "#0"},
				"up": {"uv": [0, 0, 1, 1], "texture": "#0"},
				"down": {"uv": [0, 0, 1, 8], "texture": "#0"}
			}
		},
		{
			"name": "octagon",
			"from": [7.74112, 5.375, -11],
			"to": [8.25888, 5.725, -3],
			"rotation": {"angle": 0, "axis": "y", "origin": [8, 6, -4]},
			"faces": {
				"north": {"uv": [0, 0, 1, 1], "texture": "#0"},
				"east": {"uv": [0, 0, 1, 1], "texture": "#0"},
				"south": {"uv": [0, 0, 1, 1], "texture": "#0"},
				"west": {"uv": [0, 0, 1, 1], "texture": "#0"},
				"up": {"uv": [0, 0, 1, 1], "texture": "#0"},
				"down": {"uv": [0, 0, 1, 8], "texture": "#0"}
			}
		},
		{
			"name": "octagon",
			"from": [7.74112, 6.275, -11],
			"to": [8.25888, 6.625, -3],
			"rotation": {"angle": 45, "axis": "z", "origin": [8, 6, -4]},
			"faces": {
				"north": {"uv": [0, 0, 1, 1], "texture": "#0"},
				"east": {"uv": [0, 0, 1, 1], "texture": "#0"},
				"south": {"uv": [0, 0, 1, 1], "texture": "#0"},
				"west": {"uv": [0, 0, 1, 1], "texture": "#0"},
				"up": {"uv": [0, 0, 1, 8], "texture": "#0"},
				"down": {"uv": [0, 0, 1, 1], "texture": "#0"}
			}
		},
		{
			"name": "octagon",
			"from": [7.74112, 6.275, -11],
			"to": [8.25888, 6.625, -3],
			"rotation": {"angle": 0, "axis": "y", "origin": [8, 6, -4]},
			"faces": {
				"north": {"uv": [0, 0, 1, 1], "texture": "#0"},
				"east": {"uv": [0, 0, 1, 1], "texture": "#0"},
				"south": {"uv": [0, 0, 1, 1], "texture": "#0"},
				"west": {"uv": [0, 0, 1, 1], "texture": "#0"},
				"up": {"uv": [0, 0, 1, 8], "texture": "#0"},
				"down": {"uv": [0, 0, 1, 1], "texture": "#0"}
			}
		},
		{
			"name": "octagon",
			"from": [7.375, 5.74112, -11],
			"to": [7.725, 6.25888, -3],
			"rotation": {"angle": 45, "axis": "z", "origin": [8, 6, -4]},
			"faces": {
				"north": {"uv": [0, 0, 1, 1], "texture": "#0"},
				"east": {"uv": [0, 0, 1, 1], "texture": "#0"},
				"south": {"uv": [0, 0, 1, 1], "texture": "#0"},
				"west": {"uv": [0, 0, 8, 1], "texture": "#0"},
				"up": {"uv": [0, 0, 1, 1], "texture": "#0"},
				"down": {"uv": [0, 0, 1, 1], "texture": "#0"}
			}
		},
		{
			"name": "octagon",
			"from": [7.375, 5.74112, -11],
			"to": [7.725, 6.25888, -3],
			"rotation": {"angle": 0, "axis": "y", "origin": [8, 6, -4]},
			"faces": {
				"north": {"uv": [0, 0, 1, 1], "texture": "#0"},
				"east": {"uv": [0, 0, 1, 1], "texture": "#0"},
				"south": {"uv": [0, 0, 1, 1], "texture": "#0"},
				"west": {"uv": [0, 0, 8, 1], "texture": "#0"},
				"up": {"uv": [0, 0, 1, 1], "texture": "#0"},
				"down": {"uv": [0, 0, 1, 1], "texture": "#0"}
			}
		},
		{
			"name": "octagon",
			"from": [8.275, 5.74112, -11],
			"to": [8.625, 6.25888, -3],
			"rotation": {"angle": 45, "axis": "z", "origin": [8, 6, -4]},
			"faces": {
				"north": {"uv": [0, 0, 1, 1], "texture": "#0"},
				"east": {"uv": [0, 0, 8, 1], "texture": "#0"},
				"south": {"uv": [0, 0, 1, 1], "texture": "#0"},
				"west": {"uv": [0, 0, 1, 1], "texture": "#0"},
				"up": {"uv": [0, 0, 1, 1], "texture": "#0"},
				"down": {"uv": [0, 0, 1, 1], "texture": "#0"}
			}
		},
		{
			"name": "octagon",
			"from": [8.275, 5.74112, -11],
			"to": [8.625, 6.25888, -3],
			"rotation": {"angle": 0, "axis": "y", "origin": [8, 6, -4]},
			"faces": {
				"north": {"uv": [0, 0, 1, 1], "texture": "#0"},
				"east": {"uv": [0, 0, 8, 1], "texture": "#0"},
				"south": {"uv": [0, 0, 1, 1], "texture": "#0"},
				"west": {"uv": [0, 0, 1, 1], "texture": "#0"},
				"up": {"uv": [0, 0, 1, 1], "texture": "#0"},
				"down": {"uv": [0, 0, 1, 1], "texture": "#0"}
			}
		},
		{
			"name": "octagon",
			"from": [7.79289, 5.5, -10.75],
			"to": [8.20711, 6.5, -10.75],
			"rotation": {"angle": 45, "axis": "z", "origin": [8, 6, -9.75]},
			"faces": {
				"north": {"uv": [5, 9, 6, 10], "texture": "#0"},
				"east": {"uv": [5, 9, 6, 10], "texture": "#0"},
				"south": {"uv": [5, 9, 6, 10], "texture": "#0"},
				"west": {"uv": [5, 9, 6, 10], "texture": "#0"},
				"up": {"uv": [5, 9, 6, 10], "texture": "#0"},
				"down": {"uv": [5, 9, 6, 10], "texture": "#0"}
			}
		},
		{
			"name": "octagon",
			"from": [7.79289, 5.5, -10.75],
			"to": [8.20711, 6.5, -10.75],
			"rotation": {"angle": 0, "axis": "z", "origin": [8, 6, -9.75]},
			"faces": {
				"north": {"uv": [5, 9, 6, 10], "texture": "#0"},
				"east": {"uv": [5, 9, 6, 10], "texture": "#0"},
				"south": {"uv": [5, 9, 6, 10], "texture": "#0"},
				"west": {"uv": [5, 9, 6, 10], "texture": "#0"},
				"up": {"uv": [5, 9, 6, 10], "texture": "#0"},
				"down": {"uv": [5, 9, 6, 10], "texture": "#0"}
			}
		},
		{
			"name": "octagon",
			"from": [7.5, 5.79289, -10.75],
			"to": [8.5, 6.20711, -10.75],
			"rotation": {"angle": 45, "axis": "z", "origin": [8, 6, -9.75]},
			"faces": {
				"north": {"uv": [5, 9, 6, 10], "texture": "#0"},
				"east": {"uv": [5, 9, 6, 10], "texture": "#0"},
				"south": {"uv": [5, 9, 6, 10], "texture": "#0"},
				"west": {"uv": [5, 9, 6, 10], "texture": "#0"},
				"up": {"uv": [5, 9, 6, 10], "texture": "#0"},
				"down": {"uv": [5, 9, 6, 10], "texture": "#0"}
			}
		},
		{
			"name": "octagon",
			"from": [7.5, 5.79289, -10.75],
			"to": [8.5, 6.20711, -10.75],
			"rotation": {"angle": 0, "axis": "z", "origin": [8, 6, -9.75]},
			"faces": {
				"north": {"uv": [5, 9, 6, 10], "texture": "#0"},
				"east": {"uv": [5, 9, 6, 10], "texture": "#0"},
				"south": {"uv": [5, 9, 6, 10], "texture": "#0"},
				"west": {"uv": [5, 9, 6, 10], "texture": "#0"},
				"up": {"uv": [5, 9, 6, 10], "texture": "#0"},
				"down": {"uv": [5, 9, 6, 10], "texture": "#0"}
			}
		}
	],
	"display": {
		"thirdperson_righthand": {
			"translation": [0, 3, 3.75]
		},
		"thirdperson_lefthand": {
			"translation": [0, 3, 3.75]
		},
		"firstperson_righthand": {
			"translation": [0, 5, 3.25]
		},
		"firstperson_lefthand": {
			"translation": [0, 5, 3.25]
		},
		"ground": {
			"rotation": [0, 0, -90],
			"translation": [2.25, -2, 2.5],
			"scale": [0.9, 0.9, 0.9]
		},
		"gui": {
			"rotation": [24, 124, 0],
			"translation": [0.75, 1.75, 0]
		},
		"head": {
			"translation": [0, 0, 6.5]
		}
	},
	"groups": [
		0,
		1,
		2,
		3,
		4,
		5,
		6,
		7,
		8,
		9,
		10,
		11,
		12,
		13,
		14,
		15,
		16,
		17,
		{
			"name": "octagon",
			"origin": [8, 8, 8],
			"color": 0,
			"children": [18, 19, 20, 21, 22, 23, 24, 25]
		},
		{
			"name": "octagon",
			"origin": [8, 8, 8],
			"color": 0,
			"children": [26, 27, 28, 29]
		}
	]
}