{
	"credit": "Made with Blockbench",
	"textures": {
		"0": "gun_ammo/old_laser_pistol",
		"particle": "gun_ammo/old_laser_pistol"
	},
	"elements": [
		{
			"from": [6.5, 4.5, 10],
			"to": [9.5, 8.5, 11],
			"rotation": {"angle": 0, "axis": "y", "origin": [8, 5, 9]},
			"faces": {
				"north": {"uv": [0, 0, 3, 4], "texture": "#0"},
				"east": {"uv": [5, 0, 6, 4], "texture": "#0"},
				"south": {"uv": [5, 0, 8, 4], "texture": "#0"},
				"west": {"uv": [5, 0, 6, 4], "texture": "#0"},
				"up": {"uv": [0, 0, 3, 1], "texture": "#0"},
				"down": {"uv": [0, 0, 3, 1], "texture": "#0"}
			}
		},
		{
			"from": [6.5, 4.5, 2],
			"to": [9.5, 8.5, 6],
			"rotation": {"angle": 0, "axis": "y", "origin": [8, 5, 9]},
			"faces": {
				"north": {"uv": [2, 0, 5, 4], "texture": "#0"},
				"east": {"uv": [4, 0, 8, 4], "texture": "#0"},
				"south": {"uv": [2, 0, 5, 4], "texture": "#0"},
				"west": {"uv": [4, 0, 8, 4], "texture": "#0"},
				"up": {"uv": [2, 0, 5, 4], "texture": "#0"},
				"down": {"uv": [2, 0, 5, 4], "texture": "#0"}
			}
		},
		{
			"from": [6, 4.5, 0],
			"to": [10, 8.5, 2],
			"rotation": {"angle": 0, "axis": "y", "origin": [8, 5, 9]},
			"faces": {
				"north": {"uv": [0, 0, 4, 4], "texture": "#0"},
				"east": {"uv": [0, 0, 2, 4], "texture": "#0"},
				"south": {"uv": [0, 0, 4, 4], "texture": "#0"},
				"west": {"uv": [0, 0, 2, 4], "texture": "#0"},
				"up": {"uv": [2, 1, 6, 3], "texture": "#0"},
				"down": {"uv": [0, 0, 4, 2], "texture": "#0"}
			}
		},
		{
			"from": [6, 4.5, -1],
			"to": [10, 5.5, 0],
			"rotation": {"angle": 0, "axis": "y", "origin": [8, 5, 9]},
			"faces": {
				"north": {"uv": [0, 2, 4, 3], "texture": "#0"},
				"east": {"uv": [0, 0, 1, 1], "texture": "#0"},
				"south": {"uv": [0, 0, 4, 1], "texture": "#0"},
				"west": {"uv": [0, 0, 1, 1], "texture": "#0"},
				"up": {"uv": [0, 0, 4, 1], "texture": "#0"},
				"down": {"uv": [0, 0, 4, 1], "texture": "#0"}
			}
		},
		{
			"from": [7.5, 6, -0.5],
			"to": [8.5, 7, 0.5],
			"rotation": {"angle": 0, "axis": "y", "origin": [8, 5, 9]},
			"faces": {
				"north": {"uv": [11, 0, 12, 1], "texture": "#0"},
				"east": {"uv": [11, 0, 12, 1], "texture": "#0"},
				"south": {"uv": [11, 0, 12, 1], "texture": "#0"},
				"west": {"uv": [11, 0, 12, 1], "texture": "#0"},
				"up": {"uv": [11, 0, 12, 1], "texture": "#0"},
				"down": {"uv": [11, 0, 12, 1], "texture": "#0"}
			}
		},
		{
			"from": [9, 5.5, -1],
			"to": [10, 7.5, 0],
			"rotation": {"angle": 0, "axis": "y", "origin": [8, 5, 9]},
			"faces": {
				"north": {"uv": [1, 1, 2, 3], "texture": "#0"},
				"east": {"uv": [0, 0, 1, 2], "texture": "#0"},
				"south": {"uv": [0, 0, 1, 2], "texture": "#0"},
				"west": {"uv": [0, 0, 1, 2], "texture": "#0"},
				"up": {"uv": [0, 0, 1, 1], "texture": "#0"},
				"down": {"uv": [0, 0, 1, 1], "texture": "#0"}
			}
		},
		{
			"from": [6, 5.5, -1],
			"to": [7, 7.5, 0],
			"rotation": {"angle": 0, "axis": "y", "origin": [8, 5, 9]},
			"faces": {
				"north": {"uv": [3, 1, 4, 3], "texture": "#0"},
				"east": {"uv": [0, 0, 1, 2], "texture": "#0"},
				"south": {"uv": [0, 0, 1, 2], "texture": "#0"},
				"west": {"uv": [0, 0, 1, 2], "texture": "#0"},
				"up": {"uv": [0, 0, 1, 1], "texture": "#0"},
				"down": {"uv": [0, 0, 1, 1], "texture": "#0"}
			}
		},
		{
			"from": [6, 7.5, -1],
			"to": [10, 8.5, 0],
			"rotation": {"angle": 0, "axis": "y", "origin": [8, 5, 9]},
			"faces": {
				"north": {"uv": [2, 1, 6, 2], "texture": "#0"},
				"east": {"uv": [0, 0, 1, 1], "texture": "#0"},
				"south": {"uv": [0, 0, 4, 1], "texture": "#0"},
				"west": {"uv": [0, 0, 1, 1], "texture": "#0"},
				"up": {"uv": [0, 2, 4, 3], "texture": "#0"},
				"down": {"uv": [0, 0, 4, 1], "texture": "#0"}
			}
		},
		{
			"from": [6.4999, 4.5, 6],
			"to": [9.4999, 6.5, 10],
			"rotation": {"angle": 0, "axis": "y", "origin": [8, 5, 9]},
			"faces": {
				"north": {"uv": [0, 0, 3, 2], "texture": "#0"},
				"east": {"uv": [0, 2, 4, 4], "texture": "#0"},
				"south": {"uv": [0, 0, 3, 2], "texture": "#0"},
				"west": {"uv": [4, 2, 8, 4], "texture": "#0"},
				"up": {"uv": [0, 0, 3, 4], "texture": "#0"},
				"down": {"uv": [0, 0, 3, 4], "texture": "#0"}
			}
		},
		{
			"from": [7.5, 2.5, 5.5],
			"to": [8.5, 4.5, 7.5],
			"rotation": {"angle": 0, "axis": "y", "origin": [8, 5, 7]},
			"faces": {
				"north": {"uv": [15, 11, 16, 13], "texture": "#0"},
				"east": {"uv": [14, 11, 16, 13], "texture": "#0"},
				"south": {"uv": [14, 11, 15, 13], "texture": "#0"},
				"west": {"uv": [14, 11, 16, 13], "texture": "#0"},
				"up": {"uv": [15, 11, 16, 13], "texture": "#0"},
				"down": {"uv": [14, 11, 15, 13], "texture": "#0"}
			}
		},
		{
			"from": [7, -0.5, 7.4],
			"to": [9, 4.5, 9.4],
			"rotation": {"angle": -22.5, "axis": "x", "origin": [8, 2.5, 7]},
			"faces": {
				"north": {"uv": [14, 8, 16, 13], "texture": "#0"},
				"east": {"uv": [14, 8, 16, 13], "texture": "#0"},
				"south": {"uv": [14, 8, 16, 13], "texture": "#0"},
				"west": {"uv": [14, 8, 16, 13], "texture": "#0"},
				"up": {"uv": [14, 11, 16, 13], "texture": "#0"},
				"down": {"uv": [6, 2, 8, 4], "texture": "#0"}
			}
		},
		{
			"from": [7, -1.5, 7.4],
			"to": [9, -0.5, 9.4],
			"rotation": {"angle": -22.5, "axis": "x", "origin": [8, 2.5, 7]},
			"faces": {
				"north": {"uv": [6, 3, 8, 4], "texture": "#0"},
				"east": {"uv": [6, 3, 8, 4], "texture": "#0"},
				"south": {"uv": [6, 3, 8, 4], "texture": "#0"},
				"west": {"uv": [6, 3, 8, 4], "texture": "#0"},
				"up": {"uv": [6, 2, 8, 4], "texture": "#0"},
				"down": {"uv": [6, 2, 8, 4], "texture": "#0"}
			}
		},
		{
			"from": [8, 6, 6],
			"to": [9.5, 8.5, 10],
			"rotation": {"angle": 0, "axis": "y", "origin": [8, 5, 9]},
			"faces": {
				"north": {"uv": [0, 0, 1.5, 2.5], "texture": "#0"},
				"east": {"uv": [0, 0, 4, 2.5], "texture": "#0"},
				"south": {"uv": [0, 0, 1.5, 2.5], "texture": "#0"},
				"west": {"uv": [0, 0, 4, 2.5], "texture": "#0"},
				"up": {"uv": [0, 0, 1.5, 4], "texture": "#0"},
				"down": {"uv": [0, 0, 1.5, 4], "texture": "#0"}
			}
		},
		{
			"from": [6.5, 6.5, 6.5],
			"to": [8, 8.5, 9.5],
			"faces": {
				"north": {"uv": [14.5, 0, 16, 2], "texture": "#0"},
				"east": {"uv": [13, 0, 16, 2], "texture": "#0"},
				"south": {"uv": [14.5, 0, 16, 2], "texture": "#0"},
				"west": {"uv": [13, 0, 16, 2], "texture": "#0"},
				"up": {"uv": [14.5, 0, 16, 3], "texture": "#0"},
				"down": {"uv": [14.5, 0, 16, 3], "texture": "#0"}
			}
		},
		{
			"from": [6.85, 6.75, 6],
			"to": [7.6, 7.5, 6.5],
			"faces": {
				"north": {"uv": [15, 3, 15.75, 3.75], "texture": "#0"},
				"east": {"uv": [15, 3, 15.5, 3.75], "texture": "#0"},
				"south": {"uv": [14, 3, 14.75, 3.75], "texture": "#0"},
				"west": {"uv": [15, 4, 15.5, 4.75], "texture": "#0"},
				"up": {"uv": [14, 4, 14.75, 4.5], "texture": "#0"},
				"down": {"uv": [15, 4, 15.75, 4.5], "texture": "#0"}
			}
		},
		{
			"from": [6.85, 7.65, 6.25],
			"to": [7.6, 8.4, 6.5],
			"faces": {
				"north": {"uv": [15, 3, 15.75, 3.75], "texture": "#0"},
				"east": {"uv": [15, 4, 15.25, 4.75], "texture": "#0"},
				"south": {"uv": [14, 4, 14.75, 4.75], "texture": "#0"},
				"west": {"uv": [15, 3, 15.25, 3.75], "texture": "#0"},
				"up": {"uv": [14, 3, 14.75, 3.25], "texture": "#0"},
				"down": {"uv": [15, 4, 15.75, 4.25], "texture": "#0"}
			}
		},
		{
			"from": [6.75, 6.75, 9.5],
			"to": [7.75, 8.25, 10],
			"faces": {
				"north": {"uv": [15, 3, 16, 4.5], "texture": "#0"},
				"east": {"uv": [14, 3, 14.5, 4.5], "texture": "#0"},
				"south": {"uv": [14, 3, 15, 4.5], "texture": "#0"},
				"west": {"uv": [15.5, 3, 16, 4.5], "texture": "#0"},
				"up": {"uv": [15, 4, 16, 4.5], "texture": "#0"},
				"down": {"uv": [14, 3, 15, 3.5], "texture": "#0"}
			}
		}
	],
	"display": {
		"thirdperson_righthand": {
			"translation": [0, 2.75, 0.75],
			"scale": [0.75, 0.75, 0.75]
		},
		"thirdperson_lefthand": {
			"translation": [0, 2.75, 0.75],
			"scale": [0.75, 0.75, 0.75]
		},
		"firstperson_righthand": {
			"translation": [0.5, 2.5, 1.25]
		},
		"firstperson_lefthand": {
			"translation": [0.5, 2.5, 1.25]
		},
		"ground": {
			"rotation": [0, 0, 90],
			"translation": [-1.5, -2.5, 1.5],
			"scale": [0.75, 0.75, 0.75]
		},
		"gui": {
			"rotation": [21, 133, 0],
			"translation": [1.75, 2.75, 0]
		},
		"head": {
			"translation": [0, -2, 0]
		},
		"fixed": {
			"rotation": [0, -90, 0],
			"translation": [-2.25, 2.5, -0.25]
		}
	}
}