{
    "sources": [
        {
            "type": "directory",
            "source": "block",
            "prefix": "block/"
        },
        {
            "type": "directory",
            "source": "item",
            "prefix": "item/"
        },
        {
            "type": "directory",
            "source": "entity/conduit",
            "prefix": "entity/conduit/"
        },
        {
            "type": "single",
            "resource": "entity/bell/bell_body"
        },
        {
            "type": "single",
            "resource": "entity/enchanting_table_book"
        },
        {
            "type": "directory",
            "source": "custom",
            "prefix": "custom/"
        },
        {
            "type": "directory",
            "source": "bullet",
            "prefix": "bullet/"
        },
        {
            "type": "directory",
            "source": "dummy",
            "prefix": "dummy/"
        },
        {
            "type": "directory",
            "source": "flags",
            "prefix": "flags/"
        },
        {
            "type": "directory",
            "source": "items",
            "prefix": "items/"
        },
        {
            "type": "directory",
            "source": "thumbnails",
            "prefix": "thumbnails/"
        },
        {
            "type": "directory",
            "source": "tools",
            "prefix": "tools/"
        },
        {
            "type": "directory",
            "source": "weapon",
            "prefix": "weapon/"
        }
    ]
}