{
    "parent": "item/template_spawn_egg",
    
    "overrides": [
		{ "predicate": {"custom_model_data":1}, "model": "item/thumbnails/a5m"},
		{ "predicate": {"custom_model_data":2}, "model": "item/thumbnails/ki-43"},
		{ "predicate": {"custom_model_data":3}, "model": "item/thumbnails/d3a"},
		{ "predicate": {"custom_model_data":4}, "model": "item/thumbnails/ki-21"},
		{ "predicate": {"custom_model_data":5}, "model": "item/thumbnails/a6m2"},
		{ "predicate": {"custom_model_data":6}, "model": "item/flags/rising-sun"},
		{ "predicate": {"custom_model_data":7}, "model": "item/thumbnails/ki-44"},
		{ "predicate": {"custom_model_data":8}, "model": "item/thumbnails/d4y"},
		{ "predicate": {"custom_model_data":9}, "model": "item/thumbnails/j2m3"},
		{ "predicate": {"custom_model_data":10}, "model": "item/thumbnails/g4m1"},
		{ "predicate": {"custom_model_data":11}, "model": "item/thumbnails/a6m5"},
		{ "predicate": {"custom_model_data":12}, "model": "item/thumbnails/ki-61"},
		{ "predicate": {"custom_model_data":13}, "model": "item/thumbnails/n1k2"},
		{ "predicate": {"custom_model_data":14}, "model": "item/thumbnails/ki-49"},
		{ "predicate": {"custom_model_data":15}, "model": "item/thumbnails/f4u1"},
		{ "predicate": {"custom_model_data":16}, "model": "item/thumbnails/fw190d9"},
		{ "predicate": {"custom_model_data":17}, "model": "item/thumbnails/swordfish"},
		{ "predicate": {"custom_model_data":18}, "model": "item/thumbnails/spitfiremkix"},
		{ "predicate": {"custom_model_data":19}, "model": "item/thumbnails/fireflymkv"},
		{ "predicate": {"custom_model_data":20}, "model": "item/thumbnails/seafuryfb11"},
		{ "predicate": {"custom_model_data":21}, "model": "item/thumbnails/bf109g"},
		{ "predicate": {"custom_model_data":22}, "model": "item/thumbnails/ju87b"},
		{ "predicate": {"custom_model_data":23}, "model": "item/thumbnails/me262a1a"},
		{ "predicate": {"custom_model_data":24}, "model": "item/thumbnails/sbd3"},
		{ "predicate": {"custom_model_data":25}, "model": "item/thumbnails/p47d"},
		{ "predicate": {"custom_model_data":26}, "model": "item/thumbnails/p38l"},
		{ "predicate": {"custom_model_data":27}, "model": "item/thumbnails/meteorf8"},
		{ "predicate": {"custom_model_data":28}, "model": "item/thumbnails/b17g"},
		{ "predicate": {"custom_model_data":30}, "model": "item/thumbnails/f86f"},
		{ "predicate": {"custom_model_data":31}, "model": "item/thumbnails/mig15bis"},
		{ "predicate": {"custom_model_data":32}, "model": "item/thumbnails/p51d"},
		{ "predicate": {"custom_model_data":33}, "model": "item/thumbnails/tbf"},
		{ "predicate": {"custom_model_data":34}, "model": "item/thumbnails/p39n"},
		{ "predicate": {"custom_model_data":38}, "model": "item/thumbnails/yak9u"},
		{ "predicate": {"custom_model_data":39}, "model": "item/thumbnails/la5"},
		{ "predicate": {"custom_model_data":40}, "model": "item/thumbnails/il2"},
		{ "predicate": {"custom_model_data":41}, "model": "item/thumbnails/pe2"},
		{ "predicate": {"custom_model_data":42}, "model": "item/thumbnails/d520"},
		{ "predicate": {"custom_model_data":43}, "model": "item/thumbnails/mc202"},
		{ "predicate": {"custom_model_data":44}, "model": "item/thumbnails/saab21"},
		{ "predicate": {"custom_model_data":45}, "model": "item/thumbnails/saab29f"},
		{ "predicate": {"custom_model_data":46}, "model": "item/thumbnails/re2005"},
		{ "predicate": {"custom_model_data":47}, "model": "item/thumbnails/hurricanemkiic"},
		{ "predicate": {"custom_model_data":48}, "model": "item/thumbnails/spitfiremkv"},
		{ "predicate": {"custom_model_data":49}, "model": "item/thumbnails/mosquitobmk16"},
		{ "predicate": {"custom_model_data":50}, "model": "item/thumbnails/lancastermk3"},
		{ "predicate": {"custom_model_data":51}, "model": "item/thumbnails/hunterf6"},
		{ "predicate": {"custom_model_data":52}, "model": "item/thumbnails/venomfb4"}
    ]
}