{
	"parent": "item/handheld",
	"textures": {
		"layer0": "item/diamond_sword"
	},
	"overrides": [
		{ "predicate": {"custom_model_data": 1}, "model": "item/diamond_sword/f4u-parking"},
		{ "predicate": {"custom_model_data": 2}, "model": "item/diamond_sword/f4u-rolling"},
		{ "predicate": {"custom_model_data": 3}, "model": "item/diamond_sword/f4u-flying"},
		{ "predicate": {"custom_model_data": 4}, "model": "item/diamond_sword/fw190-parking"},
		{ "predicate": {"custom_model_data": 5}, "model": "item/diamond_sword/fw190-rolling"},
		{ "predicate": {"custom_model_data": 6}, "model": "item/diamond_sword/fw190-flying"},
		{ "predicate": {"custom_model_data": 7}, "model": "item/diamond_sword/a6m5-parking"},
		{ "predicate": {"custom_model_data": 8}, "model": "item/diamond_sword/a6m5-rolling"},
		{ "predicate": {"custom_model_data": 9}, "model": "item/diamond_sword/a6m5-flying"},
		{ "predicate": {"custom_model_data": 10}, "model": "item/diamond_sword/yak-9-parking"},
		{ "predicate": {"custom_model_data": 11}, "model": "item/diamond_sword/yak-9-rolling"},
		{ "predicate": {"custom_model_data": 12}, "model": "item/diamond_sword/yak-9-flying"},
		{ "predicate": {"custom_model_data": 13}, "model": "item/diamond_sword/mc202-parking"},
		{ "predicate": {"custom_model_data": 14}, "model": "item/diamond_sword/mc202-rolling"},
		{ "predicate": {"custom_model_data": 15}, "model": "item/diamond_sword/mc202-flying"},
		{ "predicate": {"custom_model_data": 16}, "model": "item/diamond_sword/spitfire-parking"},
		{ "predicate": {"custom_model_data": 17}, "model": "item/diamond_sword/spitfire-rolling"},
		{ "predicate": {"custom_model_data": 18}, "model": "item/diamond_sword/spitfire-flying"},
		{ "predicate": {"custom_model_data": 19}, "model": "item/diamond_sword/saab21-parking"},
		{ "predicate": {"custom_model_data": 20}, "model": "item/diamond_sword/saab21-rolling"},
		{ "predicate": {"custom_model_data": 21}, "model": "item/diamond_sword/saab21-flying"},
		{ "predicate": {"custom_model_data": 22}, "model": "item/diamond_sword/sbd-parking"},
		{ "predicate": {"custom_model_data": 23}, "model": "item/diamond_sword/sbd-rolling"},
		{ "predicate": {"custom_model_data": 24}, "model": "item/diamond_sword/sbd-flying"},
		{ "predicate": {"custom_model_data": 25}, "model": "item/diamond_sword/4000lb-cookie"},
		{ "predicate": {"custom_model_data": 26}, "model": "item/diamond_sword/sbd-bomb"},
		{ "predicate": {"custom_model_data": 27}, "model": "item/diamond_sword/d4y-parking"},
		{ "predicate": {"custom_model_data": 28}, "model": "item/diamond_sword/d4y-rolling"},
		{ "predicate": {"custom_model_data": 29}, "model": "item/diamond_sword/d4y-flying"},
		{ "predicate": {"custom_model_data": 30}, "model": "item/diamond_sword/ju87-parking"},
		{ "predicate": {"custom_model_data": 31}, "model": "item/diamond_sword/ju87-flying"},
		{ "predicate": {"custom_model_data": 32}, "model": "item/diamond_sword/ju87-rightwing"},
		{ "predicate": {"custom_model_data": 33}, "model": "item/diamond_sword/sc250-bomb"},
		{ "predicate": {"custom_model_data": 34}, "model": "item/diamond_sword/il2-parking"},
		{ "predicate": {"custom_model_data": 35}, "model": "item/diamond_sword/il2-rolling"},
		{ "predicate": {"custom_model_data": 36}, "model": "item/diamond_sword/il2-flying"},
		{ "predicate": {"custom_model_data": 37}, "model": "item/diamond_sword/il2-rightwing"},
		{ "predicate": {"custom_model_data": 38}, "model": "item/diamond_sword/firefly-parking"},
		{ "predicate": {"custom_model_data": 39}, "model": "item/diamond_sword/firefly-rolling"},
		{ "predicate": {"custom_model_data": 40}, "model": "item/diamond_sword/firefly-flying"},
		{ "predicate": {"custom_model_data": 41}, "model": "item/diamond_sword/d520-parking"},
		{ "predicate": {"custom_model_data": 42}, "model": "item/diamond_sword/d520-rolling"},
		{ "predicate": {"custom_model_data": 43}, "model": "item/diamond_sword/d520-flying"},
		{ "predicate": {"custom_model_data": 44}, "model": "item/diamond_sword/b6n-parking"},
		{ "predicate": {"custom_model_data": 45}, "model": "item/diamond_sword/b6n-rolling"},
		{ "predicate": {"custom_model_data": 46}, "model": "item/diamond_sword/b6n-flying"},
		{ "predicate": {"custom_model_data": 47}, "model": "item/diamond_sword/b6n-rightwing"},
		{ "predicate": {"custom_model_data": 48}, "model": "item/diamond_sword/type91-torpedo"},
		{ "predicate": {"custom_model_data": 49}, "model": "item/diamond_sword/swordfish-parking"},
		{ "predicate": {"custom_model_data": 50}, "model": "item/diamond_sword/swordfish-flying"},
		{ "predicate": {"custom_model_data": 51}, "model": "item/diamond_sword/swordfish-rightwing"},
		{ "predicate": {"custom_model_data": 52}, "model": "item/diamond_sword/1670lb-torpedo"},
		{ "predicate": {"custom_model_data": 53}, "model": "item/diamond_sword/bf109-parking"},
		{ "predicate": {"custom_model_data": 54}, "model": "item/diamond_sword/bf109-rolling"},
		{ "predicate": {"custom_model_data": 55}, "model": "item/diamond_sword/bf109-flying"},
		{ "predicate": {"custom_model_data": 56}, "model": "item/diamond_sword/p-47-parking"},
		{ "predicate": {"custom_model_data": 57}, "model": "item/diamond_sword/p-47-rolling"},
		{ "predicate": {"custom_model_data": 58}, "model": "item/diamond_sword/p-47-flying"},
		{ "predicate": {"custom_model_data": 59}, "model": "item/diamond_sword/la5-parking"},
		{ "predicate": {"custom_model_data": 60}, "model": "item/diamond_sword/la5-rolling"},
		{ "predicate": {"custom_model_data": 61}, "model": "item/diamond_sword/la5-flying"},
		{ "predicate": {"custom_model_data": 62}, "model": "item/diamond_sword/f-86-parking"},
		{ "predicate": {"custom_model_data": 63}, "model": "item/diamond_sword/f-86-flying"},
		{ "predicate": {"custom_model_data": 64}, "model": "item/diamond_sword/f4u-rightwing"},
		{ "predicate": {"custom_model_data": 65}, "model": "item/diamond_sword/f4u-leftwing"},
		{ "predicate": {"custom_model_data": 66}, "model": "item/diamond_sword/hvar"},
		{ "predicate": {"custom_model_data": 67}, "model": "item/diamond_sword/ki-43-parking"},
		{ "predicate": {"custom_model_data": 68}, "model": "item/diamond_sword/ki-43-rolling"},
		{ "predicate": {"custom_model_data": 69}, "model": "item/diamond_sword/ki-43-flying"},
		{ "predicate": {"custom_model_data": 70}, "model": "item/diamond_sword/ki-43-k1-parking"},
		{ "predicate": {"custom_model_data": 71}, "model": "item/diamond_sword/ki-43-k1-rolling"},
		{ "predicate": {"custom_model_data": 72}, "model": "item/diamond_sword/ki-43-k1-flying"},
		{ "predicate": {"custom_model_data": 73}, "model": "item/diamond_sword/d3a-parking"},
		{ "predicate": {"custom_model_data": 74}, "model": "item/diamond_sword/d3a-flying"},
		{ "predicate": {"custom_model_data": 75}, "model": "item/diamond_sword/d3a-rightwing"},
		{ "predicate": {"custom_model_data": 76}, "model": "item/diamond_sword/type97no6bomb"},
		{ "predicate": {"custom_model_data": 77}, "model": "item/diamond_sword/no25bomb"},
		{ "predicate": {"custom_model_data": 78}, "model": "item/diamond_sword/ki-21-parking"},
		{ "predicate": {"custom_model_data": 79}, "model": "item/diamond_sword/ki-21-rolling"},
		{ "predicate": {"custom_model_data": 80}, "model": "item/diamond_sword/ki-21-flying"},
		{ "predicate": {"custom_model_data": 81}, "model": "item/diamond_sword/hurricanemkiic-parking"},
		{ "predicate": {"custom_model_data": 82}, "model": "item/diamond_sword/hurricanemkiic-rolling"},
		{ "predicate": {"custom_model_data": 83}, "model": "item/diamond_sword/hurricanemkiic-flying"},
		{ "predicate": {"custom_model_data": 84}, "model": "item/diamond_sword/type94-50kg-bomb"},
		{ "predicate": {"custom_model_data": 85}, "model": "item/diamond_sword/a5m-parking"},
		{ "predicate": {"custom_model_data": 86}, "model": "item/diamond_sword/a5m-flying"},
		{ "predicate": {"custom_model_data": 87}, "model": "item/diamond_sword/a6m2-parking"},
		{ "predicate": {"custom_model_data": 88}, "model": "item/diamond_sword/a6m2-rolling"},
		{ "predicate": {"custom_model_data": 89}, "model": "item/diamond_sword/a6m2-flying"},
		{ "predicate": {"custom_model_data": 90}, "model": "item/diamond_sword/ki-44-parking"},
		{ "predicate": {"custom_model_data": 91}, "model": "item/diamond_sword/ki-44-rolling"},
		{ "predicate": {"custom_model_data": 92}, "model": "item/diamond_sword/ki-44-flying"},
		{ "predicate": {"custom_model_data": 93}, "model": "item/diamond_sword/j2m3-parking"},
		{ "predicate": {"custom_model_data": 94}, "model": "item/diamond_sword/j2m3-rolling"},
		{ "predicate": {"custom_model_data": 95}, "model": "item/diamond_sword/j2m3-flying"},
		{ "predicate": {"custom_model_data": 96}, "model": "item/diamond_sword/g4m1-parking"},
		{ "predicate": {"custom_model_data": 97}, "model": "item/diamond_sword/g4m1-rolling"},
		{ "predicate": {"custom_model_data": 98}, "model": "item/diamond_sword/g4m1-flying"},
		{ "predicate": {"custom_model_data": 99}, "model": "item/diamond_sword/spitfiremkv-parking"},
		{ "predicate": {"custom_model_data": 100}, "model": "item/diamond_sword/spitfiremkv-rolling"},
		{ "predicate": {"custom_model_data": 101}, "model": "item/diamond_sword/spitfiremkv-flying"},
		{ "predicate": {"custom_model_data": 102}, "model": "item/diamond_sword/ki-61-parking"},
		{ "predicate": {"custom_model_data": 103}, "model": "item/diamond_sword/ki-61-rolling"},
		{ "predicate": {"custom_model_data": 104}, "model": "item/diamond_sword/ki-61-flying"},
		{ "predicate": {"custom_model_data": 105}, "model": "item/diamond_sword/type50mod2bomb"},
		{ "predicate": {"custom_model_data": 106}, "model": "item/diamond_sword/type3no1mk28mod1bomb"},
		{ "predicate": {"custom_model_data": 107}, "model": "item/diamond_sword/n1k2-parking"},
		{ "predicate": {"custom_model_data": 108}, "model": "item/diamond_sword/n1k2-rolling"},
		{ "predicate": {"custom_model_data": 109}, "model": "item/diamond_sword/n1k2-flying"},
		{ "predicate": {"custom_model_data": 110}, "model": "item/diamond_sword/ki-49-parking"},
		{ "predicate": {"custom_model_data": 111}, "model": "item/diamond_sword/ki-49-rolling"},
		{ "predicate": {"custom_model_data": 112}, "model": "item/diamond_sword/ki-49-flying"},
		{ "predicate": {"custom_model_data": 113}, "model": "item/diamond_sword/venomfb4-parking"},
		{ "predicate": {"custom_model_data": 114}, "model": "item/diamond_sword/venomfb4-flying"},
		{ "predicate": {"custom_model_data": 115}, "model": "item/diamond_sword/ki-49-rightwing-rolling"},
		{ "predicate": {"custom_model_data": 116}, "model": "item/diamond_sword/ki-49-rightwing-flying"},
		{ "predicate": {"custom_model_data": 117}, "model": "item/diamond_sword/type94-100kg-bomb"},
		{ "predicate": {"custom_model_data": 118}, "model": "item/diamond_sword/no80-bomb"},
		{ "predicate": {"custom_model_data": 119}, "model": "item/diamond_sword/re2005-parking"},
		{ "predicate": {"custom_model_data": 120}, "model": "item/diamond_sword/re2005-rolling"},
		{ "predicate": {"custom_model_data": 121}, "model": "item/diamond_sword/re2005-flying"},
		{ "predicate": {"custom_model_data": 122}, "model": "item/diamond_sword/an-m65-bomb"},
		{ "predicate": {"custom_model_data": 123}, "model": "item/diamond_sword/sc50-bomb"},
		{ "predicate": {"custom_model_data": 124}, "model": "item/diamond_sword/sc500-bomb"},
		{ "predicate": {"custom_model_data": 125}, "model": "item/diamond_sword/seafury-fb11-parking"},
		{ "predicate": {"custom_model_data": 126}, "model": "item/diamond_sword/seafury-fb11-rolling"},
		{ "predicate": {"custom_model_data": 127}, "model": "item/diamond_sword/seafury-fb11-flying"},
		{ "predicate": {"custom_model_data": 128}, "model": "item/diamond_sword/me262a-1a-parking"},
		{ "predicate": {"custom_model_data": 129}, "model": "item/diamond_sword/me262a-1a-flying"},
		{ "predicate": {"custom_model_data": 130}, "model": "item/diamond_sword/me262a-1a-rightwing"},
		{ "predicate": {"custom_model_data": 131}, "model": "item/diamond_sword/250lb-gp-bomb"},
		{ "predicate": {"custom_model_data": 132}, "model": "item/diamond_sword/500lb-mc-bomb"},
		{ "predicate": {"custom_model_data": 133}, "model": "item/diamond_sword/1000lb-gp-bomb"},
		{ "predicate": {"custom_model_data": 134}, "model": "item/diamond_sword/rp-3"},
		{ "predicate": {"custom_model_data": 135}, "model": "item/diamond_sword/pe-2-parking"},
		{ "predicate": {"custom_model_data": 136}, "model": "item/diamond_sword/pe-2-rolling"},
		{ "predicate": {"custom_model_data": 137}, "model": "item/diamond_sword/pe-2-flying"},
		{ "predicate": {"custom_model_data": 138}, "model": "item/diamond_sword/pe-2-rightwing-parking"},
		{ "predicate": {"custom_model_data": 139}, "model": "item/diamond_sword/pe-2-rightwing-rolling"},
		{ "predicate": {"custom_model_data": 140}, "model": "item/diamond_sword/pe-2-rightwing-flying"},
		{ "predicate": {"custom_model_data": 141}, "model": "item/diamond_sword/pe-2-tail-parking"},
		{ "predicate": {"custom_model_data": 142}, "model": "item/diamond_sword/pe-2-tail-flying"},
		{ "predicate": {"custom_model_data": 143}, "model": "item/diamond_sword/bf109g-gunpod"},
		{ "predicate": {"custom_model_data": 144}, "model": "item/diamond_sword/p-38-parking"},
		{ "predicate": {"custom_model_data": 145}, "model": "item/diamond_sword/p-38-rolling"},
		{ "predicate": {"custom_model_data": 146}, "model": "item/diamond_sword/p-38-flying"},
		{ "predicate": {"custom_model_data": 147}, "model": "item/diamond_sword/p-38-rightwing"},
		{ "predicate": {"custom_model_data": 148}, "model": "item/diamond_sword/r4m"},
		{ "predicate": {"custom_model_data": 149}, "model": "item/diamond_sword/r4m-fly"},
		{ "predicate": {"custom_model_data": 150}, "model": "item/diamond_sword/b-17g-parking"},
		{ "predicate": {"custom_model_data": 151}, "model": "item/diamond_sword/b-17g-rolling"},
		{ "predicate": {"custom_model_data": 152}, "model": "item/diamond_sword/b-17g-flying"},
		{ "predicate": {"custom_model_data": 153}, "model": "item/diamond_sword/b-17g-tail-parking"},
		{ "predicate": {"custom_model_data": 154}, "model": "item/diamond_sword/b-17g-tail-flying"},
		{ "predicate": {"custom_model_data": 155}, "model": "item/diamond_sword/b-17g-rightwing-parking"},
		{ "predicate": {"custom_model_data": 156}, "model": "item/diamond_sword/b-17g-rightwing-rolling"},
		{ "predicate": {"custom_model_data": 157}, "model": "item/diamond_sword/b-17g-rightwing-flying"},
		{ "predicate": {"custom_model_data": 158}, "model": "item/diamond_sword/b-17g-leftwing-parking"},
		{ "predicate": {"custom_model_data": 159}, "model": "item/diamond_sword/b-17g-leftwing-rolling"},
		{ "predicate": {"custom_model_data": 160}, "model": "item/diamond_sword/b-17g-leftwing-flying"},
		{ "predicate": {"custom_model_data": 161}, "model": "item/diamond_sword/meteorf8-parking"},
		{ "predicate": {"custom_model_data": 162}, "model": "item/diamond_sword/meteorf8-flying"},
		{ "predicate": {"custom_model_data": 163}, "model": "item/diamond_sword/meteorf8-tail"},
		{ "predicate": {"custom_model_data": 164}, "model": "item/diamond_sword/an-m64-bomb"},
		{ "predicate": {"custom_model_data": 165}, "model": "item/diamond_sword/mosquitobmk16-parking"},
		{ "predicate": {"custom_model_data": 166}, "model": "item/diamond_sword/mosquitobmk16-rolling"},
		{ "predicate": {"custom_model_data": 167}, "model": "item/diamond_sword/mosquitobmk16-flying"},
		{ "predicate": {"custom_model_data": 168}, "model": "item/diamond_sword/mosquitobmk16-tail-parking"},
		{ "predicate": {"custom_model_data": 169}, "model": "item/diamond_sword/mosquitobmk16-tail-flying"},
		{ "predicate": {"custom_model_data": 170}, "model": "item/diamond_sword/mosquitobmk16-rightwing-parking"},
		{ "predicate": {"custom_model_data": 171}, "model": "item/diamond_sword/mosquitobmk16-rightwing-flying"},
		{ "predicate": {"custom_model_data": 172}, "model": "item/diamond_sword/f86f-parking"},
		{ "predicate": {"custom_model_data": 173}, "model": "item/diamond_sword/f86f-flying"},
		{ "predicate": {"custom_model_data": 174}, "model": "item/diamond_sword/aim9b"},
		{ "predicate": {"custom_model_data": 175}, "model": "item/diamond_sword/mig15bis-parking"},
		{ "predicate": {"custom_model_data": 176}, "model": "item/diamond_sword/mig15bis-flying"},
		{ "predicate": {"custom_model_data": 177}, "model": "item/diamond_sword/p51d-parking"},
		{ "predicate": {"custom_model_data": 178}, "model": "item/diamond_sword/p51d-rolling"},
		{ "predicate": {"custom_model_data": 179}, "model": "item/diamond_sword/p51d-flying"},
		{ "predicate": {"custom_model_data": 180}, "model": "item/diamond_sword/p39d-parking"},
		{ "predicate": {"custom_model_data": 181}, "model": "item/diamond_sword/p39d-rolling"},
		{ "predicate": {"custom_model_data": 182}, "model": "item/diamond_sword/p39d-flying"},
		{ "predicate": {"custom_model_data": 183}, "model": "item/diamond_sword/tbf-parking"},
		{ "predicate": {"custom_model_data": 184}, "model": "item/diamond_sword/tbf-rolling"},
		{ "predicate": {"custom_model_data": 185}, "model": "item/diamond_sword/tbf-flying"},
		{ "predicate": {"custom_model_data": 186}, "model": "item/diamond_sword/tbf-rightwing"},
		{ "predicate": {"custom_model_data": 187}, "model": "item/diamond_sword/bf110g2-parking"},
		{ "predicate": {"custom_model_data": 188}, "model": "item/diamond_sword/bf110g2-rolling"},
		{ "predicate": {"custom_model_data": 189}, "model": "item/diamond_sword/bf110g2-flying"},
		{ "predicate": {"custom_model_data": 190}, "model": "item/diamond_sword/bf110g2-rightwing"},
		{ "predicate": {"custom_model_data": 191}, "model": "item/diamond_sword/lancastermk3-parking"},
		{ "predicate": {"custom_model_data": 192}, "model": "item/diamond_sword/lancastermk3-rolling"},
		{ "predicate": {"custom_model_data": 193}, "model": "item/diamond_sword/lancastermk3-flying"},
		{ "predicate": {"custom_model_data": 194}, "model": "item/diamond_sword/lancastermk3-rightwing-parking"},
		{ "predicate": {"custom_model_data": 195}, "model": "item/diamond_sword/lancastermk3-leftwing-parking"},
		{ "predicate": {"custom_model_data": 196}, "model": "item/diamond_sword/lancastermk3-tail"},
		{ "predicate": {"custom_model_data": 197}, "model": "item/diamond_sword/lancastermk3-rightwing-rolling"},
		{ "predicate": {"custom_model_data": 198}, "model": "item/diamond_sword/lancastermk3-leftwing-rolling"},
		{ "predicate": {"custom_model_data": 199}, "model": "item/diamond_sword/hunterf6-parking"},
		{ "predicate": {"custom_model_data": 200}, "model": "item/diamond_sword/hunterf6-flying"},
		{ "predicate": {"custom_model_data": 201}, "model": "item/diamond_sword/hunterf6-tail"},
		{ "predicate": {"custom_model_data": 202}, "model": "item/diamond_sword/fab50"},
		{ "predicate": {"custom_model_data": 203}, "model": "item/diamond_sword/fab100sv"},
		{ "predicate": {"custom_model_data": 204}, "model": "item/diamond_sword/fab250"},
		{ "predicate": {"custom_model_data": 205}, "model": "item/diamond_sword/rs132"},
		{ "predicate": {"custom_model_data": 206}, "model": "item/diamond_sword/fab500"},
		{ "predicate": {"custom_model_data": 207}, "model": "item/diamond_sword/b7a-parking"},
		{ "predicate": {"custom_model_data": 208}, "model": "item/diamond_sword/b7a-rolling"},
		{ "predicate": {"custom_model_data": 209}, "model": "item/diamond_sword/b7a-flying"},
		{ "predicate": {"custom_model_data": 210}, "model": "item/diamond_sword/b7a-rightwing"},
		{ "predicate": {"custom_model_data": 211}, "model": "item/diamond_sword/saab29f-parking"},
		{ "predicate": {"custom_model_data": 212}, "model": "item/diamond_sword/saab29f-flying"},
		{ "predicate": {"custom_model_data": 213}, "model": "item/diamond_sword/me163b-parking"},
		{ "predicate": {"custom_model_data": 214}, "model": "item/diamond_sword/me163b-rolling"},
		{ "predicate": {"custom_model_data": 215}, "model": "item/diamond_sword/me163b-flying"},
		{ "predicate": {"custom_model_data": 216}, "model": "item/diamond_sword/m55frida"}

	]
}