{
	"__comment": "Designed by Uran2471 with Cubik Studio - https://cubik.studio",
	"textures": {
		"particle": "blocks/particle",
		"texture": "blocks/texture",
		"r4m-load": "custom/r4m-load"
	},
	"elements": [ 	 
		{
			"__comment": "Voxels",
			"from": [ 6.8889, 7.3333, 1.7778 ],
			"to": [ 8.000011, 7.999966, 12.66669 ],
			"faces": {
				"down": { "uv": [ 0, 9.875, 0.625, 16 ], "texture": "#r4m-load" },
				"up": { "uv": [ 0.625, 16, 1.25, 9.875 ], "texture": "#r4m-load" },
				"north": { "uv": [ 8, 15.625, 7.375, 16 ], "texture": "#r4m-load" },
				"south": { "uv": [ 7.375, 15.25, 8, 15.625 ], "texture": "#r4m-load" },
				"west": { "uv": [ 1.25, 15.625, 7.375, 16 ], "texture": "#r4m-load" },
				"east": { "uv": [ 7.375, 15.25, 1.25, 15.625 ], "texture": "#r4m-load" }
			}
		},
		{
			"__comment": "Voxels",
			"from": [ 6.8889, 7.5556, 0.8889 ],
			"to": [ 8.000011, 7.777822, 1.777789 ],
			"faces": {
				"down": { "uv": [ 2.25, 14.25, 2.875, 14.75 ], "texture": "#r4m-load" },
				"up": { "uv": [ 2.25, 14.25, 2.875, 13.75 ], "texture": "#r4m-load" },
				"north": { "uv": [ 2.875, 11.625, 2.25, 11.75 ], "texture": "#r4m-load" },
				"south": { "uv": [ 7.375, 15.125, 8, 15.25 ], "texture": "#r4m-load" },
				"west": { "uv": [ 2.25, 11.125, 2.75, 11.25 ], "texture": "#r4m-load" },
				"east": { "uv": [ 2.75, 11, 2.25, 11.125 ], "texture": "#r4m-load" }
			}
		},
		{
			"__comment": "Voxels",
			"from": [ 6.8889, 7.5556, 12.6667 ],
			"to": [ 8.000011, 7.777822, 12.88892 ],
			"faces": {
				"down": { "uv": [ 2.25, 11.25, 2.875, 11.375 ], "texture": "#r4m-load" },
				"up": { "uv": [ 7.375, 15.125, 8, 15 ], "texture": "#r4m-load" },
				"north": { "uv": [ 8, 14.875, 7.375, 15 ], "texture": "#r4m-load" },
				"south": { "uv": [ 7.375, 14.75, 8, 14.875 ], "texture": "#r4m-load" },
				"west": { "uv": [ 2.625, 12.75, 2.75, 12.875 ], "texture": "#r4m-load" },
				"east": { "uv": [ 2.875, 13, 2.75, 13.125 ], "texture": "#r4m-load" }
			}
		},
		{
			"__comment": "Voxels",
			"from": [ 6.8889, 7.5556, 13.1111 ],
			"to": [ 8.000011, 7.777822, 15.1111 ],
			"faces": {
				"down": { "uv": [ 1.25, 13.625, 1.875, 14.75 ], "texture": "#r4m-load" },
				"up": { "uv": [ 1.25, 13.625, 1.875, 12.5 ], "texture": "#r4m-load" },
				"north": { "uv": [ 2.875, 11.5, 2.25, 11.625 ], "texture": "#r4m-load" },
				"south": { "uv": [ 2.25, 11.375, 2.875, 11.5 ], "texture": "#r4m-load" },
				"west": { "uv": [ 6.25, 14.5, 7.375, 14.625 ], "texture": "#r4m-load" },
				"east": { "uv": [ 4, 14.375, 2.875, 14.5 ], "texture": "#r4m-load" }
			}
		},
		{
			"__comment": "Voxels",
			"from": [ 7.1111, 7.1111, 1.7778 ],
			"to": [ 7.777766, 7.333322, 12.66669 ],
			"faces": {
				"down": { "uv": [ 0.75, 3.75, 1.125, 9.875 ], "texture": "#r4m-load" },
				"up": { "uv": [ 0.375, 9.875, 0.75, 3.75 ], "texture": "#r4m-load" },
				"north": { "uv": [ 2.625, 9.875, 2.25, 10 ], "texture": "#r4m-load" },
				"south": { "uv": [ 5.125, 14.375, 5.5, 14.5 ], "texture": "#r4m-load" },
				"west": { "uv": [ 1.25, 15.125, 7.375, 15.25 ], "texture": "#r4m-load" },
				"east": { "uv": [ 7.375, 15, 1.25, 15.125 ], "texture": "#r4m-load" }
			}
		},
		{
			"__comment": "Voxels",
			"from": [ 7.1111, 7.3333, 0.4444 ],
			"to": [ 7.777766, 7.999966, 0.8888444 ],
			"faces": {
				"down": { "uv": [ 2.5, 11.875, 2.875, 12.125 ], "texture": "#r4m-load" },
				"up": { "uv": [ 2.25, 12.375, 2.625, 12.125 ], "texture": "#r4m-load" },
				"north": { "uv": [ 2.625, 13.375, 2.25, 13.75 ], "texture": "#r4m-load" },
				"south": { "uv": [ 1.875, 9.875, 2.25, 10.25 ], "texture": "#r4m-load" },
				"west": { "uv": [ 2.25, 11.75, 2.5, 12.125 ], "texture": "#r4m-load" },
				"east": { "uv": [ 2.875, 13.375, 2.625, 13.75 ], "texture": "#r4m-load" }
			}
		},
		{
			"__comment": "Voxels",
			"from": [ 7.1111, 7.3333, 0.8889 ],
			"to": [ 7.777766, 7.555522, 1.777789 ],
			"faces": {
				"down": { "uv": [ 1.875, 10.75, 2.25, 11.25 ], "texture": "#r4m-load" },
				"up": { "uv": [ 1.875, 10.75, 2.25, 10.25 ], "texture": "#r4m-load" },
				"north": { "uv": [ 6.625, 14.375, 6.25, 14.5 ], "texture": "#r4m-load" },
				"south": { "uv": [ 6.625, 14.375, 7, 14.5 ], "texture": "#r4m-load" },
				"west": { "uv": [ 2.25, 10.625, 2.75, 10.75 ], "texture": "#r4m-load" },
				"east": { "uv": [ 2.75, 10.75, 2.25, 10.875 ], "texture": "#r4m-load" }
			}
		},
		{
			"__comment": "Voxels",
			"from": [ 7.1111, 7.3333, 12.6667 ],
			"to": [ 7.777766, 7.555522, 15.11114 ],
			"faces": {
				"down": { "uv": [ 1.25, 11.125, 1.625, 12.5 ], "texture": "#r4m-load" },
				"up": { "uv": [ 1.875, 14.75, 2.25, 13.375 ], "texture": "#r4m-load" },
				"north": { "uv": [ 7.75, 14.5, 7.375, 14.625 ], "texture": "#r4m-load" },
				"south": { "uv": [ 2.25, 10.25, 2.625, 10.375 ], "texture": "#r4m-load" },
				"west": { "uv": [ 2.875, 14.625, 4.25, 14.75 ], "texture": "#r4m-load" },
				"east": { "uv": [ 5.625, 14.625, 4.25, 14.75 ], "texture": "#r4m-load" }
			}
		},
		{
			"__comment": "Voxels",
			"from": [ 7.1111, 7.5556, 0 ],
			"to": [ 7.777766, 7.777822, 0.4444444 ],
			"faces": {
				"down": { "uv": [ 2.25, 12.875, 2.625, 13.125 ], "texture": "#r4m-load" },
				"up": { "uv": [ 2.25, 13.375, 2.625, 13.125 ], "texture": "#r4m-load" },
				"north": { "uv": [ 7.375, 14.375, 7, 14.5 ], "texture": "#r4m-load" },
				"south": { "uv": [ 7.375, 14.375, 7.75, 14.5 ], "texture": "#r4m-load" },
				"west": { "uv": [ 1.625, 11.25, 1.875, 11.375 ], "texture": "#r4m-load" },
				"east": { "uv": [ 1.875, 11.125, 1.625, 11.25 ], "texture": "#r4m-load" }
			}
		},
		{
			"__comment": "Voxels",
			"from": [ 7.1111, 7.5556, 12.8889 ],
			"to": [ 7.777766, 8.000044, 13.11112 ],
			"faces": {
				"down": { "uv": [ 2.875, 14.25, 3.25, 14.375 ], "texture": "#r4m-load" },
				"up": { "uv": [ 2.875, 14.25, 3.25, 14.125 ], "texture": "#r4m-load" },
				"north": { "uv": [ 2.625, 12.625, 2.25, 12.875 ], "texture": "#r4m-load" },
				"south": { "uv": [ 2.25, 12.375, 2.625, 12.625 ], "texture": "#r4m-load" },
				"west": { "uv": [ 2.625, 13.125, 2.75, 13.375 ], "texture": "#r4m-load" },
				"east": { "uv": [ 2.875, 13.125, 2.75, 13.375 ], "texture": "#r4m-load" }
			}
		},
		{
			"__comment": "Voxels",
			"from": [ 7.1111, 7.7778, 0.8889 ],
			"to": [ 7.777766, 8.000022, 1.777789 ],
			"faces": {
				"down": { "uv": [ 1.875, 11.75, 2.25, 12.25 ], "texture": "#r4m-load" },
				"up": { "uv": [ 1.875, 11.75, 2.25, 11.25 ], "texture": "#r4m-load" },
				"north": { "uv": [ 3.25, 13.875, 2.875, 14 ], "texture": "#r4m-load" },
				"south": { "uv": [ 2.875, 13.75, 3.25, 13.875 ], "texture": "#r4m-load" },
				"west": { "uv": [ 2.25, 10.875, 2.75, 11 ], "texture": "#r4m-load" },
				"east": { "uv": [ 2.75, 10.5, 2.25, 10.625 ], "texture": "#r4m-load" }
			}
		},
		{
			"__comment": "Voxels",
			"from": [ 7.1111, 7.7778, 12.6667 ],
			"to": [ 7.777766, 8.000022, 12.88892 ],
			"faces": {
				"down": { "uv": [ 1.25, 9.875, 1.625, 10 ], "texture": "#r4m-load" },
				"up": { "uv": [ 2.5, 11.875, 2.875, 11.75 ], "texture": "#r4m-load" },
				"north": { "uv": [ 2.625, 10.375, 2.25, 10.5 ], "texture": "#r4m-load" },
				"south": { "uv": [ 2.875, 14, 3.25, 14.125 ], "texture": "#r4m-load" },
				"west": { "uv": [ 1.625, 9.875, 1.75, 10 ], "texture": "#r4m-load" },
				"east": { "uv": [ 2.875, 12.75, 2.75, 12.875 ], "texture": "#r4m-load" }
			}
		},
		{
			"__comment": "Voxels",
			"from": [ 7.1111, 7.7778, 13.1111 ],
			"to": [ 7.777766, 8.000022, 15.1111 ],
			"faces": {
				"down": { "uv": [ 1.875, 12.25, 2.25, 13.375 ], "texture": "#r4m-load" },
				"up": { "uv": [ 1.25, 11.125, 1.625, 10 ], "texture": "#r4m-load" },
				"north": { "uv": [ 2.625, 10.125, 2.25, 10.25 ], "texture": "#r4m-load" },
				"south": { "uv": [ 2.25, 10, 2.625, 10.125 ], "texture": "#r4m-load" },
				"west": { "uv": [ 4, 14.5, 5.125, 14.625 ], "texture": "#r4m-load" },
				"east": { "uv": [ 7.875, 14.625, 6.75, 14.75 ], "texture": "#r4m-load" }
			}
		},
		{
			"__comment": "Voxels",
			"from": [ 7.1111, 8, 1.7778 ],
			"to": [ 7.777766, 8.222222, 12.66669 ],
			"faces": {
				"down": { "uv": [ 1.125, 3.75, 1.5, 9.875 ], "texture": "#r4m-load" },
				"up": { "uv": [ 0, 9.875, 0.375, 3.75 ], "texture": "#r4m-load" },
				"north": { "uv": [ 5.875, 14.375, 5.5, 14.5 ], "texture": "#r4m-load" },
				"south": { "uv": [ 5.875, 14.375, 6.25, 14.5 ], "texture": "#r4m-load" },
				"west": { "uv": [ 1.25, 14.75, 7.375, 14.875 ], "texture": "#r4m-load" },
				"east": { "uv": [ 7.375, 14.875, 1.25, 15 ], "texture": "#r4m-load" }
			}
		},
		{
			"__comment": "Voxels",
			"from": [ 7.3333, 7.1111, 13.1111 ],
			"to": [ 7.555522, 7.333322, 15.1111 ],
			"faces": {
				"down": { "uv": [ 1.625, 10, 1.75, 11.125 ], "texture": "#r4m-load" },
				"up": { "uv": [ 1.75, 11.125, 1.875, 10 ], "texture": "#r4m-load" },
				"north": { "uv": [ 1.875, 9.875, 1.75, 10 ], "texture": "#r4m-load" },
				"south": { "uv": [ 2.625, 13, 2.75, 13.125 ], "texture": "#r4m-load" },
				"west": { "uv": [ 5.125, 14.5, 6.25, 14.625 ], "texture": "#r4m-load" },
				"east": { "uv": [ 5.125, 14.375, 4, 14.5 ], "texture": "#r4m-load" }
			}
		},
		{
			"__comment": "Voxels",
			"from": [ 7.3333, 8, 13.1111 ],
			"to": [ 7.555522, 8.222222, 15.1111 ],
			"faces": {
				"down": { "uv": [ 1.625, 11.375, 1.75, 12.5 ], "texture": "#r4m-load" },
				"up": { "uv": [ 1.75, 12.5, 1.875, 11.375 ], "texture": "#r4m-load" },
				"north": { "uv": [ 2.75, 12.875, 2.625, 13 ], "texture": "#r4m-load" },
				"south": { "uv": [ 2.75, 12.875, 2.875, 13 ], "texture": "#r4m-load" },
				"west": { "uv": [ 5.625, 14.625, 6.75, 14.75 ], "texture": "#r4m-load" },
				"east": { "uv": [ 4, 14.5, 2.875, 14.625 ], "texture": "#r4m-load" }
			}
		}
	],
	"display": {
		"thirdperson_righthand": {
			"translation":  [ 0.5, -1.5, 0 ],
			"scale":  [ 0.812, 0.812, 0.812 ]
		}
	}
}