{
	"__comment": "Designed by Uran2471 with Cubik Studio - https://cubik.studio",
	"textures": {
		"particle": "custom/particle",
		"texture": "custom/texture",
		"tbf-rightwing": "custom/tbf-rightwing"
	},
	"elements": [ 	 
		{
			"__comment": "Voxels",
			"from": [ 12.3465, 2.0157, -3.1496 ],
			"to": [ 13.85831, 3.527511, 5.417329 ],
			"faces": {
				"down": { "uv": [ 0, 10, 0.375, 12.125 ], "texture": "#tbf-rightwing" },
				"up": { "uv": [ 0, 14.25, 0.375, 12.125 ], "texture": "#tbf-rightwing" },
				"north": { "uv": [ 3.5, 12.125, 3.125, 12.5 ], "texture": "#tbf-rightwing" },
				"south": { "uv": [ 1.625, 8.875, 2, 9.25 ], "texture": "#tbf-rightwing" },
				"west": { "uv": [ 0.375, 13.875, 2.5, 14.25 ], "texture": "#tbf-rightwing" },
				"east": { "uv": [ 2.5, 13.5, 0.375, 13.875 ], "texture": "#tbf-rightwing" }
			}
		},
		{
			"__comment": "Voxels",
			"from": [ 12.3465, 2.0157, 5.4173 ],
			"to": [ 15.37012, 3.023574, 5.921237 ],
			"faces": {
				"down": { "uv": [ 12.25, 15.375, 13, 15.5 ], "texture": "#tbf-rightwing" },
				"up": { "uv": [ 2.375, 12.25, 3.125, 12.125 ], "texture": "#tbf-rightwing" },
				"north": { "uv": [ 3.125, 12.25, 2.375, 12.5 ], "texture": "#tbf-rightwing" },
				"south": { "uv": [ 7.25, 12.875, 8, 13.125 ], "texture": "#tbf-rightwing" },
				"west": { "uv": [ 3.375, 10, 3.5, 10.25 ], "texture": "#tbf-rightwing" },
				"east": { "uv": [ 3.5, 9.375, 3.375, 9.625 ], "texture": "#tbf-rightwing" }
			}
		},
		{
			"__comment": "Voxels",
			"from": [ 12.3465, 2.0157, 5.9213 ],
			"to": [ 14.86618, 3.023574, 6.929174 ],
			"faces": {
				"down": { "uv": [ 1.75, 12.125, 2.375, 12.375 ], "texture": "#tbf-rightwing" },
				"up": { "uv": [ 2.875, 11, 3.5, 10.75 ], "texture": "#tbf-rightwing" },
				"north": { "uv": [ 3.5, 10.5, 2.875, 10.75 ], "texture": "#tbf-rightwing" },
				"south": { "uv": [ 2.875, 10.25, 3.5, 10.5 ], "texture": "#tbf-rightwing" },
				"west": { "uv": [ 3.25, 12.5, 3.5, 12.75 ], "texture": "#tbf-rightwing" },
				"east": { "uv": [ 8.5, 12.375, 8.25, 12.625 ], "texture": "#tbf-rightwing" }
			}
		},
		{
			"__comment": "Voxels",
			"from": [ 12.3465, 2.0157, 6.9291 ],
			"to": [ 14.36225, 3.023574, 7.433037 ],
			"faces": {
				"down": { "uv": [ 9.625, 15.125, 10.125, 15.25 ], "texture": "#tbf-rightwing" },
				"up": { "uv": [ 9.125, 15.25, 9.625, 15.125 ], "texture": "#tbf-rightwing" },
				"north": { "uv": [ 7.75, 12.625, 7.25, 12.875 ], "texture": "#tbf-rightwing" },
				"south": { "uv": [ 7.25, 12.375, 7.75, 12.625 ], "texture": "#tbf-rightwing" },
				"west": { "uv": [ 3.375, 9.125, 3.5, 9.375 ], "texture": "#tbf-rightwing" },
				"east": { "uv": [ 3.5, 8.875, 3.375, 9.125 ], "texture": "#tbf-rightwing" }
			}
		},
		{
			"__comment": "Voxels",
			"from": [ 12.3465, 2.0157, 7.4331 ],
			"to": [ 13.85831, 3.023574, 8.440973 ],
			"faces": {
				"down": { "uv": [ 1.625, 8.625, 2, 8.875 ], "texture": "#tbf-rightwing" },
				"up": { "uv": [ 7.75, 12.875, 8.125, 12.625 ], "texture": "#tbf-rightwing" },
				"north": { "uv": [ 8.125, 12.375, 7.75, 12.625 ], "texture": "#tbf-rightwing" },
				"south": { "uv": [ 8.25, 15.125, 8.625, 15.375 ], "texture": "#tbf-rightwing" },
				"west": { "uv": [ 8.25, 13.375, 8.5, 13.625 ], "texture": "#tbf-rightwing" },
				"east": { "uv": [ 8.5, 13.125, 8.25, 13.375 ], "texture": "#tbf-rightwing" }
			}
		},
		{
			"__comment": "Voxels",
			"from": [ 12.3465, 2.0157, 8.4409 ],
			"to": [ 13.35437, 3.023574, 8.944837 ],
			"faces": {
				"down": { "uv": [ 6.5, 8.625, 6.75, 8.75 ], "texture": "#tbf-rightwing" },
				"up": { "uv": [ 6.5, 8.875, 6.75, 8.75 ], "texture": "#tbf-rightwing" },
				"north": { "uv": [ 2, 8.25, 1.75, 8.5 ], "texture": "#tbf-rightwing" },
				"south": { "uv": [ 1.75, 8, 2, 8.25 ], "texture": "#tbf-rightwing" },
				"west": { "uv": [ 8, 13.625, 8.125, 13.875 ], "texture": "#tbf-rightwing" },
				"east": { "uv": [ 8.125, 13.875, 8, 14.125 ], "texture": "#tbf-rightwing" }
			}
		},
		{
			"__comment": "Voxels",
			"from": [ 12.3465, 2.0157, 8.9449 ],
			"to": [ 12.85044, 2.519637, 9.448836 ],
			"faces": {
				"down": { "uv": [ 8.5, 14.25, 8.625, 14.375 ], "texture": "#tbf-rightwing" },
				"up": { "uv": [ 8.5, 14.5, 8.625, 14.375 ], "texture": "#tbf-rightwing" },
				"north": { "uv": [ 8.625, 14.5, 8.5, 14.625 ], "texture": "#tbf-rightwing" },
				"south": { "uv": [ 8.375, 9.5, 8.5, 9.625 ], "texture": "#tbf-rightwing" },
				"west": { "uv": [ 8.5, 10.375, 8.625, 10.5 ], "texture": "#tbf-rightwing" },
				"east": { "uv": [ 8.625, 12.125, 8.5, 12.25 ], "texture": "#tbf-rightwing" }
			}
		},
		{
			"__comment": "Voxels",
			"from": [ 12.3465, 2.5197, -3.6535 ],
			"to": [ 14.86618, 3.023637, -3.149563 ],
			"faces": {
				"down": { "uv": [ 9.375, 15.25, 10, 15.375 ], "texture": "#tbf-rightwing" },
				"up": { "uv": [ 10, 15.375, 10.625, 15.25 ], "texture": "#tbf-rightwing" },
				"north": { "uv": [ 11.25, 15.25, 10.625, 15.375 ], "texture": "#tbf-rightwing" },
				"south": { "uv": [ 13.125, 15.25, 13.75, 15.375 ], "texture": "#tbf-rightwing" },
				"west": { "uv": [ 8.5, 13.875, 8.625, 14 ], "texture": "#tbf-rightwing" },
				"east": { "uv": [ 8.625, 12.25, 8.5, 12.375 ], "texture": "#tbf-rightwing" }
			}
		},
		{
			"__comment": "Voxels",
			"from": [ 12.3465, 3.0236, -3.6535 ],
			"to": [ 14.36225, 3.527537, -3.149563 ],
			"faces": {
				"down": { "uv": [ 14.875, 15.25, 15.375, 15.375 ], "texture": "#tbf-rightwing" },
				"up": { "uv": [ 15.375, 15.375, 15.875, 15.25 ], "texture": "#tbf-rightwing" },
				"north": { "uv": [ 10.625, 15.125, 10.125, 15.25 ], "texture": "#tbf-rightwing" },
				"south": { "uv": [ 8.625, 15.125, 9.125, 15.25 ], "texture": "#tbf-rightwing" },
				"west": { "uv": [ 8.125, 8.5, 8.25, 8.625 ], "texture": "#tbf-rightwing" },
				"east": { "uv": [ 8.25, 8.625, 8.125, 8.75 ], "texture": "#tbf-rightwing" }
			}
		},
		{
			"__comment": "Voxels",
			"from": [ 12.3465, 3.5276, -2.1417 ],
			"to": [ 26.45674, 4.031537, 1.385859 ],
			"faces": {
				"down": { "uv": [ 0, 14.25, 3.5, 15.125 ], "texture": "#tbf-rightwing" },
				"up": { "uv": [ 0, 16, 3.5, 15.125 ], "texture": "#tbf-rightwing" },
				"north": { "uv": [ 7.25, 15, 3.75, 15.125 ], "texture": "#tbf-rightwing" },
				"south": { "uv": [ 3.75, 14.875, 7.25, 15 ], "texture": "#tbf-rightwing" },
				"west": { "uv": [ 7.25, 12, 8.125, 12.125 ], "texture": "#tbf-rightwing" },
				"east": { "uv": [ 8.125, 11.875, 7.25, 12 ], "texture": "#tbf-rightwing" }
			}
		},
		{
			"__comment": "Voxels",
			"from": [ 12.8504, 2.5197, 8.9449 ],
			"to": [ 13.85827, 3.023637, 9.448836 ],
			"faces": {
				"down": { "uv": [ 6.5, 8.875, 6.75, 9 ], "texture": "#tbf-rightwing" },
				"up": { "uv": [ 15.75, 16, 16, 15.875 ], "texture": "#tbf-rightwing" },
				"north": { "uv": [ 8.5, 10.25, 8.25, 10.375 ], "texture": "#tbf-rightwing" },
				"south": { "uv": [ 8.25, 10.375, 8.5, 10.5 ], "texture": "#tbf-rightwing" },
				"west": { "uv": [ 8, 8.625, 8.125, 8.75 ], "texture": "#tbf-rightwing" },
				"east": { "uv": [ 8.125, 8.75, 8, 8.875 ], "texture": "#tbf-rightwing" }
			}
		},
		{
			"__comment": "Voxels",
			"from": [ 13.3543, 2.5197, 8.4409 ],
			"to": [ 15.87398, 3.023637, 8.944837 ],
			"faces": {
				"down": { "uv": [ 13.75, 15.25, 14.375, 15.375 ], "texture": "#tbf-rightwing" },
				"up": { "uv": [ 12.5, 15.375, 13.125, 15.25 ], "texture": "#tbf-rightwing" },
				"north": { "uv": [ 12.5, 15.25, 11.875, 15.375 ], "texture": "#tbf-rightwing" },
				"south": { "uv": [ 11.25, 15.25, 11.875, 15.375 ], "texture": "#tbf-rightwing" },
				"west": { "uv": [ 8.25, 9.375, 8.375, 9.5 ], "texture": "#tbf-rightwing" },
				"east": { "uv": [ 8.625, 9.5, 8.5, 9.625 ], "texture": "#tbf-rightwing" }
			}
		},
		{
			"__comment": "Voxels",
			"from": [ 13.3543, 3.0236, 5.4173 ],
			"to": [ 25.44879, 3.527537, 5.921237 ],
			"faces": {
				"down": { "uv": [ 3.75, 14.25, 6.75, 14.375 ], "texture": "#tbf-rightwing" },
				"up": { "uv": [ 3.75, 14.25, 6.75, 14.125 ], "texture": "#tbf-rightwing" },
				"north": { "uv": [ 6.75, 14, 3.75, 14.125 ], "texture": "#tbf-rightwing" },
				"south": { "uv": [ 3.75, 13.875, 6.75, 14 ], "texture": "#tbf-rightwing" },
				"west": { "uv": [ 8.5, 9.625, 8.625, 9.75 ], "texture": "#tbf-rightwing" },
				"east": { "uv": [ 8.5, 9.625, 8.375, 9.75 ], "texture": "#tbf-rightwing" }
			}
		},
		{
			"__comment": "Voxels",
			"from": [ 13.3543, 3.5276, 1.3858 ],
			"to": [ 31.99997, 4.031537, 1.889737 ],
			"faces": {
				"down": { "uv": [ 3.5, 15.875, 8.125, 16 ], "texture": "#tbf-rightwing" },
				"up": { "uv": [ 8.125, 16, 12.75, 15.875 ], "texture": "#tbf-rightwing" },
				"north": { "uv": [ 8.125, 15.75, 3.5, 15.875 ], "texture": "#tbf-rightwing" },
				"south": { "uv": [ 3.5, 15.625, 8.125, 15.75 ], "texture": "#tbf-rightwing" },
				"west": { "uv": [ 8.5, 13.125, 8.625, 13.25 ], "texture": "#tbf-rightwing" },
				"east": { "uv": [ 8.125, 8.5, 8, 8.625 ], "texture": "#tbf-rightwing" }
			}
		},
		{
			"__comment": "Voxels",
			"from": [ 13.8583, 2.0157, -2.6457 ],
			"to": [ 14.86617, 3.527511, 5.417292 ],
			"faces": {
				"down": { "uv": [ 0, 8, 0.25, 10 ], "texture": "#tbf-rightwing" },
				"up": { "uv": [ 3.5, 15.125, 3.75, 13.125 ], "texture": "#tbf-rightwing" },
				"north": { "uv": [ 3.5, 9.625, 3.25, 10 ], "texture": "#tbf-rightwing" },
				"south": { "uv": [ 8.25, 13.875, 8.5, 14.25 ], "texture": "#tbf-rightwing" },
				"west": { "uv": [ 0.375, 13.125, 2.375, 13.5 ], "texture": "#tbf-rightwing" },
				"east": { "uv": [ 2.375, 12.75, 0.375, 13.125 ], "texture": "#tbf-rightwing" }
			}
		},
		{
			"__comment": "Voxels",
			"from": [ 13.8583, 2.5197, -3.1496 ],
			"to": [ 17.38586, 3.527574, -2.645663 ],
			"faces": {
				"down": { "uv": [ 7.25, 11.375, 8.125, 11.5 ], "texture": "#tbf-rightwing" },
				"up": { "uv": [ 7.25, 15, 8.125, 14.875 ], "texture": "#tbf-rightwing" },
				"north": { "uv": [ 3.25, 12.5, 2.375, 12.75 ], "texture": "#tbf-rightwing" },
				"south": { "uv": [ 2.375, 12.75, 3.25, 13 ], "texture": "#tbf-rightwing" },
				"west": { "uv": [ 8.125, 13, 8.25, 13.25 ], "texture": "#tbf-rightwing" },
				"east": { "uv": [ 8.25, 10.5, 8.125, 10.75 ], "texture": "#tbf-rightwing" }
			}
		},
		{
			"__comment": "Voxels",
			"from": [ 13.8583, 2.5197, 7.4331 ],
			"to": [ 18.89767, 3.023637, 7.937037 ],
			"faces": {
				"down": { "uv": [ 3.875, 9, 5.125, 9.125 ], "texture": "#tbf-rightwing" },
				"up": { "uv": [ 3.875, 9.25, 5.125, 9.125 ], "texture": "#tbf-rightwing" },
				"north": { "uv": [ 8, 8.875, 6.75, 9 ], "texture": "#tbf-rightwing" },
				"south": { "uv": [ 5.25, 8, 6.5, 8.125 ], "texture": "#tbf-rightwing" },
				"west": { "uv": [ 8, 9.125, 8.125, 9.25 ], "texture": "#tbf-rightwing" },
				"east": { "uv": [ 8.125, 8.375, 8, 8.5 ], "texture": "#tbf-rightwing" }
			}
		},
		{
			"__comment": "Voxels",
			"from": [ 13.8583, 2.5197, 7.937 ],
			"to": [ 17.8898, 3.023637, 8.440937 ],
			"faces": {
				"down": { "uv": [ 7.125, 14.75, 8.125, 14.875 ], "texture": "#tbf-rightwing" },
				"up": { "uv": [ 7.125, 14.75, 8.125, 14.625 ], "texture": "#tbf-rightwing" },
				"north": { "uv": [ 8.125, 14.5, 7.125, 14.625 ], "texture": "#tbf-rightwing" },
				"south": { "uv": [ 7.125, 14.375, 8.125, 14.5 ], "texture": "#tbf-rightwing" },
				"west": { "uv": [ 8, 8.25, 8.125, 8.375 ], "texture": "#tbf-rightwing" },
				"east": { "uv": [ 8.125, 8.125, 8, 8.25 ], "texture": "#tbf-rightwing" }
			}
		},
		{
			"__comment": "Voxels",
			"from": [ 14.3622, 2.5197, 6.9291 ],
			"to": [ 19.40157, 3.023637, 7.433037 ],
			"faces": {
				"down": { "uv": [ 9.375, 15.75, 10.625, 15.875 ], "texture": "#tbf-rightwing" },
				"up": { "uv": [ 8.125, 15.875, 9.375, 15.75 ], "texture": "#tbf-rightwing" },
				"north": { "uv": [ 8, 8, 6.75, 8.125 ], "texture": "#tbf-rightwing" },
				"south": { "uv": [ 6.75, 8.125, 8, 8.25 ], "texture": "#tbf-rightwing" },
				"west": { "uv": [ 8, 8, 8.125, 8.125 ], "texture": "#tbf-rightwing" },
				"east": { "uv": [ 8.25, 9, 8.125, 9.125 ], "texture": "#tbf-rightwing" }
			}
		},
		{
			"__comment": "Voxels",
			"from": [ 14.8661, 2.0157, -2.1417 ],
			"to": [ 15.37004, 3.527511, 5.417356 ],
			"faces": {
				"down": { "uv": [ 3.5, 9.375, 3.625, 11.25 ], "texture": "#tbf-rightwing" },
				"up": { "uv": [ 0.25, 10, 0.375, 8.125 ], "texture": "#tbf-rightwing" },
				"north": { "uv": [ 3.875, 8.375, 3.75, 8.75 ], "texture": "#tbf-rightwing" },
				"south": { "uv": [ 3.75, 8.75, 3.875, 9.125 ], "texture": "#tbf-rightwing" },
				"west": { "uv": [ 0.375, 11.75, 2.25, 12.125 ], "texture": "#tbf-rightwing" },
				"east": { "uv": [ 2.25, 12.375, 0.375, 12.75 ], "texture": "#tbf-rightwing" }
			}
		},
		{
			"__comment": "Voxels",
			"from": [ 14.8661, 2.5197, -2.6457 ],
			"to": [ 19.40153, 3.527574, -2.141763 ],
			"faces": {
				"down": { "uv": [ 13.875, 15.625, 15, 15.75 ], "texture": "#tbf-rightwing" },
				"up": { "uv": [ 9.375, 15.75, 10.5, 15.625 ], "texture": "#tbf-rightwing" },
				"north": { "uv": [ 3.5, 13.25, 2.375, 13.5 ], "texture": "#tbf-rightwing" },
				"south": { "uv": [ 2.375, 13, 3.5, 13.25 ], "texture": "#tbf-rightwing" },
				"west": { "uv": [ 8.125, 9.25, 8.25, 9.5 ], "texture": "#tbf-rightwing" },
				"east": { "uv": [ 8.25, 13.5, 8.125, 13.75 ], "texture": "#tbf-rightwing" }
			}
		},
		{
			"__comment": "Voxels",
			"from": [ 14.8661, 2.5197, 5.9213 ],
			"to": [ 19.90547, 3.527574, 6.425237 ],
			"faces": {
				"down": { "uv": [ 6.75, 10.25, 8, 10.375 ], "texture": "#tbf-rightwing" },
				"up": { "uv": [ 6.75, 9.75, 8, 9.625 ], "texture": "#tbf-rightwing" },
				"north": { "uv": [ 7.25, 11.875, 6, 12.125 ], "texture": "#tbf-rightwing" },
				"south": { "uv": [ 3.5, 11.625, 4.75, 11.875 ], "texture": "#tbf-rightwing" },
				"west": { "uv": [ 3.375, 8.375, 3.5, 8.625 ], "texture": "#tbf-rightwing" },
				"east": { "uv": [ 8.125, 14.125, 8, 14.375 ], "texture": "#tbf-rightwing" }
			}
		},
		{
			"__comment": "Voxels",
			"from": [ 14.8661, 2.5197, 6.4252 ],
			"to": [ 19.40153, 3.023637, 6.929137 ],
			"faces": {
				"down": { "uv": [ 10.5, 15.625, 11.625, 15.75 ], "texture": "#tbf-rightwing" },
				"up": { "uv": [ 11.625, 15.75, 12.75, 15.625 ], "texture": "#tbf-rightwing" },
				"north": { "uv": [ 13.875, 15.625, 12.75, 15.75 ], "texture": "#tbf-rightwing" },
				"south": { "uv": [ 8.25, 15.625, 9.375, 15.75 ], "texture": "#tbf-rightwing" },
				"west": { "uv": [ 8.5, 12.875, 8.625, 13 ], "texture": "#tbf-rightwing" },
				"east": { "uv": [ 8.625, 12.75, 8.5, 12.875 ], "texture": "#tbf-rightwing" }
			}
		},
		{
			"__comment": "Voxels",
			"from": [ 14.8661, 3.5276, 1.8898 ],
			"to": [ 31.99996, 4.031537, 2.393737 ],
			"faces": {
				"down": { "uv": [ 3.5, 15.125, 7.75, 15.25 ], "texture": "#tbf-rightwing" },
				"up": { "uv": [ 3.5, 15.375, 7.75, 15.25 ], "texture": "#tbf-rightwing" },
				"north": { "uv": [ 7.75, 15.375, 3.5, 15.5 ], "texture": "#tbf-rightwing" },
				"south": { "uv": [ 3.5, 15.5, 7.75, 15.625 ], "texture": "#tbf-rightwing" },
				"west": { "uv": [ 8.5, 12.375, 8.625, 12.5 ], "texture": "#tbf-rightwing" },
				"east": { "uv": [ 8.625, 10, 8.5, 10.125 ], "texture": "#tbf-rightwing" }
			}
		},
		{
			"__comment": "Voxels",
			"from": [ 15.3701, 2.0157, -1.6378 ],
			"to": [ 15.87404, 3.527511, 4.913381 ],
			"faces": {
				"down": { "uv": [ 3.75, 9.125, 3.875, 10.75 ], "texture": "#tbf-rightwing" },
				"up": { "uv": [ 3.625, 10.75, 3.75, 9.125 ], "texture": "#tbf-rightwing" },
				"north": { "uv": [ 3.75, 8, 3.625, 8.375 ], "texture": "#tbf-rightwing" },
				"south": { "uv": [ 3.625, 8.375, 3.75, 8.75 ], "texture": "#tbf-rightwing" },
				"west": { "uv": [ 0.375, 9.625, 2, 10 ], "texture": "#tbf-rightwing" },
				"east": { "uv": [ 2, 9.25, 0.375, 9.625 ], "texture": "#tbf-rightwing" }
			}
		},
		{
			"__comment": "Voxels",
			"from": [ 15.3701, 2.5197, -2.1417 ],
			"to": [ 20.40947, 3.527574, -1.637763 ],
			"faces": {
				"down": { "uv": [ 3.875, 8.375, 5.125, 8.5 ], "texture": "#tbf-rightwing" },
				"up": { "uv": [ 3.875, 8.375, 5.125, 8.25 ], "texture": "#tbf-rightwing" },
				"north": { "uv": [ 8, 13.125, 6.75, 13.375 ], "texture": "#tbf-rightwing" },
				"south": { "uv": [ 3.5, 12.875, 4.75, 13.125 ], "texture": "#tbf-rightwing" },
				"west": { "uv": [ 8.125, 12, 8.25, 12.25 ], "texture": "#tbf-rightwing" },
				"east": { "uv": [ 8.25, 10.75, 8.125, 11 ], "texture": "#tbf-rightwing" }
			}
		},
		{
			"__comment": "Voxels",
			"from": [ 15.3701, 2.5197, 4.9134 ],
			"to": [ 20.40947, 3.527574, 5.417336 ],
			"faces": {
				"down": { "uv": [ 6.875, 10.625, 8.125, 10.75 ], "texture": "#tbf-rightwing" },
				"up": { "uv": [ 6.875, 10.625, 8.125, 10.5 ], "texture": "#tbf-rightwing" },
				"north": { "uv": [ 6, 12.875, 4.75, 13.125 ], "texture": "#tbf-rightwing" },
				"south": { "uv": [ 6, 12.875, 7.25, 13.125 ], "texture": "#tbf-rightwing" },
				"west": { "uv": [ 8.125, 11, 8.25, 11.25 ], "texture": "#tbf-rightwing" },
				"east": { "uv": [ 8.25, 11.25, 8.125, 11.5 ], "texture": "#tbf-rightwing" }
			}
		},
		{
			"__comment": "Voxels",
			"from": [ 15.3701, 2.5197, 5.4173 ],
			"to": [ 20.40947, 3.023637, 5.921237 ],
			"faces": {
				"down": { "uv": [ 6.75, 10.125, 8, 10.25 ], "texture": "#tbf-rightwing" },
				"up": { "uv": [ 6.75, 10.125, 8, 10 ], "texture": "#tbf-rightwing" },
				"north": { "uv": [ 8, 9.875, 6.75, 10 ], "texture": "#tbf-rightwing" },
				"south": { "uv": [ 6.75, 9.75, 8, 9.875 ], "texture": "#tbf-rightwing" },
				"west": { "uv": [ 8, 9.375, 8.125, 9.5 ], "texture": "#tbf-rightwing" },
				"east": { "uv": [ 8.125, 9.875, 8, 10 ], "texture": "#tbf-rightwing" }
			}
		},
		{
			"__comment": "Voxels",
			"from": [ 15.3701, 3.5276, -2.6457 ],
			"to": [ 21.41734, 4.031537, -2.141763 ],
			"faces": {
				"down": { "uv": [ 5.25, 10.125, 6.75, 10.25 ], "texture": "#tbf-rightwing" },
				"up": { "uv": [ 5.25, 9.125, 6.75, 9 ], "texture": "#tbf-rightwing" },
				"north": { "uv": [ 6.75, 10, 5.25, 10.125 ], "texture": "#tbf-rightwing" },
				"south": { "uv": [ 5.25, 9.875, 6.75, 10 ], "texture": "#tbf-rightwing" },
				"west": { "uv": [ 8, 9.5, 8.125, 9.625 ], "texture": "#tbf-rightwing" },
				"east": { "uv": [ 8.125, 10.25, 8, 10.375 ], "texture": "#tbf-rightwing" }
			}
		},
		{
			"__comment": "Voxels",
			"from": [ 15.874, 2.0157, -1.1339 ],
			"to": [ 16.37794, 3.527511, 3.90547 ],
			"faces": {
				"down": { "uv": [ 8.125, 14.5, 8.25, 15.75 ], "texture": "#tbf-rightwing" },
				"up": { "uv": [ 3.5, 9.375, 3.625, 8.125 ], "texture": "#tbf-rightwing" },
				"north": { "uv": [ 3.5, 13.5, 3.375, 13.875 ], "texture": "#tbf-rightwing" },
				"south": { "uv": [ 3.375, 13.875, 3.5, 14.25 ], "texture": "#tbf-rightwing" },
				"west": { "uv": [ 2.125, 11.375, 3.375, 11.75 ], "texture": "#tbf-rightwing" },
				"east": { "uv": [ 3.25, 9.625, 2, 10 ], "texture": "#tbf-rightwing" }
			}
		},
		{
			"__comment": "Voxels",
			"from": [ 15.874, 2.5197, -1.6378 ],
			"to": [ 20.91337, 3.527574, -1.133863 ],
			"faces": {
				"down": { "uv": [ 6.75, 9.125, 8, 9.25 ], "texture": "#tbf-rightwing" },
				"up": { "uv": [ 6.75, 9.125, 8, 9 ], "texture": "#tbf-rightwing" },
				"north": { "uv": [ 7.25, 12.625, 6, 12.875 ], "texture": "#tbf-rightwing" },
				"south": { "uv": [ 3.5, 12.375, 4.75, 12.625 ], "texture": "#tbf-rightwing" },
				"west": { "uv": [ 8.125, 13.25, 8.25, 13.5 ], "texture": "#tbf-rightwing" },
				"east": { "uv": [ 8.25, 13.75, 8.125, 14 ], "texture": "#tbf-rightwing" }
			}
		},
		{
			"__comment": "Voxels",
			"from": [ 15.874, 2.5197, 3.9055 ],
			"to": [ 20.91337, 3.527574, 4.913374 ],
			"faces": {
				"down": { "uv": [ 4.75, 12.375, 6, 12.625 ], "texture": "#tbf-rightwing" },
				"up": { "uv": [ 6, 12.625, 7.25, 12.375 ], "texture": "#tbf-rightwing" },
				"north": { "uv": [ 6, 12.125, 4.75, 12.375 ], "texture": "#tbf-rightwing" },
				"south": { "uv": [ 6, 12.125, 7.25, 12.375 ], "texture": "#tbf-rightwing" },
				"west": { "uv": [ 8.25, 12.625, 8.5, 12.875 ], "texture": "#tbf-rightwing" },
				"east": { "uv": [ 8.5, 12.875, 8.25, 13.125 ], "texture": "#tbf-rightwing" }
			}
		},
		{
			"__comment": "Voxels",
			"from": [ 16.378, 2.0157, 0.8819 ],
			"to": [ 16.88194, 3.527511, 1.889774 ],
			"faces": {
				"down": { "uv": [ 8.125, 14, 8.25, 14.25 ], "texture": "#tbf-rightwing" },
				"up": { "uv": [ 8, 13.625, 8.125, 13.375 ], "texture": "#tbf-rightwing" },
				"north": { "uv": [ 3.5, 11, 3.375, 11.375 ], "texture": "#tbf-rightwing" },
				"south": { "uv": [ 3.375, 11.375, 3.5, 11.75 ], "texture": "#tbf-rightwing" },
				"west": { "uv": [ 8.25, 14.25, 8.5, 14.625 ], "texture": "#tbf-rightwing" },
				"east": { "uv": [ 3.5, 8, 3.25, 8.375 ], "texture": "#tbf-rightwing" }
			}
		},
		{
			"__comment": "Voxels",
			"from": [ 16.378, 2.5197, -1.1339 ],
			"to": [ 21.41737, 3.527574, 0.8818481 ],
			"faces": {
				"down": { "uv": [ 0.375, 10, 1.625, 10.5 ], "texture": "#tbf-rightwing" },
				"up": { "uv": [ 1.625, 10.5, 2.875, 10 ], "texture": "#tbf-rightwing" },
				"north": { "uv": [ 5, 13.25, 3.75, 13.5 ], "texture": "#tbf-rightwing" },
				"south": { "uv": [ 5, 13.25, 6.25, 13.5 ], "texture": "#tbf-rightwing" },
				"west": { "uv": [ 2.875, 10, 3.375, 10.25 ], "texture": "#tbf-rightwing" },
				"east": { "uv": [ 6.75, 13.25, 6.25, 13.5 ], "texture": "#tbf-rightwing" }
			}
		},
		{
			"__comment": "Voxels",
			"from": [ 16.378, 2.5197, 1.8898 ],
			"to": [ 21.92131, 3.527574, 2.393737 ],
			"faces": {
				"down": { "uv": [ 3.875, 10.625, 5.25, 10.75 ], "texture": "#tbf-rightwing" },
				"up": { "uv": [ 3.875, 10.25, 5.25, 10.125 ], "texture": "#tbf-rightwing" },
				"north": { "uv": [ 3.375, 9.125, 2, 9.375 ], "texture": "#tbf-rightwing" },
				"south": { "uv": [ 2, 8.875, 3.375, 9.125 ], "texture": "#tbf-rightwing" },
				"west": { "uv": [ 3.375, 8.625, 3.5, 8.875 ], "texture": "#tbf-rightwing" },
				"east": { "uv": [ 8.25, 12.25, 8.125, 12.5 ], "texture": "#tbf-rightwing" }
			}
		},
		{
			"__comment": "Voxels",
			"from": [ 16.378, 2.5197, 2.3937 ],
			"to": [ 21.41737, 4.031511, 2.897637 ],
			"faces": {
				"down": { "uv": [ 6.75, 9.5, 8, 9.625 ], "texture": "#tbf-rightwing" },
				"up": { "uv": [ 6.75, 9.5, 8, 9.375 ], "texture": "#tbf-rightwing" },
				"north": { "uv": [ 3.375, 11, 2.125, 11.375 ], "texture": "#tbf-rightwing" },
				"south": { "uv": [ 0.375, 8.875, 1.625, 9.25 ], "texture": "#tbf-rightwing" },
				"west": { "uv": [ 3.625, 8.75, 3.75, 9.125 ], "texture": "#tbf-rightwing" },
				"east": { "uv": [ 2.375, 12.375, 2.25, 12.75 ], "texture": "#tbf-rightwing" }
			}
		},
		{
			"__comment": "Voxels",
			"from": [ 16.378, 2.5197, 2.8976 ],
			"to": [ 21.41737, 3.527574, 3.905474 ],
			"faces": {
				"down": { "uv": [ 2, 8.125, 3.25, 8.375 ], "texture": "#tbf-rightwing" },
				"up": { "uv": [ 4.75, 12.875, 6, 12.625 ], "texture": "#tbf-rightwing" },
				"north": { "uv": [ 6, 11.875, 4.75, 12.125 ], "texture": "#tbf-rightwing" },
				"south": { "uv": [ 3.5, 11.875, 4.75, 12.125 ], "texture": "#tbf-rightwing" },
				"west": { "uv": [ 3.25, 12.75, 3.5, 13 ], "texture": "#tbf-rightwing" },
				"east": { "uv": [ 8.5, 12.125, 8.25, 12.375 ], "texture": "#tbf-rightwing" }
			}
		},
		{
			"__comment": "Voxels",
			"from": [ 16.8819, 2.5197, 0.8819 ],
			"to": [ 21.92127, 3.527574, 1.889774 ],
			"faces": {
				"down": { "uv": [ 3.5, 12.625, 4.75, 12.875 ], "texture": "#tbf-rightwing" },
				"up": { "uv": [ 6.75, 13.625, 8, 13.375 ], "texture": "#tbf-rightwing" },
				"north": { "uv": [ 8, 13.625, 6.75, 13.875 ], "texture": "#tbf-rightwing" },
				"south": { "uv": [ 3.5, 12.125, 4.75, 12.375 ], "texture": "#tbf-rightwing" },
				"west": { "uv": [ 8.25, 13.625, 8.5, 13.875 ], "texture": "#tbf-rightwing" },
				"east": { "uv": [ 6.75, 8, 6.5, 8.25 ], "texture": "#tbf-rightwing" }
			}
		},
		{
			"__comment": "Voxels",
			"from": [ 16.8819, 3.0236, 6.4252 ],
			"to": [ 24.44095, 3.527537, 6.929137 ],
			"faces": {
				"down": { "uv": [ 5.375, 11.25, 7.25, 11.375 ], "texture": "#tbf-rightwing" },
				"up": { "uv": [ 5.375, 11.5, 7.25, 11.375 ], "texture": "#tbf-rightwing" },
				"north": { "uv": [ 5.375, 11.375, 3.5, 11.5 ], "texture": "#tbf-rightwing" },
				"south": { "uv": [ 3.5, 11.25, 5.375, 11.375 ], "texture": "#tbf-rightwing" },
				"west": { "uv": [ 0.25, 8, 0.375, 8.125 ], "texture": "#tbf-rightwing" },
				"east": { "uv": [ 3.625, 8, 3.5, 8.125 ], "texture": "#tbf-rightwing" }
			}
		},
		{
			"__comment": "Voxels",
			"from": [ 17.3858, 3.0236, -3.1496 ],
			"to": [ 18.89761, 3.527537, -2.645663 ],
			"faces": {
				"down": { "uv": [ 7.75, 11.5, 8.125, 11.625 ], "texture": "#tbf-rightwing" },
				"up": { "uv": [ 15.625, 15.875, 16, 15.75 ], "texture": "#tbf-rightwing" },
				"north": { "uv": [ 8.625, 12, 8.25, 12.125 ], "texture": "#tbf-rightwing" },
				"south": { "uv": [ 8.25, 11.875, 8.625, 12 ], "texture": "#tbf-rightwing" },
				"west": { "uv": [ 3.75, 8, 3.875, 8.125 ], "texture": "#tbf-rightwing" },
				"east": { "uv": [ 5.25, 9.125, 5.125, 9.25 ], "texture": "#tbf-rightwing" }
			}
		},
		{
			"__comment": "Voxels",
			"from": [ 17.8898, 3.5276, 2.8976 ],
			"to": [ 31.4961, 4.031537, 3.401537 ],
			"faces": {
				"down": { "uv": [ 3.75, 14.75, 7.125, 14.875 ], "texture": "#tbf-rightwing" },
				"up": { "uv": [ 3.75, 14.75, 7.125, 14.625 ], "texture": "#tbf-rightwing" },
				"north": { "uv": [ 7.125, 14.5, 3.75, 14.625 ], "texture": "#tbf-rightwing" },
				"south": { "uv": [ 3.75, 14.375, 7.125, 14.5 ], "texture": "#tbf-rightwing" },
				"west": { "uv": [ 8, 10.375, 8.125, 10.5 ], "texture": "#tbf-rightwing" },
				"east": { "uv": [ 5.25, 9, 5.125, 9.125 ], "texture": "#tbf-rightwing" }
			}
		},
		{
			"__comment": "Voxels",
			"from": [ 18.8976, 3.0236, 6.9291 ],
			"to": [ 22.42516, 3.527537, 7.433037 ],
			"faces": {
				"down": { "uv": [ 8.25, 15.375, 9.125, 15.5 ], "texture": "#tbf-rightwing" },
				"up": { "uv": [ 7.25, 12.375, 8.125, 12.25 ], "texture": "#tbf-rightwing" },
				"north": { "uv": [ 15.75, 15.5, 14.875, 15.625 ], "texture": "#tbf-rightwing" },
				"south": { "uv": [ 14, 15.5, 14.875, 15.625 ], "texture": "#tbf-rightwing" },
				"west": { "uv": [ 5.125, 8.875, 5.25, 9 ], "texture": "#tbf-rightwing" },
				"east": { "uv": [ 5.25, 8.75, 5.125, 8.875 ], "texture": "#tbf-rightwing" }
			}
		},
		{
			"__comment": "Voxels",
			"from": [ 18.8976, 3.0236, 7.4331 ],
			"to": [ 20.40941, 3.527537, 7.937037 ],
			"faces": {
				"down": { "uv": [ 8.25, 11.25, 8.625, 11.375 ], "texture": "#tbf-rightwing" },
				"up": { "uv": [ 8.25, 11.25, 8.625, 11.125 ], "texture": "#tbf-rightwing" },
				"north": { "uv": [ 8.625, 11, 8.25, 11.125 ], "texture": "#tbf-rightwing" },
				"south": { "uv": [ 8.25, 10.875, 8.625, 11 ], "texture": "#tbf-rightwing" },
				"west": { "uv": [ 5.125, 8.625, 5.25, 8.75 ], "texture": "#tbf-rightwing" },
				"east": { "uv": [ 5.25, 8.5, 5.125, 8.625 ], "texture": "#tbf-rightwing" }
			}
		},
		{
			"__comment": "Voxels",
			"from": [ 19.4016, 3.0236, -2.6457 ],
			"to": [ 22.42522, 3.527537, -2.141763 ],
			"faces": {
				"down": { "uv": [ 8.625, 15.25, 9.375, 15.375 ], "texture": "#tbf-rightwing" },
				"up": { "uv": [ 10, 15.5, 10.75, 15.375 ], "texture": "#tbf-rightwing" },
				"north": { "uv": [ 11.5, 15.375, 10.75, 15.5 ], "texture": "#tbf-rightwing" },
				"south": { "uv": [ 11.5, 15.375, 12.25, 15.5 ], "texture": "#tbf-rightwing" },
				"west": { "uv": [ 5.125, 8.375, 5.25, 8.5 ], "texture": "#tbf-rightwing" },
				"east": { "uv": [ 5.25, 8.25, 5.125, 8.375 ], "texture": "#tbf-rightwing" }
			}
		},
		{
			"__comment": "Voxels",
			"from": [ 19.4016, 3.5276, 3.4016 ],
			"to": [ 31.49609, 4.031537, 3.905537 ],
			"faces": {
				"down": { "uv": [ 12.75, 15.875, 15.75, 16 ], "texture": "#tbf-rightwing" },
				"up": { "uv": [ 3.75, 13.875, 6.75, 13.75 ], "texture": "#tbf-rightwing" },
				"north": { "uv": [ 6.75, 13.625, 3.75, 13.75 ], "texture": "#tbf-rightwing" },
				"south": { "uv": [ 3.75, 13.5, 6.75, 13.625 ], "texture": "#tbf-rightwing" },
				"west": { "uv": [ 5.125, 8.125, 5.25, 8.25 ], "texture": "#tbf-rightwing" },
				"east": { "uv": [ 5.25, 8, 5.125, 8.125 ], "texture": "#tbf-rightwing" }
			}
		},
		{
			"__comment": "Voxels",
			"from": [ 19.9055, 3.0236, 5.9213 ],
			"to": [ 26.45668, 3.527537, 6.425237 ],
			"faces": {
				"down": { "uv": [ 5.25, 10.5, 6.875, 10.625 ], "texture": "#tbf-rightwing" },
				"up": { "uv": [ 5.25, 10.75, 6.875, 10.625 ], "texture": "#tbf-rightwing" },
				"north": { "uv": [ 5.25, 10.75, 3.625, 10.875 ], "texture": "#tbf-rightwing" },
				"south": { "uv": [ 5.25, 10.75, 6.875, 10.875 ], "texture": "#tbf-rightwing" },
				"west": { "uv": [ 8, 10.125, 8.125, 10.25 ], "texture": "#tbf-rightwing" },
				"east": { "uv": [ 8.125, 10, 8, 10.125 ], "texture": "#tbf-rightwing" }
			}
		},
		{
			"__comment": "Voxels",
			"from": [ 20.4094, 3.0236, -2.1417 ],
			"to": [ 24.4409, 3.527537, -1.637763 ],
			"faces": {
				"down": { "uv": [ 7.125, 11, 8.125, 11.125 ], "texture": "#tbf-rightwing" },
				"up": { "uv": [ 7.125, 11.25, 8.125, 11.125 ], "texture": "#tbf-rightwing" },
				"north": { "uv": [ 8.125, 10.875, 7.125, 11 ], "texture": "#tbf-rightwing" },
				"south": { "uv": [ 15, 15.625, 16, 15.75 ], "texture": "#tbf-rightwing" },
				"west": { "uv": [ 8, 9.75, 8.125, 9.875 ], "texture": "#tbf-rightwing" },
				"east": { "uv": [ 8.125, 9.625, 8, 9.75 ], "texture": "#tbf-rightwing" }
			}
		},
		{
			"__comment": "Voxels",
			"from": [ 20.4094, 3.0236, 4.9134 ],
			"to": [ 25.95271, 3.527537, 5.417336 ],
			"faces": {
				"down": { "uv": [ 3.875, 10.375, 5.25, 10.5 ], "texture": "#tbf-rightwing" },
				"up": { "uv": [ 3.875, 9.875, 5.25, 9.75 ], "texture": "#tbf-rightwing" },
				"north": { "uv": [ 5.25, 9.875, 3.875, 10 ], "texture": "#tbf-rightwing" },
				"south": { "uv": [ 3.875, 10, 5.25, 10.125 ], "texture": "#tbf-rightwing" },
				"west": { "uv": [ 8, 9.25, 8.125, 9.375 ], "texture": "#tbf-rightwing" },
				"east": { "uv": [ 8.375, 9.625, 8.25, 9.75 ], "texture": "#tbf-rightwing" }
			}
		},
		{
			"__comment": "Voxels",
			"from": [ 20.9134, 3.0236, -1.6378 ],
			"to": [ 25.95277, 3.527537, -1.133863 ],
			"faces": {
				"down": { "uv": [ 6.875, 10.75, 8.125, 10.875 ], "texture": "#tbf-rightwing" },
				"up": { "uv": [ 3.875, 8.125, 5.125, 8 ], "texture": "#tbf-rightwing" },
				"north": { "uv": [ 5.125, 8.625, 3.875, 8.75 ], "texture": "#tbf-rightwing" },
				"south": { "uv": [ 3.875, 8.75, 5.125, 8.875 ], "texture": "#tbf-rightwing" },
				"west": { "uv": [ 8.375, 9.875, 8.5, 10 ], "texture": "#tbf-rightwing" },
				"east": { "uv": [ 8.375, 9.875, 8.25, 10 ], "texture": "#tbf-rightwing" }
			}
		},
		{
			"__comment": "Voxels",
			"from": [ 20.9134, 3.0236, 3.9055 ],
			"to": [ 26.45671, 4.031474, 4.409437 ],
			"faces": {
				"down": { "uv": [ 3.875, 10.25, 5.25, 10.375 ], "texture": "#tbf-rightwing" },
				"up": { "uv": [ 3.875, 10.625, 5.25, 10.5 ], "texture": "#tbf-rightwing" },
				"north": { "uv": [ 3.375, 8.625, 2, 8.875 ], "texture": "#tbf-rightwing" },
				"south": { "uv": [ 0.375, 8, 1.75, 8.25 ], "texture": "#tbf-rightwing" },
				"west": { "uv": [ 3.75, 8.125, 3.875, 8.375 ], "texture": "#tbf-rightwing" },
				"east": { "uv": [ 8.125, 13.125, 8, 13.375 ], "texture": "#tbf-rightwing" }
			}
		},
		{
			"__comment": "Voxels",
			"from": [ 20.9134, 3.0236, 4.4095 ],
			"to": [ 25.95277, 3.527537, 4.913437 ],
			"faces": {
				"down": { "uv": [ 6.75, 8.375, 8, 8.5 ], "texture": "#tbf-rightwing" },
				"up": { "uv": [ 6.75, 8.875, 8, 8.75 ], "texture": "#tbf-rightwing" },
				"north": { "uv": [ 8, 10.375, 6.75, 10.5 ], "texture": "#tbf-rightwing" },
				"south": { "uv": [ 3.875, 8.125, 5.125, 8.25 ], "texture": "#tbf-rightwing" },
				"west": { "uv": [ 8.5, 13.75, 8.625, 13.875 ], "texture": "#tbf-rightwing" },
				"east": { "uv": [ 8.625, 13.5, 8.5, 13.625 ], "texture": "#tbf-rightwing" }
			}
		},
		{
			"__comment": "Voxels",
			"from": [ 21.4173, 2.5197, 0.378 ],
			"to": [ 21.92124, 3.527574, 0.881937 ],
			"faces": {
				"down": { "uv": [ 8.5, 13.625, 8.625, 13.75 ], "texture": "#tbf-rightwing" },
				"up": { "uv": [ 8.5, 13.125, 8.625, 13 ], "texture": "#tbf-rightwing" },
				"north": { "uv": [ 8.25, 9.5, 8.125, 9.75 ], "texture": "#tbf-rightwing" },
				"south": { "uv": [ 8.125, 12.5, 8.25, 12.75 ], "texture": "#tbf-rightwing" },
				"west": { "uv": [ 8.125, 12.75, 8.25, 13 ], "texture": "#tbf-rightwing" },
				"east": { "uv": [ 8.25, 14.25, 8.125, 14.5 ], "texture": "#tbf-rightwing" }
			}
		},
		{
			"__comment": "Voxels",
			"from": [ 21.4173, 3.0236, -1.1339 ],
			"to": [ 26.45667, 3.527537, 0.3779111 ],
			"faces": {
				"down": { "uv": [ 2.25, 11.75, 3.5, 12.125 ], "texture": "#tbf-rightwing" },
				"up": { "uv": [ 0.375, 8.875, 1.625, 8.5 ], "texture": "#tbf-rightwing" },
				"north": { "uv": [ 8, 8.5, 6.75, 8.625 ], "texture": "#tbf-rightwing" },
				"south": { "uv": [ 6.75, 8.25, 8, 8.375 ], "texture": "#tbf-rightwing" },
				"west": { "uv": [ 1.625, 8.5, 2, 8.625 ], "texture": "#tbf-rightwing" },
				"east": { "uv": [ 8.125, 15.5, 7.75, 15.625 ], "texture": "#tbf-rightwing" }
			}
		},
		{
			"__comment": "Voxels",
			"from": [ 21.4173, 3.0236, 2.3937 ],
			"to": [ 26.96061, 4.031474, 2.897637 ],
			"faces": {
				"down": { "uv": [ 3.875, 9.5, 5.25, 9.625 ], "texture": "#tbf-rightwing" },
				"up": { "uv": [ 3.875, 9.5, 5.25, 9.375 ], "texture": "#tbf-rightwing" },
				"north": { "uv": [ 3.375, 9.375, 2, 9.625 ], "texture": "#tbf-rightwing" },
				"south": { "uv": [ 0.375, 8.25, 1.75, 8.5 ], "texture": "#tbf-rightwing" },
				"west": { "uv": [ 8.125, 10, 8.25, 10.25 ], "texture": "#tbf-rightwing" },
				"east": { "uv": [ 8.25, 10.25, 8.125, 10.5 ], "texture": "#tbf-rightwing" }
			}
		},
		{
			"__comment": "Voxels",
			"from": [ 21.4173, 3.0236, 2.8976 ],
			"to": [ 26.45667, 3.527537, 3.905474 ],
			"faces": {
				"down": { "uv": [ 6.75, 14.125, 8, 14.375 ], "texture": "#tbf-rightwing" },
				"up": { "uv": [ 6.75, 14.125, 8, 13.875 ], "texture": "#tbf-rightwing" },
				"north": { "uv": [ 15.625, 15.75, 14.375, 15.875 ], "texture": "#tbf-rightwing" },
				"south": { "uv": [ 6.875, 11.625, 8.125, 11.75 ], "texture": "#tbf-rightwing" },
				"west": { "uv": [ 6.5, 8.25, 6.75, 8.375 ], "texture": "#tbf-rightwing" },
				"east": { "uv": [ 8.5, 10.125, 8.25, 10.25 ], "texture": "#tbf-rightwing" }
			}
		},
		{
			"__comment": "Voxels",
			"from": [ 21.9213, 3.0236, 0.378 ],
			"to": [ 26.96067, 3.527537, 2.393748 ],
			"faces": {
				"down": { "uv": [ 1.625, 10.5, 2.875, 11 ], "texture": "#tbf-rightwing" },
				"up": { "uv": [ 0.375, 11, 1.625, 10.5 ], "texture": "#tbf-rightwing" },
				"north": { "uv": [ 8.125, 11.75, 6.875, 11.875 ], "texture": "#tbf-rightwing" },
				"south": { "uv": [ 5, 13.125, 6.25, 13.25 ], "texture": "#tbf-rightwing" },
				"west": { "uv": [ 6.25, 13.125, 6.75, 13.25 ], "texture": "#tbf-rightwing" },
				"east": { "uv": [ 14.875, 15.25, 14.375, 15.375 ], "texture": "#tbf-rightwing" }
			}
		},
		{
			"__comment": "Voxels",
			"from": [ 22.4252, 3.5276, 4.4095 ],
			"to": [ 30.99213, 4.031537, 4.913437 ],
			"faces": {
				"down": { "uv": [ 5.625, 11.5, 7.75, 11.625 ], "texture": "#tbf-rightwing" },
				"up": { "uv": [ 3.5, 11.625, 5.625, 11.5 ], "texture": "#tbf-rightwing" },
				"north": { "uv": [ 6.875, 11.625, 4.75, 11.75 ], "texture": "#tbf-rightwing" },
				"south": { "uv": [ 4.75, 11.75, 6.875, 11.875 ], "texture": "#tbf-rightwing" },
				"west": { "uv": [ 8.375, 9.375, 8.5, 9.5 ], "texture": "#tbf-rightwing" },
				"east": { "uv": [ 8.625, 9.375, 8.5, 9.5 ], "texture": "#tbf-rightwing" }
			}
		},
		{
			"__comment": "Voxels",
			"from": [ 23.937, 3.5276, 4.9134 ],
			"to": [ 30.99212, 4.031537, 5.417336 ],
			"faces": {
				"down": { "uv": [ 3.625, 11, 5.375, 11.125 ], "texture": "#tbf-rightwing" },
				"up": { "uv": [ 3.625, 11.25, 5.375, 11.125 ], "texture": "#tbf-rightwing" },
				"north": { "uv": [ 7.125, 10.875, 5.375, 11 ], "texture": "#tbf-rightwing" },
				"south": { "uv": [ 3.625, 10.875, 5.375, 11 ], "texture": "#tbf-rightwing" },
				"west": { "uv": [ 8, 9, 8.125, 9.125 ], "texture": "#tbf-rightwing" },
				"east": { "uv": [ 8.125, 8.875, 8, 9 ], "texture": "#tbf-rightwing" }
			}
		},
		{
			"__comment": "Voxels",
			"from": [ 24.9449, 4.0315, -0.6299 ],
			"to": [ 32.0, 4.535437, 0.881911 ],
			"faces": {
				"down": { "uv": [ 0.375, 11, 2.125, 11.375 ], "texture": "#tbf-rightwing" },
				"up": { "uv": [ 0.375, 11.75, 2.125, 11.375 ], "texture": "#tbf-rightwing" },
				"north": { "uv": [ 7.125, 11, 5.375, 11.125 ], "texture": "#tbf-rightwing" },
				"south": { "uv": [ 5.375, 11.125, 7.125, 11.25 ], "texture": "#tbf-rightwing" },
				"west": { "uv": [ 7.75, 15.375, 8.125, 15.5 ], "texture": "#tbf-rightwing" },
				"east": { "uv": [ 8.125, 15.25, 7.75, 15.375 ], "texture": "#tbf-rightwing" }
			}
		},
		{
			"__comment": "Voxels",
			"from": [ 25.4488, 3.5276, 5.4173 ],
			"to": [ 28.97636, 4.031537, 5.921237 ],
			"faces": {
				"down": { "uv": [ 7.25, 12.125, 8.125, 12.25 ], "texture": "#tbf-rightwing" },
				"up": { "uv": [ 7.25, 15.125, 8.125, 15 ], "texture": "#tbf-rightwing" },
				"north": { "uv": [ 14, 15.5, 13.125, 15.625 ], "texture": "#tbf-rightwing" },
				"south": { "uv": [ 9.125, 15.375, 10, 15.5 ], "texture": "#tbf-rightwing" },
				"west": { "uv": [ 8.125, 9.125, 8.25, 9.25 ], "texture": "#tbf-rightwing" },
				"east": { "uv": [ 8.625, 9.75, 8.5, 9.875 ], "texture": "#tbf-rightwing" }
			}
		},
		{
			"__comment": "Voxels",
			"from": [ 25.9528, 4.0315, -1.1339 ],
			"to": [ 32.0, 4.535437, -0.6299629 ],
			"faces": {
				"down": { "uv": [ 5.25, 9.125, 6.75, 9.25 ], "texture": "#tbf-rightwing" },
				"up": { "uv": [ 5.25, 9.375, 6.75, 9.25 ], "texture": "#tbf-rightwing" },
				"north": { "uv": [ 6.75, 10.375, 5.25, 10.5 ], "texture": "#tbf-rightwing" },
				"south": { "uv": [ 5.25, 9.375, 6.75, 9.5 ], "texture": "#tbf-rightwing" },
				"west": { "uv": [ 8.125, 8.875, 8.25, 9 ], "texture": "#tbf-rightwing" },
				"east": { "uv": [ 8.25, 8.75, 8.125, 8.875 ], "texture": "#tbf-rightwing" }
			}
		},
		{
			"__comment": "Voxels",
			"from": [ 25.9528, 4.0315, 0.8819 ],
			"to": [ 32.0, 4.535437, 1.385837 ],
			"faces": {
				"down": { "uv": [ 5.25, 9.625, 6.75, 9.75 ], "texture": "#tbf-rightwing" },
				"up": { "uv": [ 5.25, 9.875, 6.75, 9.75 ], "texture": "#tbf-rightwing" },
				"north": { "uv": [ 6.75, 10.25, 5.25, 10.375 ], "texture": "#tbf-rightwing" },
				"south": { "uv": [ 5.25, 9.5, 6.75, 9.625 ], "texture": "#tbf-rightwing" },
				"west": { "uv": [ 8.125, 8.375, 8.25, 8.5 ], "texture": "#tbf-rightwing" },
				"east": { "uv": [ 8.25, 8.25, 8.125, 8.375 ], "texture": "#tbf-rightwing" }
			}
		},
		{
			"__comment": "Voxels",
			"from": [ 26.4567, 3.0236, -0.126 ],
			"to": [ 26.96064, 4.031474, 0.377937 ],
			"faces": {
				"down": { "uv": [ 8.125, 8.125, 8.25, 8.25 ], "texture": "#tbf-rightwing" },
				"up": { "uv": [ 8.125, 8.125, 8.25, 8 ], "texture": "#tbf-rightwing" },
				"north": { "uv": [ 8.25, 11.75, 8.125, 12 ], "texture": "#tbf-rightwing" },
				"south": { "uv": [ 8.125, 11.5, 8.25, 11.75 ], "texture": "#tbf-rightwing" },
				"west": { "uv": [ 8, 12.875, 8.125, 13.125 ], "texture": "#tbf-rightwing" },
				"east": { "uv": [ 8.25, 9.75, 8.125, 10 ], "texture": "#tbf-rightwing" }
			}
		},
		{
			"__comment": "Voxels",
			"from": [ 26.4567, 3.5276, -1.6378 ],
			"to": [ 29.98426, 4.031537, -0.125989 ],
			"faces": {
				"down": { "uv": [ 2.5, 13.5, 3.375, 13.875 ], "texture": "#tbf-rightwing" },
				"up": { "uv": [ 2.5, 14.25, 3.375, 13.875 ], "texture": "#tbf-rightwing" },
				"north": { "uv": [ 8.125, 11.25, 7.25, 11.375 ], "texture": "#tbf-rightwing" },
				"south": { "uv": [ 12.25, 15.5, 13.125, 15.625 ], "texture": "#tbf-rightwing" },
				"west": { "uv": [ 7.75, 15.125, 8.125, 15.25 ], "texture": "#tbf-rightwing" },
				"east": { "uv": [ 8.625, 11.75, 8.25, 11.875 ], "texture": "#tbf-rightwing" }
			}
		},
		{
			"__comment": "Voxels",
			"from": [ 26.4567, 3.5276, 0.378 ],
			"to": [ 32.0, 4.031537, 1.385874 ],
			"faces": {
				"down": { "uv": [ 2, 8.375, 3.375, 8.625 ], "texture": "#tbf-rightwing" },
				"up": { "uv": [ 0.375, 12.375, 1.75, 12.125 ], "texture": "#tbf-rightwing" },
				"north": { "uv": [ 5.25, 9.25, 3.875, 9.375 ], "texture": "#tbf-rightwing" },
				"south": { "uv": [ 3.875, 9.625, 5.25, 9.75 ], "texture": "#tbf-rightwing" },
				"west": { "uv": [ 15.75, 15.5, 16, 15.625 ], "texture": "#tbf-rightwing" },
				"east": { "uv": [ 8.5, 10, 8.25, 10.125 ], "texture": "#tbf-rightwing" }
			}
		},
		{
			"__comment": "Voxels",
			"from": [ 26.4567, 3.5276, 3.9055 ],
			"to": [ 31.49607, 4.031537, 4.409437 ],
			"faces": {
				"down": { "uv": [ 3.875, 8.875, 5.125, 9 ], "texture": "#tbf-rightwing" },
				"up": { "uv": [ 3.75, 13.25, 5, 13.125 ], "texture": "#tbf-rightwing" },
				"north": { "uv": [ 3.25, 8, 2, 8.125 ], "texture": "#tbf-rightwing" },
				"south": { "uv": [ 13.125, 15.75, 14.375, 15.875 ], "texture": "#tbf-rightwing" },
				"west": { "uv": [ 8.5, 9.875, 8.625, 10 ], "texture": "#tbf-rightwing" },
				"east": { "uv": [ 8.375, 9.5, 8.25, 9.625 ], "texture": "#tbf-rightwing" }
			}
		},
		{
			"__comment": "Voxels",
			"from": [ 26.9606, 3.5276, -0.126 ],
			"to": [ 31.99997, 4.031537, 0.377937 ],
			"faces": {
				"down": { "uv": [ 11.875, 15.75, 13.125, 15.875 ], "texture": "#tbf-rightwing" },
				"up": { "uv": [ 10.625, 15.875, 11.875, 15.75 ], "texture": "#tbf-rightwing" },
				"north": { "uv": [ 8, 8.625, 6.75, 8.75 ], "texture": "#tbf-rightwing" },
				"south": { "uv": [ 6.75, 9.25, 8, 9.375 ], "texture": "#tbf-rightwing" },
				"west": { "uv": [ 8.5, 14.125, 8.625, 14.25 ], "texture": "#tbf-rightwing" },
				"east": { "uv": [ 8.625, 14, 8.5, 14.125 ], "texture": "#tbf-rightwing" }
			}
		},
		{
			"__comment": "Voxels",
			"from": [ 26.9606, 3.5276, 2.3937 ],
			"to": [ 31.99997, 4.031537, 2.897637 ],
			"faces": {
				"down": { "uv": [ 5.25, 8.125, 6.5, 8.25 ], "texture": "#tbf-rightwing" },
				"up": { "uv": [ 5.25, 8.375, 6.5, 8.25 ], "texture": "#tbf-rightwing" },
				"north": { "uv": [ 6.5, 8.375, 5.25, 8.5 ], "texture": "#tbf-rightwing" },
				"south": { "uv": [ 5.25, 8.5, 6.5, 8.625 ], "texture": "#tbf-rightwing" },
				"west": { "uv": [ 8.5, 13.375, 8.625, 13.5 ], "texture": "#tbf-rightwing" },
				"east": { "uv": [ 8.625, 13.25, 8.5, 13.375 ], "texture": "#tbf-rightwing" }
			}
		},
		{
			"__comment": "Voxels",
			"from": [ 26.9606, 4.0315, 1.3858 ],
			"to": [ 31.99997, 4.535437, 1.889737 ],
			"faces": {
				"down": { "uv": [ 5.25, 8.625, 6.5, 8.75 ], "texture": "#tbf-rightwing" },
				"up": { "uv": [ 5.25, 8.875, 6.5, 8.75 ], "texture": "#tbf-rightwing" },
				"north": { "uv": [ 5.125, 8.5, 3.875, 8.625 ], "texture": "#tbf-rightwing" },
				"south": { "uv": [ 5.25, 8.875, 6.5, 9 ], "texture": "#tbf-rightwing" },
				"west": { "uv": [ 8.5, 12.625, 8.625, 12.75 ], "texture": "#tbf-rightwing" },
				"east": { "uv": [ 8.625, 12.5, 8.5, 12.625 ], "texture": "#tbf-rightwing" }
			}
		},
		{
			"__comment": "Voxels",
			"from": [ 27.9685, 4.0315, 1.8898 ],
			"to": [ 32, 4.535437, 2.393737 ],
			"faces": {
				"down": { "uv": [ 8.25, 15.5, 9.25, 15.625 ], "texture": "#tbf-rightwing" },
				"up": { "uv": [ 9.25, 15.625, 10.25, 15.5 ], "texture": "#tbf-rightwing" },
				"north": { "uv": [ 11.25, 15.5, 10.25, 15.625 ], "texture": "#tbf-rightwing" },
				"south": { "uv": [ 11.25, 15.5, 12.25, 15.625 ], "texture": "#tbf-rightwing" },
				"west": { "uv": [ 8.5, 10.25, 8.625, 10.375 ], "texture": "#tbf-rightwing" },
				"east": { "uv": [ 8.625, 10.125, 8.5, 10.25 ], "texture": "#tbf-rightwing" }
			}
		},
		{
			"__comment": "Voxels",
			"from": [ 28.9764, 4.0315, 2.3937 ],
			"to": [ 32.0, 4.535437, 2.897637 ],
			"faces": {
				"down": { "uv": [ 15.25, 15.375, 16, 15.5 ], "texture": "#tbf-rightwing" },
				"up": { "uv": [ 14.5, 15.5, 15.25, 15.375 ], "texture": "#tbf-rightwing" },
				"north": { "uv": [ 14.5, 15.375, 13.75, 15.5 ], "texture": "#tbf-rightwing" },
				"south": { "uv": [ 13, 15.375, 13.75, 15.5 ], "texture": "#tbf-rightwing" },
				"west": { "uv": [ 8.25, 9.75, 8.375, 9.875 ], "texture": "#tbf-rightwing" },
				"east": { "uv": [ 8.5, 9.75, 8.375, 9.875 ], "texture": "#tbf-rightwing" }
			}
		},
		{
			"__comment": "Voxels",
			"from": [ 29.9842, 3.5276, -1.1339 ],
			"to": [ 31.49601, 4.031537, -0.1260259 ],
			"faces": {
				"down": { "uv": [ 8.25, 14.625, 8.625, 14.875 ], "texture": "#tbf-rightwing" },
				"up": { "uv": [ 8.25, 15.125, 8.625, 14.875 ], "texture": "#tbf-rightwing" },
				"north": { "uv": [ 8.625, 11.625, 8.25, 11.75 ], "texture": "#tbf-rightwing" },
				"south": { "uv": [ 8.25, 11.5, 8.625, 11.625 ], "texture": "#tbf-rightwing" },
				"west": { "uv": [ 6.5, 8.5, 6.75, 8.625 ], "texture": "#tbf-rightwing" },
				"east": { "uv": [ 6.75, 8.375, 6.5, 8.5 ], "texture": "#tbf-rightwing" }
			}
		},
		{
			"__comment": "Voxels",
			"from": [ 30.4882, 4.0315, 2.8976 ],
			"to": [ 32.0, 4.535437, 3.401537 ],
			"faces": {
				"down": { "uv": [ 8.25, 11.375, 8.625, 11.5 ], "texture": "#tbf-rightwing" },
				"up": { "uv": [ 8.25, 10.875, 8.625, 10.75 ], "texture": "#tbf-rightwing" },
				"north": { "uv": [ 8.625, 10.625, 8.25, 10.75 ], "texture": "#tbf-rightwing" },
				"south": { "uv": [ 8.25, 10.5, 8.625, 10.625 ], "texture": "#tbf-rightwing" },
				"west": { "uv": [ 8.25, 9.25, 8.375, 9.375 ], "texture": "#tbf-rightwing" },
				"east": { "uv": [ 8.5, 9.25, 8.375, 9.375 ], "texture": "#tbf-rightwing" }
			}
		},
		{
			"__comment": "Voxels",
			"from": [ 31.4961, 3.5276, -0.6299 ],
			"to": [ 32.0, 4.031537, -0.125963 ],
			"faces": {
				"down": { "uv": [ 8.5, 9.25, 8.625, 9.375 ], "texture": "#tbf-rightwing" },
				"up": { "uv": [ 8.25, 9.25, 8.375, 9.125 ], "texture": "#tbf-rightwing" },
				"north": { "uv": [ 8.5, 9.125, 8.375, 9.25 ], "texture": "#tbf-rightwing" },
				"south": { "uv": [ 8.5, 9.125, 8.625, 9.25 ], "texture": "#tbf-rightwing" },
				"west": { "uv": [ 8.25, 9, 8.375, 9.125 ], "texture": "#tbf-rightwing" },
				"east": { "uv": [ 8.5, 9, 8.375, 9.125 ], "texture": "#tbf-rightwing" }
			}
		}
	],
	"display": {
		"thirdperson_righthand": {
			"translation":  [ 32, 18, -17 ],
			"scale":  [ 4, 4, 4 ]
		}
	}
}