{
	"__comment": "Designed by Uran2471 with Cubik Studio - https://cubik.studio",
	"textures": {
		"particle": "custom/e_particle",
		"texture": "custom/e_texture",
		"4000lb-cookie": "custom/4000lb-cookie"
	},
	"elements": [ 	 
		{
			"__comment": "Voxels-3F5A4B",
			"from": [ 9.8313, 5.3976, 14.0723 ],
			"to": [ 10.02407, 6.746997, 16.00001 ],
			"faces": {
				"down": { "uv": [ 4.96, 0.96, 7.04, 3.04 ], "texture": "#4000lb-cookie", "rotation": 180 },
				"up": { "uv": [ 4.96, 0.96, 7.04, 3.04 ], "texture": "#4000lb-cookie", "rotation": 180 },
				"north": { "uv": [ 4.96, 0.96, 7.04, 3.04 ], "texture": "#4000lb-cookie" },
				"south": { "uv": [ 4.96, 0.96, 7.04, 3.04 ], "texture": "#4000lb-cookie" },
				"west": { "uv": [ 4.96, 0.96, 7.04, 3.04 ], "texture": "#4000lb-cookie" },
				"east": { "uv": [ 4.96, 0.96, 7.04, 3.04 ], "texture": "#4000lb-cookie" }
			}
		},
		{
			"__comment": "Voxels-4B6B58",
			"from": [ 5.9759, 5.3976, 13.8795 ],
			"to": [ 10.02409, 6.746997, 14.07227 ],
			"faces": {
				"down": { "uv": [ 8.96, 0.96, 11.04, 3.04 ], "texture": "#4000lb-cookie", "rotation": 180 },
				"up": { "uv": [ 8.96, 0.96, 11.04, 3.04 ], "texture": "#4000lb-cookie", "rotation": 180 },
				"north": { "uv": [ 8.96, 0.96, 11.04, 3.04 ], "texture": "#4000lb-cookie" },
				"south": { "uv": [ 8.96, 0.96, 11.04, 3.04 ], "texture": "#4000lb-cookie" },
				"west": { "uv": [ 8.96, 0.96, 11.04, 3.04 ], "texture": "#4000lb-cookie" },
				"east": { "uv": [ 8.96, 0.96, 11.04, 3.04 ], "texture": "#4000lb-cookie" }
			}
		},
		{
			"__comment": "Voxels-3F5A4B",
			"from": [ 5.9759, 5.3976, 1.5422 ],
			"to": [ 10.02409, 6.746997, 13.87955 ],
			"faces": {
				"down": { "uv": [ 4.96, 0.96, 7.04, 3.04 ], "texture": "#4000lb-cookie", "rotation": 180 },
				"up": { "uv": [ 4.96, 0.96, 7.04, 3.04 ], "texture": "#4000lb-cookie", "rotation": 180 },
				"north": { "uv": [ 4.96, 0.96, 7.04, 3.04 ], "texture": "#4000lb-cookie" },
				"south": { "uv": [ 4.96, 0.96, 7.04, 3.04 ], "texture": "#4000lb-cookie" },
				"west": { "uv": [ 4.96, 0.96, 7.04, 3.04 ], "texture": "#4000lb-cookie" },
				"east": { "uv": [ 4.96, 0.96, 7.04, 3.04 ], "texture": "#4000lb-cookie" }
			}
		},
		{
			"__comment": "Voxels-3F5A4B",
			"from": [ 9.638599, 5.3976, 1.3494 ],
			"to": [ 10.02414, 5.590371, 1.542171 ],
			"faces": {
				"down": { "uv": [ 4.96, 0.96, 7.04, 3.04 ], "texture": "#4000lb-cookie", "rotation": 180 },
				"up": { "uv": [ 4.96, 0.96, 7.04, 3.04 ], "texture": "#4000lb-cookie", "rotation": 180 },
				"north": { "uv": [ 4.96, 0.96, 7.04, 3.04 ], "texture": "#4000lb-cookie" },
				"south": { "uv": [ 4.96, 0.96, 7.04, 3.04 ], "texture": "#4000lb-cookie" },
				"west": { "uv": [ 4.96, 0.96, 7.04, 3.04 ], "texture": "#4000lb-cookie" },
				"east": { "uv": [ 4.96, 0.96, 7.04, 3.04 ], "texture": "#4000lb-cookie" }
			}
		},
		{
			"__comment": "Voxels-3F5A4B",
			"from": [ 9.8313, 5.5904, 1.3494 ],
			"to": [ 10.02407, 6.747026, 1.542171 ],
			"faces": {
				"down": { "uv": [ 4.96, 0.96, 7.04, 3.04 ], "texture": "#4000lb-cookie", "rotation": 180 },
				"up": { "uv": [ 4.96, 0.96, 7.04, 3.04 ], "texture": "#4000lb-cookie", "rotation": 180 },
				"north": { "uv": [ 4.96, 0.96, 7.04, 3.04 ], "texture": "#4000lb-cookie" },
				"south": { "uv": [ 4.96, 0.96, 7.04, 3.04 ], "texture": "#4000lb-cookie" },
				"west": { "uv": [ 4.96, 0.96, 7.04, 3.04 ], "texture": "#4000lb-cookie" },
				"east": { "uv": [ 4.96, 0.96, 7.04, 3.04 ], "texture": "#4000lb-cookie" }
			}
		},
		{
			"__comment": "Voxels-3F5A4B",
			"from": [ 9.638599, 5.012, 14.0723 ],
			"to": [ 9.83137, 5.397542, 16.00001 ],
			"faces": {
				"down": { "uv": [ 4.96, 0.96, 7.04, 3.04 ], "texture": "#4000lb-cookie", "rotation": 180 },
				"up": { "uv": [ 4.96, 0.96, 7.04, 3.04 ], "texture": "#4000lb-cookie", "rotation": 180 },
				"north": { "uv": [ 4.96, 0.96, 7.04, 3.04 ], "texture": "#4000lb-cookie" },
				"south": { "uv": [ 4.96, 0.96, 7.04, 3.04 ], "texture": "#4000lb-cookie" },
				"west": { "uv": [ 4.96, 0.96, 7.04, 3.04 ], "texture": "#4000lb-cookie" },
				"east": { "uv": [ 4.96, 0.96, 7.04, 3.04 ], "texture": "#4000lb-cookie" }
			}
		},
		{
			"__comment": "Voxels-4B6B58",
			"from": [ 6.1687, 5.012, 13.8795 ],
			"to": [ 9.83135, 5.397542, 14.07227 ],
			"faces": {
				"down": { "uv": [ 8.96, 0.96, 11.04, 3.04 ], "texture": "#4000lb-cookie", "rotation": 180 },
				"up": { "uv": [ 8.96, 0.96, 11.04, 3.04 ], "texture": "#4000lb-cookie", "rotation": 180 },
				"north": { "uv": [ 8.96, 0.96, 11.04, 3.04 ], "texture": "#4000lb-cookie" },
				"south": { "uv": [ 8.96, 0.96, 11.04, 3.04 ], "texture": "#4000lb-cookie" },
				"west": { "uv": [ 8.96, 0.96, 11.04, 3.04 ], "texture": "#4000lb-cookie" },
				"east": { "uv": [ 8.96, 0.96, 11.04, 3.04 ], "texture": "#4000lb-cookie" }
			}
		},
		{
			"__comment": "Voxels-3F5A4B",
			"from": [ 6.1687, 5.012, 1.5422 ],
			"to": [ 9.83135, 5.397542, 13.87955 ],
			"faces": {
				"down": { "uv": [ 4.96, 0.96, 7.04, 3.04 ], "texture": "#4000lb-cookie", "rotation": 180 },
				"up": { "uv": [ 4.96, 0.96, 7.04, 3.04 ], "texture": "#4000lb-cookie", "rotation": 180 },
				"north": { "uv": [ 4.96, 0.96, 7.04, 3.04 ], "texture": "#4000lb-cookie" },
				"south": { "uv": [ 4.96, 0.96, 7.04, 3.04 ], "texture": "#4000lb-cookie" },
				"west": { "uv": [ 4.96, 0.96, 7.04, 3.04 ], "texture": "#4000lb-cookie" },
				"east": { "uv": [ 4.96, 0.96, 7.04, 3.04 ], "texture": "#4000lb-cookie" }
			}
		},
		{
			"__comment": "Voxels-3F5A4B",
			"from": [ 9.4458, 5.012, 1.3494 ],
			"to": [ 9.831342, 5.204771, 1.542171 ],
			"faces": {
				"down": { "uv": [ 4.96, 0.96, 7.04, 3.04 ], "texture": "#4000lb-cookie", "rotation": 180 },
				"up": { "uv": [ 4.96, 0.96, 7.04, 3.04 ], "texture": "#4000lb-cookie", "rotation": 180 },
				"north": { "uv": [ 4.96, 0.96, 7.04, 3.04 ], "texture": "#4000lb-cookie" },
				"south": { "uv": [ 4.96, 0.96, 7.04, 3.04 ], "texture": "#4000lb-cookie" },
				"west": { "uv": [ 4.96, 0.96, 7.04, 3.04 ], "texture": "#4000lb-cookie" },
				"east": { "uv": [ 4.96, 0.96, 7.04, 3.04 ], "texture": "#4000lb-cookie" }
			}
		},
		{
			"__comment": "Voxels-3F5A4B",
			"from": [ 9.638599, 5.2048, 1.3494 ],
			"to": [ 9.83137, 5.397571, 1.542171 ],
			"faces": {
				"down": { "uv": [ 4.96, 0.96, 7.04, 3.04 ], "texture": "#4000lb-cookie", "rotation": 180 },
				"up": { "uv": [ 4.96, 0.96, 7.04, 3.04 ], "texture": "#4000lb-cookie", "rotation": 180 },
				"north": { "uv": [ 4.96, 0.96, 7.04, 3.04 ], "texture": "#4000lb-cookie" },
				"south": { "uv": [ 4.96, 0.96, 7.04, 3.04 ], "texture": "#4000lb-cookie" },
				"west": { "uv": [ 4.96, 0.96, 7.04, 3.04 ], "texture": "#4000lb-cookie" },
				"east": { "uv": [ 4.96, 0.96, 7.04, 3.04 ], "texture": "#4000lb-cookie" }
			}
		},
		{
			"__comment": "Voxels-3F5A4B",
			"from": [ 5.9759, 5.3976, 14.0723 ],
			"to": [ 9.831322, 6.746997, 15.80724 ],
			"faces": {
				"down": { "uv": [ 4.96, 0.96, 7.04, 3.04 ], "texture": "#4000lb-cookie", "rotation": 180 },
				"up": { "uv": [ 4.96, 0.96, 7.04, 3.04 ], "texture": "#4000lb-cookie", "rotation": 180 },
				"north": { "uv": [ 4.96, 0.96, 7.04, 3.04 ], "texture": "#4000lb-cookie" },
				"south": { "uv": [ 4.96, 0.96, 7.04, 3.04 ], "texture": "#4000lb-cookie" },
				"west": { "uv": [ 4.96, 0.96, 7.04, 3.04 ], "texture": "#4000lb-cookie" },
				"east": { "uv": [ 4.96, 0.96, 7.04, 3.04 ], "texture": "#4000lb-cookie" }
			}
		},
		{
			"__comment": "Voxels-3F5A4B",
			"from": [ 9.638599, 6.5542, 1.3494 ],
			"to": [ 9.83137, 7.132513, 1.542171 ],
			"faces": {
				"down": { "uv": [ 4.96, 0.96, 7.04, 3.04 ], "texture": "#4000lb-cookie", "rotation": 180 },
				"up": { "uv": [ 4.96, 0.96, 7.04, 3.04 ], "texture": "#4000lb-cookie", "rotation": 180 },
				"north": { "uv": [ 4.96, 0.96, 7.04, 3.04 ], "texture": "#4000lb-cookie" },
				"south": { "uv": [ 4.96, 0.96, 7.04, 3.04 ], "texture": "#4000lb-cookie" },
				"west": { "uv": [ 4.96, 0.96, 7.04, 3.04 ], "texture": "#4000lb-cookie" },
				"east": { "uv": [ 4.96, 0.96, 7.04, 3.04 ], "texture": "#4000lb-cookie" }
			}
		},
		{
			"__comment": "Voxels-3F5A4B",
			"from": [ 9.638599, 6.747, 14.0723 ],
			"to": [ 9.83137, 7.132542, 16.00001 ],
			"faces": {
				"down": { "uv": [ 4.96, 0.96, 7.04, 3.04 ], "texture": "#4000lb-cookie", "rotation": 180 },
				"up": { "uv": [ 4.96, 0.96, 7.04, 3.04 ], "texture": "#4000lb-cookie", "rotation": 180 },
				"north": { "uv": [ 4.96, 0.96, 7.04, 3.04 ], "texture": "#4000lb-cookie" },
				"south": { "uv": [ 4.96, 0.96, 7.04, 3.04 ], "texture": "#4000lb-cookie" },
				"west": { "uv": [ 4.96, 0.96, 7.04, 3.04 ], "texture": "#4000lb-cookie" },
				"east": { "uv": [ 4.96, 0.96, 7.04, 3.04 ], "texture": "#4000lb-cookie" }
			}
		},
		{
			"__comment": "Voxels-4B6B58",
			"from": [ 6.1687, 6.747, 13.8795 ],
			"to": [ 9.83135, 7.132542, 14.07227 ],
			"faces": {
				"down": { "uv": [ 8.96, 0.96, 11.04, 3.04 ], "texture": "#4000lb-cookie", "rotation": 180 },
				"up": { "uv": [ 8.96, 0.96, 11.04, 3.04 ], "texture": "#4000lb-cookie", "rotation": 180 },
				"north": { "uv": [ 8.96, 0.96, 11.04, 3.04 ], "texture": "#4000lb-cookie" },
				"south": { "uv": [ 8.96, 0.96, 11.04, 3.04 ], "texture": "#4000lb-cookie" },
				"west": { "uv": [ 8.96, 0.96, 11.04, 3.04 ], "texture": "#4000lb-cookie" },
				"east": { "uv": [ 8.96, 0.96, 11.04, 3.04 ], "texture": "#4000lb-cookie" }
			}
		},
		{
			"__comment": "Voxels-3F5A4B",
			"from": [ 6.1687, 6.747, 1.5422 ],
			"to": [ 9.83135, 7.132542, 13.87955 ],
			"faces": {
				"down": { "uv": [ 4.96, 0.96, 7.04, 3.04 ], "texture": "#4000lb-cookie", "rotation": 180 },
				"up": { "uv": [ 4.96, 0.96, 7.04, 3.04 ], "texture": "#4000lb-cookie", "rotation": 180 },
				"north": { "uv": [ 4.96, 0.96, 7.04, 3.04 ], "texture": "#4000lb-cookie" },
				"south": { "uv": [ 4.96, 0.96, 7.04, 3.04 ], "texture": "#4000lb-cookie" },
				"west": { "uv": [ 4.96, 0.96, 7.04, 3.04 ], "texture": "#4000lb-cookie" },
				"east": { "uv": [ 4.96, 0.96, 7.04, 3.04 ], "texture": "#4000lb-cookie" }
			}
		},
		{
			"__comment": "Voxels-3F5A4B",
			"from": [ 9.4458, 4.8193, 14.0723 ],
			"to": [ 9.638571, 5.012071, 16.00001 ],
			"faces": {
				"down": { "uv": [ 4.96, 0.96, 7.04, 3.04 ], "texture": "#4000lb-cookie", "rotation": 180 },
				"up": { "uv": [ 4.96, 0.96, 7.04, 3.04 ], "texture": "#4000lb-cookie", "rotation": 180 },
				"north": { "uv": [ 4.96, 0.96, 7.04, 3.04 ], "texture": "#4000lb-cookie" },
				"south": { "uv": [ 4.96, 0.96, 7.04, 3.04 ], "texture": "#4000lb-cookie" },
				"west": { "uv": [ 4.96, 0.96, 7.04, 3.04 ], "texture": "#4000lb-cookie" },
				"east": { "uv": [ 4.96, 0.96, 7.04, 3.04 ], "texture": "#4000lb-cookie" }
			}
		},
		{
			"__comment": "Voxels-4B6B58",
			"from": [ 6.3614, 4.8193, 13.8795 ],
			"to": [ 9.638508, 5.012071, 14.07227 ],
			"faces": {
				"down": { "uv": [ 8.96, 0.96, 11.04, 3.04 ], "texture": "#4000lb-cookie", "rotation": 180 },
				"up": { "uv": [ 8.96, 0.96, 11.04, 3.04 ], "texture": "#4000lb-cookie", "rotation": 180 },
				"north": { "uv": [ 8.96, 0.96, 11.04, 3.04 ], "texture": "#4000lb-cookie" },
				"south": { "uv": [ 8.96, 0.96, 11.04, 3.04 ], "texture": "#4000lb-cookie" },
				"west": { "uv": [ 8.96, 0.96, 11.04, 3.04 ], "texture": "#4000lb-cookie" },
				"east": { "uv": [ 8.96, 0.96, 11.04, 3.04 ], "texture": "#4000lb-cookie" }
			}
		},
		{
			"__comment": "Voxels-3F5A4B",
			"from": [ 6.3614, 4.8193, 1.5422 ],
			"to": [ 9.638508, 5.012071, 13.87955 ],
			"faces": {
				"down": { "uv": [ 4.96, 0.96, 7.04, 3.04 ], "texture": "#4000lb-cookie", "rotation": 180 },
				"up": { "uv": [ 4.96, 0.96, 7.04, 3.04 ], "texture": "#4000lb-cookie", "rotation": 180 },
				"north": { "uv": [ 4.96, 0.96, 7.04, 3.04 ], "texture": "#4000lb-cookie" },
				"south": { "uv": [ 4.96, 0.96, 7.04, 3.04 ], "texture": "#4000lb-cookie" },
				"west": { "uv": [ 4.96, 0.96, 7.04, 3.04 ], "texture": "#4000lb-cookie" },
				"east": { "uv": [ 4.96, 0.96, 7.04, 3.04 ], "texture": "#4000lb-cookie" }
			}
		},
		{
			"__comment": "Voxels-3F5A4B",
			"from": [ 9.252999, 4.8193, 1.3494 ],
			"to": [ 9.638541, 5.012071, 1.542171 ],
			"faces": {
				"down": { "uv": [ 4.96, 0.96, 7.04, 3.04 ], "texture": "#4000lb-cookie", "rotation": 180 },
				"up": { "uv": [ 4.96, 0.96, 7.04, 3.04 ], "texture": "#4000lb-cookie", "rotation": 180 },
				"north": { "uv": [ 4.96, 0.96, 7.04, 3.04 ], "texture": "#4000lb-cookie" },
				"south": { "uv": [ 4.96, 0.96, 7.04, 3.04 ], "texture": "#4000lb-cookie" },
				"west": { "uv": [ 4.96, 0.96, 7.04, 3.04 ], "texture": "#4000lb-cookie" },
				"east": { "uv": [ 4.96, 0.96, 7.04, 3.04 ], "texture": "#4000lb-cookie" }
			}
		},
		{
			"__comment": "Voxels-3F5A4B",
			"from": [ 6.1687, 5.012, 14.0723 ],
			"to": [ 9.638579, 5.397542, 15.80724 ],
			"faces": {
				"down": { "uv": [ 4.96, 0.96, 7.04, 3.04 ], "texture": "#4000lb-cookie", "rotation": 180 },
				"up": { "uv": [ 4.96, 0.96, 7.04, 3.04 ], "texture": "#4000lb-cookie", "rotation": 180 },
				"north": { "uv": [ 4.96, 0.96, 7.04, 3.04 ], "texture": "#4000lb-cookie" },
				"south": { "uv": [ 4.96, 0.96, 7.04, 3.04 ], "texture": "#4000lb-cookie" },
				"west": { "uv": [ 4.96, 0.96, 7.04, 3.04 ], "texture": "#4000lb-cookie" },
				"east": { "uv": [ 4.96, 0.96, 7.04, 3.04 ], "texture": "#4000lb-cookie" }
			}
		},
		{
			"__comment": "Voxels-3F5A4B",
			"from": [ 6.3614, 5.5904, 1.3494 ],
			"to": [ 9.638508, 6.554255, 1.542171 ],
			"faces": {
				"down": { "uv": [ 4.96, 0.96, 7.04, 3.04 ], "texture": "#4000lb-cookie", "rotation": 180 },
				"up": { "uv": [ 4.96, 0.96, 7.04, 3.04 ], "texture": "#4000lb-cookie", "rotation": 180 },
				"north": { "uv": [ 4.96, 0.96, 7.04, 3.04 ], "texture": "#4000lb-cookie" },
				"south": { "uv": [ 4.96, 0.96, 7.04, 3.04 ], "texture": "#4000lb-cookie" },
				"west": { "uv": [ 4.96, 0.96, 7.04, 3.04 ], "texture": "#4000lb-cookie" },
				"east": { "uv": [ 4.96, 0.96, 7.04, 3.04 ], "texture": "#4000lb-cookie" }
			}
		},
		{
			"__comment": "Voxels-3F5A4B",
			"from": [ 6.1687, 6.747, 14.0723 ],
			"to": [ 9.638579, 7.132542, 15.80724 ],
			"faces": {
				"down": { "uv": [ 4.96, 0.96, 7.04, 3.04 ], "texture": "#4000lb-cookie", "rotation": 180 },
				"up": { "uv": [ 4.96, 0.96, 7.04, 3.04 ], "texture": "#4000lb-cookie", "rotation": 180 },
				"north": { "uv": [ 4.96, 0.96, 7.04, 3.04 ], "texture": "#4000lb-cookie" },
				"south": { "uv": [ 4.96, 0.96, 7.04, 3.04 ], "texture": "#4000lb-cookie" },
				"west": { "uv": [ 4.96, 0.96, 7.04, 3.04 ], "texture": "#4000lb-cookie" },
				"east": { "uv": [ 4.96, 0.96, 7.04, 3.04 ], "texture": "#4000lb-cookie" }
			}
		},
		{
			"__comment": "Voxels-3F5A4B",
			"from": [ 9.4458, 6.9398, 1.3494 ],
			"to": [ 9.638571, 7.325342, 1.542171 ],
			"faces": {
				"down": { "uv": [ 4.96, 0.96, 7.04, 3.04 ], "texture": "#4000lb-cookie", "rotation": 180 },
				"up": { "uv": [ 4.96, 0.96, 7.04, 3.04 ], "texture": "#4000lb-cookie", "rotation": 180 },
				"north": { "uv": [ 4.96, 0.96, 7.04, 3.04 ], "texture": "#4000lb-cookie" },
				"south": { "uv": [ 4.96, 0.96, 7.04, 3.04 ], "texture": "#4000lb-cookie" },
				"west": { "uv": [ 4.96, 0.96, 7.04, 3.04 ], "texture": "#4000lb-cookie" },
				"east": { "uv": [ 4.96, 0.96, 7.04, 3.04 ], "texture": "#4000lb-cookie" }
			}
		},
		{
			"__comment": "Voxels-3F5A4B",
			"from": [ 9.4458, 7.1325, 14.0723 ],
			"to": [ 9.638571, 7.325271, 16.00001 ],
			"faces": {
				"down": { "uv": [ 4.96, 0.96, 7.04, 3.04 ], "texture": "#4000lb-cookie", "rotation": 180 },
				"up": { "uv": [ 4.96, 0.96, 7.04, 3.04 ], "texture": "#4000lb-cookie", "rotation": 180 },
				"north": { "uv": [ 4.96, 0.96, 7.04, 3.04 ], "texture": "#4000lb-cookie" },
				"south": { "uv": [ 4.96, 0.96, 7.04, 3.04 ], "texture": "#4000lb-cookie" },
				"west": { "uv": [ 4.96, 0.96, 7.04, 3.04 ], "texture": "#4000lb-cookie" },
				"east": { "uv": [ 4.96, 0.96, 7.04, 3.04 ], "texture": "#4000lb-cookie" }
			}
		},
		{
			"__comment": "Voxels-4B6B58",
			"from": [ 6.3614, 7.1325, 13.8795 ],
			"to": [ 9.638508, 7.325271, 14.07227 ],
			"faces": {
				"down": { "uv": [ 8.96, 0.96, 11.04, 3.04 ], "texture": "#4000lb-cookie", "rotation": 180 },
				"up": { "uv": [ 8.96, 0.96, 11.04, 3.04 ], "texture": "#4000lb-cookie", "rotation": 180 },
				"north": { "uv": [ 8.96, 0.96, 11.04, 3.04 ], "texture": "#4000lb-cookie" },
				"south": { "uv": [ 8.96, 0.96, 11.04, 3.04 ], "texture": "#4000lb-cookie" },
				"west": { "uv": [ 8.96, 0.96, 11.04, 3.04 ], "texture": "#4000lb-cookie" },
				"east": { "uv": [ 8.96, 0.96, 11.04, 3.04 ], "texture": "#4000lb-cookie" }
			}
		},
		{
			"__comment": "Voxels-3F5A4B",
			"from": [ 6.3614, 7.1325, 1.5422 ],
			"to": [ 9.638508, 7.325271, 13.87955 ],
			"faces": {
				"down": { "uv": [ 4.96, 0.96, 7.04, 3.04 ], "texture": "#4000lb-cookie", "rotation": 180 },
				"up": { "uv": [ 4.96, 0.96, 7.04, 3.04 ], "texture": "#4000lb-cookie", "rotation": 180 },
				"north": { "uv": [ 4.96, 0.96, 7.04, 3.04 ], "texture": "#4000lb-cookie" },
				"south": { "uv": [ 4.96, 0.96, 7.04, 3.04 ], "texture": "#4000lb-cookie" },
				"west": { "uv": [ 4.96, 0.96, 7.04, 3.04 ], "texture": "#4000lb-cookie" },
				"east": { "uv": [ 4.96, 0.96, 7.04, 3.04 ], "texture": "#4000lb-cookie" }
			}
		},
		{
			"__comment": "Voxels-3F5A4B",
			"from": [ 9.252999, 4.6265, 14.0723 ],
			"to": [ 9.44577, 4.819271, 16.00001 ],
			"faces": {
				"down": { "uv": [ 4.96, 0.96, 7.04, 3.04 ], "texture": "#4000lb-cookie", "rotation": 180 },
				"up": { "uv": [ 4.96, 0.96, 7.04, 3.04 ], "texture": "#4000lb-cookie", "rotation": 180 },
				"north": { "uv": [ 4.96, 0.96, 7.04, 3.04 ], "texture": "#4000lb-cookie" },
				"south": { "uv": [ 4.96, 0.96, 7.04, 3.04 ], "texture": "#4000lb-cookie" },
				"west": { "uv": [ 4.96, 0.96, 7.04, 3.04 ], "texture": "#4000lb-cookie" },
				"east": { "uv": [ 4.96, 0.96, 7.04, 3.04 ], "texture": "#4000lb-cookie" }
			}
		},
		{
			"__comment": "Voxels-4B6B58",
			"from": [ 6.5542, 4.6265, 13.8795 ],
			"to": [ 9.445766, 4.819271, 14.07227 ],
			"faces": {
				"down": { "uv": [ 8.96, 0.96, 11.04, 3.04 ], "texture": "#4000lb-cookie", "rotation": 180 },
				"up": { "uv": [ 8.96, 0.96, 11.04, 3.04 ], "texture": "#4000lb-cookie", "rotation": 180 },
				"north": { "uv": [ 8.96, 0.96, 11.04, 3.04 ], "texture": "#4000lb-cookie" },
				"south": { "uv": [ 8.96, 0.96, 11.04, 3.04 ], "texture": "#4000lb-cookie" },
				"west": { "uv": [ 8.96, 0.96, 11.04, 3.04 ], "texture": "#4000lb-cookie" },
				"east": { "uv": [ 8.96, 0.96, 11.04, 3.04 ], "texture": "#4000lb-cookie" }
			}
		},
		{
			"__comment": "Voxels-3F5A4B",
			"from": [ 6.5542, 4.6265, 1.5422 ],
			"to": [ 9.445766, 4.819271, 13.87955 ],
			"faces": {
				"down": { "uv": [ 4.96, 0.96, 7.04, 3.04 ], "texture": "#4000lb-cookie", "rotation": 180 },
				"up": { "uv": [ 4.96, 0.96, 7.04, 3.04 ], "texture": "#4000lb-cookie", "rotation": 180 },
				"north": { "uv": [ 4.96, 0.96, 7.04, 3.04 ], "texture": "#4000lb-cookie" },
				"south": { "uv": [ 4.96, 0.96, 7.04, 3.04 ], "texture": "#4000lb-cookie" },
				"west": { "uv": [ 4.96, 0.96, 7.04, 3.04 ], "texture": "#4000lb-cookie" },
				"east": { "uv": [ 4.96, 0.96, 7.04, 3.04 ], "texture": "#4000lb-cookie" }
			}
		},
		{
			"__comment": "Voxels-3F5A4B",
			"from": [ 9.0602, 4.6265, 1.3494 ],
			"to": [ 9.445742, 4.819271, 1.542171 ],
			"faces": {
				"down": { "uv": [ 4.96, 0.96, 7.04, 3.04 ], "texture": "#4000lb-cookie", "rotation": 180 },
				"up": { "uv": [ 4.96, 0.96, 7.04, 3.04 ], "texture": "#4000lb-cookie", "rotation": 180 },
				"north": { "uv": [ 4.96, 0.96, 7.04, 3.04 ], "texture": "#4000lb-cookie" },
				"south": { "uv": [ 4.96, 0.96, 7.04, 3.04 ], "texture": "#4000lb-cookie" },
				"west": { "uv": [ 4.96, 0.96, 7.04, 3.04 ], "texture": "#4000lb-cookie" },
				"east": { "uv": [ 4.96, 0.96, 7.04, 3.04 ], "texture": "#4000lb-cookie" }
			}
		},
		{
			"__comment": "Voxels-3F5A4B",
			"from": [ 6.3614, 4.8193, 14.0723 ],
			"to": [ 9.445737, 5.012071, 15.80724 ],
			"faces": {
				"down": { "uv": [ 4.96, 0.96, 7.04, 3.04 ], "texture": "#4000lb-cookie", "rotation": 180 },
				"up": { "uv": [ 4.96, 0.96, 7.04, 3.04 ], "texture": "#4000lb-cookie", "rotation": 180 },
				"north": { "uv": [ 4.96, 0.96, 7.04, 3.04 ], "texture": "#4000lb-cookie" },
				"south": { "uv": [ 4.96, 0.96, 7.04, 3.04 ], "texture": "#4000lb-cookie" },
				"west": { "uv": [ 4.96, 0.96, 7.04, 3.04 ], "texture": "#4000lb-cookie" },
				"east": { "uv": [ 4.96, 0.96, 7.04, 3.04 ], "texture": "#4000lb-cookie" }
			}
		},
		{
			"__comment": "Voxels-3F5A4B",
			"from": [ 6.5542, 5.2048, 1.3494 ],
			"to": [ 9.445766, 5.590342, 1.542171 ],
			"faces": {
				"down": { "uv": [ 4.96, 0.96, 7.04, 3.04 ], "texture": "#4000lb-cookie", "rotation": 180 },
				"up": { "uv": [ 4.96, 0.96, 7.04, 3.04 ], "texture": "#4000lb-cookie", "rotation": 180 },
				"north": { "uv": [ 4.96, 0.96, 7.04, 3.04 ], "texture": "#4000lb-cookie" },
				"south": { "uv": [ 4.96, 0.96, 7.04, 3.04 ], "texture": "#4000lb-cookie" },
				"west": { "uv": [ 4.96, 0.96, 7.04, 3.04 ], "texture": "#4000lb-cookie" },
				"east": { "uv": [ 4.96, 0.96, 7.04, 3.04 ], "texture": "#4000lb-cookie" }
			}
		},
		{
			"__comment": "Voxels-3F5A4B",
			"from": [ 6.5542, 5.5904, 1.1566 ],
			"to": [ 9.445766, 6.554255, 1.349371 ],
			"faces": {
				"down": { "uv": [ 4.96, 0.96, 7.04, 3.04 ], "texture": "#4000lb-cookie", "rotation": 180 },
				"up": { "uv": [ 4.96, 0.96, 7.04, 3.04 ], "texture": "#4000lb-cookie", "rotation": 180 },
				"north": { "uv": [ 4.96, 0.96, 7.04, 3.04 ], "texture": "#4000lb-cookie" },
				"south": { "uv": [ 4.96, 0.96, 7.04, 3.04 ], "texture": "#4000lb-cookie" },
				"west": { "uv": [ 4.96, 0.96, 7.04, 3.04 ], "texture": "#4000lb-cookie" },
				"east": { "uv": [ 4.96, 0.96, 7.04, 3.04 ], "texture": "#4000lb-cookie" }
			}
		},
		{
			"__comment": "Voxels-3F5A4B",
			"from": [ 6.5542, 6.5542, 1.3494 ],
			"to": [ 9.445766, 6.939742, 1.542171 ],
			"faces": {
				"down": { "uv": [ 4.96, 0.96, 7.04, 3.04 ], "texture": "#4000lb-cookie", "rotation": 180 },
				"up": { "uv": [ 4.96, 0.96, 7.04, 3.04 ], "texture": "#4000lb-cookie", "rotation": 180 },
				"north": { "uv": [ 4.96, 0.96, 7.04, 3.04 ], "texture": "#4000lb-cookie" },
				"south": { "uv": [ 4.96, 0.96, 7.04, 3.04 ], "texture": "#4000lb-cookie" },
				"west": { "uv": [ 4.96, 0.96, 7.04, 3.04 ], "texture": "#4000lb-cookie" },
				"east": { "uv": [ 4.96, 0.96, 7.04, 3.04 ], "texture": "#4000lb-cookie" }
			}
		},
		{
			"__comment": "Voxels-3F5A4B",
			"from": [ 6.3614, 7.1325, 14.0723 ],
			"to": [ 9.445737, 7.325271, 15.80724 ],
			"faces": {
				"down": { "uv": [ 4.96, 0.96, 7.04, 3.04 ], "texture": "#4000lb-cookie", "rotation": 180 },
				"up": { "uv": [ 4.96, 0.96, 7.04, 3.04 ], "texture": "#4000lb-cookie", "rotation": 180 },
				"north": { "uv": [ 4.96, 0.96, 7.04, 3.04 ], "texture": "#4000lb-cookie" },
				"south": { "uv": [ 4.96, 0.96, 7.04, 3.04 ], "texture": "#4000lb-cookie" },
				"west": { "uv": [ 4.96, 0.96, 7.04, 3.04 ], "texture": "#4000lb-cookie" },
				"east": { "uv": [ 4.96, 0.96, 7.04, 3.04 ], "texture": "#4000lb-cookie" }
			}
		},
		{
			"__comment": "Voxels-3F5A4B",
			"from": [ 9.252999, 7.1325, 1.3494 ],
			"to": [ 9.44577, 7.518042, 1.542171 ],
			"faces": {
				"down": { "uv": [ 4.96, 0.96, 7.04, 3.04 ], "texture": "#4000lb-cookie", "rotation": 180 },
				"up": { "uv": [ 4.96, 0.96, 7.04, 3.04 ], "texture": "#4000lb-cookie", "rotation": 180 },
				"north": { "uv": [ 4.96, 0.96, 7.04, 3.04 ], "texture": "#4000lb-cookie" },
				"south": { "uv": [ 4.96, 0.96, 7.04, 3.04 ], "texture": "#4000lb-cookie" },
				"west": { "uv": [ 4.96, 0.96, 7.04, 3.04 ], "texture": "#4000lb-cookie" },
				"east": { "uv": [ 4.96, 0.96, 7.04, 3.04 ], "texture": "#4000lb-cookie" }
			}
		},
		{
			"__comment": "Voxels-3F5A4B",
			"from": [ 9.252999, 7.3253, 14.0723 ],
			"to": [ 9.44577, 7.518071, 16.00001 ],
			"faces": {
				"down": { "uv": [ 4.96, 0.96, 7.04, 3.04 ], "texture": "#4000lb-cookie", "rotation": 180 },
				"up": { "uv": [ 4.96, 0.96, 7.04, 3.04 ], "texture": "#4000lb-cookie", "rotation": 180 },
				"north": { "uv": [ 4.96, 0.96, 7.04, 3.04 ], "texture": "#4000lb-cookie" },
				"south": { "uv": [ 4.96, 0.96, 7.04, 3.04 ], "texture": "#4000lb-cookie" },
				"west": { "uv": [ 4.96, 0.96, 7.04, 3.04 ], "texture": "#4000lb-cookie" },
				"east": { "uv": [ 4.96, 0.96, 7.04, 3.04 ], "texture": "#4000lb-cookie" }
			}
		},
		{
			"__comment": "Voxels-4B6B58",
			"from": [ 6.5542, 7.3253, 13.8795 ],
			"to": [ 9.445766, 7.518071, 14.07227 ],
			"faces": {
				"down": { "uv": [ 8.96, 0.96, 11.04, 3.04 ], "texture": "#4000lb-cookie", "rotation": 180 },
				"up": { "uv": [ 8.96, 0.96, 11.04, 3.04 ], "texture": "#4000lb-cookie", "rotation": 180 },
				"north": { "uv": [ 8.96, 0.96, 11.04, 3.04 ], "texture": "#4000lb-cookie" },
				"south": { "uv": [ 8.96, 0.96, 11.04, 3.04 ], "texture": "#4000lb-cookie" },
				"west": { "uv": [ 8.96, 0.96, 11.04, 3.04 ], "texture": "#4000lb-cookie" },
				"east": { "uv": [ 8.96, 0.96, 11.04, 3.04 ], "texture": "#4000lb-cookie" }
			}
		},
		{
			"__comment": "Voxels-3F5A4B",
			"from": [ 6.5542, 7.3253, 1.5422 ],
			"to": [ 9.445766, 7.518071, 13.87955 ],
			"faces": {
				"down": { "uv": [ 4.96, 0.96, 7.04, 3.04 ], "texture": "#4000lb-cookie", "rotation": 180 },
				"up": { "uv": [ 4.96, 0.96, 7.04, 3.04 ], "texture": "#4000lb-cookie", "rotation": 180 },
				"north": { "uv": [ 4.96, 0.96, 7.04, 3.04 ], "texture": "#4000lb-cookie" },
				"south": { "uv": [ 4.96, 0.96, 7.04, 3.04 ], "texture": "#4000lb-cookie" },
				"west": { "uv": [ 4.96, 0.96, 7.04, 3.04 ], "texture": "#4000lb-cookie" },
				"east": { "uv": [ 4.96, 0.96, 7.04, 3.04 ], "texture": "#4000lb-cookie" }
			}
		},
		{
			"__comment": "Voxels-3F5A4B",
			"from": [ 8.867499, 4.4337, 14.0723 ],
			"to": [ 9.253041, 4.626471, 16.00001 ],
			"faces": {
				"down": { "uv": [ 4.96, 0.96, 7.04, 3.04 ], "texture": "#4000lb-cookie", "rotation": 180 },
				"up": { "uv": [ 4.96, 0.96, 7.04, 3.04 ], "texture": "#4000lb-cookie", "rotation": 180 },
				"north": { "uv": [ 4.96, 0.96, 7.04, 3.04 ], "texture": "#4000lb-cookie" },
				"south": { "uv": [ 4.96, 0.96, 7.04, 3.04 ], "texture": "#4000lb-cookie" },
				"west": { "uv": [ 4.96, 0.96, 7.04, 3.04 ], "texture": "#4000lb-cookie" },
				"east": { "uv": [ 4.96, 0.96, 7.04, 3.04 ], "texture": "#4000lb-cookie" }
			}
		},
		{
			"__comment": "Voxels-4B6B58",
			"from": [ 6.747, 4.4337, 13.8795 ],
			"to": [ 9.253023, 4.626471, 14.07227 ],
			"faces": {
				"down": { "uv": [ 8.96, 0.96, 11.04, 3.04 ], "texture": "#4000lb-cookie", "rotation": 180 },
				"up": { "uv": [ 8.96, 0.96, 11.04, 3.04 ], "texture": "#4000lb-cookie", "rotation": 180 },
				"north": { "uv": [ 8.96, 0.96, 11.04, 3.04 ], "texture": "#4000lb-cookie" },
				"south": { "uv": [ 8.96, 0.96, 11.04, 3.04 ], "texture": "#4000lb-cookie" },
				"west": { "uv": [ 8.96, 0.96, 11.04, 3.04 ], "texture": "#4000lb-cookie" },
				"east": { "uv": [ 8.96, 0.96, 11.04, 3.04 ], "texture": "#4000lb-cookie" }
			}
		},
		{
			"__comment": "Voxels-3F5A4B",
			"from": [ 6.747, 4.4337, 1.5422 ],
			"to": [ 9.253023, 4.626471, 13.87955 ],
			"faces": {
				"down": { "uv": [ 4.96, 0.96, 7.04, 3.04 ], "texture": "#4000lb-cookie", "rotation": 180 },
				"up": { "uv": [ 4.96, 0.96, 7.04, 3.04 ], "texture": "#4000lb-cookie", "rotation": 180 },
				"north": { "uv": [ 4.96, 0.96, 7.04, 3.04 ], "texture": "#4000lb-cookie" },
				"south": { "uv": [ 4.96, 0.96, 7.04, 3.04 ], "texture": "#4000lb-cookie" },
				"west": { "uv": [ 4.96, 0.96, 7.04, 3.04 ], "texture": "#4000lb-cookie" },
				"east": { "uv": [ 4.96, 0.96, 7.04, 3.04 ], "texture": "#4000lb-cookie" }
			}
		},
		{
			"__comment": "Voxels-3F5A4B",
			"from": [ 8.867499, 4.4337, 1.3494 ],
			"to": [ 9.253041, 4.626471, 1.542171 ],
			"faces": {
				"down": { "uv": [ 4.96, 0.96, 7.04, 3.04 ], "texture": "#4000lb-cookie", "rotation": 180 },
				"up": { "uv": [ 4.96, 0.96, 7.04, 3.04 ], "texture": "#4000lb-cookie", "rotation": 180 },
				"north": { "uv": [ 4.96, 0.96, 7.04, 3.04 ], "texture": "#4000lb-cookie" },
				"south": { "uv": [ 4.96, 0.96, 7.04, 3.04 ], "texture": "#4000lb-cookie" },
				"west": { "uv": [ 4.96, 0.96, 7.04, 3.04 ], "texture": "#4000lb-cookie" },
				"east": { "uv": [ 4.96, 0.96, 7.04, 3.04 ], "texture": "#4000lb-cookie" }
			}
		},
		{
			"__comment": "Voxels-3F5A4B",
			"from": [ 6.5542, 4.6265, 14.0723 ],
			"to": [ 9.252995, 4.819271, 15.80724 ],
			"faces": {
				"down": { "uv": [ 4.96, 0.96, 7.04, 3.04 ], "texture": "#4000lb-cookie", "rotation": 180 },
				"up": { "uv": [ 4.96, 0.96, 7.04, 3.04 ], "texture": "#4000lb-cookie", "rotation": 180 },
				"north": { "uv": [ 4.96, 0.96, 7.04, 3.04 ], "texture": "#4000lb-cookie" },
				"south": { "uv": [ 4.96, 0.96, 7.04, 3.04 ], "texture": "#4000lb-cookie" },
				"west": { "uv": [ 4.96, 0.96, 7.04, 3.04 ], "texture": "#4000lb-cookie" },
				"east": { "uv": [ 4.96, 0.96, 7.04, 3.04 ], "texture": "#4000lb-cookie" }
			}
		},
		{
			"__comment": "Voxels-3F5A4B",
			"from": [ 6.747, 5.012, 1.3494 ],
			"to": [ 9.253023, 5.204771, 1.542171 ],
			"faces": {
				"down": { "uv": [ 4.96, 0.96, 7.04, 3.04 ], "texture": "#4000lb-cookie", "rotation": 180 },
				"up": { "uv": [ 4.96, 0.96, 7.04, 3.04 ], "texture": "#4000lb-cookie", "rotation": 180 },
				"north": { "uv": [ 4.96, 0.96, 7.04, 3.04 ], "texture": "#4000lb-cookie" },
				"south": { "uv": [ 4.96, 0.96, 7.04, 3.04 ], "texture": "#4000lb-cookie" },
				"west": { "uv": [ 4.96, 0.96, 7.04, 3.04 ], "texture": "#4000lb-cookie" },
				"east": { "uv": [ 4.96, 0.96, 7.04, 3.04 ], "texture": "#4000lb-cookie" }
			}
		},
		{
			"__comment": "Voxels-3F5A4B",
			"from": [ 6.747, 5.2048, 1.1566 ],
			"to": [ 9.253023, 5.590342, 1.349371 ],
			"faces": {
				"down": { "uv": [ 4.96, 0.96, 7.04, 3.04 ], "texture": "#4000lb-cookie", "rotation": 180 },
				"up": { "uv": [ 4.96, 0.96, 7.04, 3.04 ], "texture": "#4000lb-cookie", "rotation": 180 },
				"north": { "uv": [ 4.96, 0.96, 7.04, 3.04 ], "texture": "#4000lb-cookie" },
				"south": { "uv": [ 4.96, 0.96, 7.04, 3.04 ], "texture": "#4000lb-cookie" },
				"west": { "uv": [ 4.96, 0.96, 7.04, 3.04 ], "texture": "#4000lb-cookie" },
				"east": { "uv": [ 4.96, 0.96, 7.04, 3.04 ], "texture": "#4000lb-cookie" }
			}
		},
		{
			"__comment": "Voxels-3F5A4B",
			"from": [ 6.747, 5.5904, 0.9639 ],
			"to": [ 9.253023, 6.554255, 1.156671 ],
			"faces": {
				"down": { "uv": [ 4.96, 0.96, 7.04, 3.04 ], "texture": "#4000lb-cookie", "rotation": 180 },
				"up": { "uv": [ 4.96, 0.96, 7.04, 3.04 ], "texture": "#4000lb-cookie", "rotation": 180 },
				"north": { "uv": [ 4.96, 0.96, 7.04, 3.04 ], "texture": "#4000lb-cookie" },
				"south": { "uv": [ 4.96, 0.96, 7.04, 3.04 ], "texture": "#4000lb-cookie" },
				"west": { "uv": [ 4.96, 0.96, 7.04, 3.04 ], "texture": "#4000lb-cookie" },
				"east": { "uv": [ 4.96, 0.96, 7.04, 3.04 ], "texture": "#4000lb-cookie" }
			}
		},
		{
			"__comment": "Voxels-3F5A4B",
			"from": [ 6.747, 6.5542, 1.1566 ],
			"to": [ 9.253023, 6.939742, 1.349371 ],
			"faces": {
				"down": { "uv": [ 4.96, 0.96, 7.04, 3.04 ], "texture": "#4000lb-cookie", "rotation": 180 },
				"up": { "uv": [ 4.96, 0.96, 7.04, 3.04 ], "texture": "#4000lb-cookie", "rotation": 180 },
				"north": { "uv": [ 4.96, 0.96, 7.04, 3.04 ], "texture": "#4000lb-cookie" },
				"south": { "uv": [ 4.96, 0.96, 7.04, 3.04 ], "texture": "#4000lb-cookie" },
				"west": { "uv": [ 4.96, 0.96, 7.04, 3.04 ], "texture": "#4000lb-cookie" },
				"east": { "uv": [ 4.96, 0.96, 7.04, 3.04 ], "texture": "#4000lb-cookie" }
			}
		},
		{
			"__comment": "Voxels-3F5A4B",
			"from": [ 6.747, 6.9398, 1.3494 ],
			"to": [ 9.253023, 7.132571, 1.542171 ],
			"faces": {
				"down": { "uv": [ 4.96, 0.96, 7.04, 3.04 ], "texture": "#4000lb-cookie", "rotation": 180 },
				"up": { "uv": [ 4.96, 0.96, 7.04, 3.04 ], "texture": "#4000lb-cookie", "rotation": 180 },
				"north": { "uv": [ 4.96, 0.96, 7.04, 3.04 ], "texture": "#4000lb-cookie" },
				"south": { "uv": [ 4.96, 0.96, 7.04, 3.04 ], "texture": "#4000lb-cookie" },
				"west": { "uv": [ 4.96, 0.96, 7.04, 3.04 ], "texture": "#4000lb-cookie" },
				"east": { "uv": [ 4.96, 0.96, 7.04, 3.04 ], "texture": "#4000lb-cookie" }
			}
		},
		{
			"__comment": "Voxels-3F5A4B",
			"from": [ 6.5542, 7.3253, 14.0723 ],
			"to": [ 9.252995, 7.518071, 15.80724 ],
			"faces": {
				"down": { "uv": [ 4.96, 0.96, 7.04, 3.04 ], "texture": "#4000lb-cookie", "rotation": 180 },
				"up": { "uv": [ 4.96, 0.96, 7.04, 3.04 ], "texture": "#4000lb-cookie", "rotation": 180 },
				"north": { "uv": [ 4.96, 0.96, 7.04, 3.04 ], "texture": "#4000lb-cookie" },
				"south": { "uv": [ 4.96, 0.96, 7.04, 3.04 ], "texture": "#4000lb-cookie" },
				"west": { "uv": [ 4.96, 0.96, 7.04, 3.04 ], "texture": "#4000lb-cookie" },
				"east": { "uv": [ 4.96, 0.96, 7.04, 3.04 ], "texture": "#4000lb-cookie" }
			}
		},
		{
			"__comment": "Voxels-3F5A4B",
			"from": [ 9.0602, 7.3253, 1.3494 ],
			"to": [ 9.252971, 7.710842, 1.542171 ],
			"faces": {
				"down": { "uv": [ 4.96, 0.96, 7.04, 3.04 ], "texture": "#4000lb-cookie", "rotation": 180 },
				"up": { "uv": [ 4.96, 0.96, 7.04, 3.04 ], "texture": "#4000lb-cookie", "rotation": 180 },
				"north": { "uv": [ 4.96, 0.96, 7.04, 3.04 ], "texture": "#4000lb-cookie" },
				"south": { "uv": [ 4.96, 0.96, 7.04, 3.04 ], "texture": "#4000lb-cookie" },
				"west": { "uv": [ 4.96, 0.96, 7.04, 3.04 ], "texture": "#4000lb-cookie" },
				"east": { "uv": [ 4.96, 0.96, 7.04, 3.04 ], "texture": "#4000lb-cookie" }
			}
		},
		{
			"__comment": "Voxels-3F5A4B",
			"from": [ 9.0602, 7.5181, 14.0723 ],
			"to": [ 9.252971, 7.710871, 16.00001 ],
			"faces": {
				"down": { "uv": [ 4.96, 0.96, 7.04, 3.04 ], "texture": "#4000lb-cookie", "rotation": 180 },
				"up": { "uv": [ 4.96, 0.96, 7.04, 3.04 ], "texture": "#4000lb-cookie", "rotation": 180 },
				"north": { "uv": [ 4.96, 0.96, 7.04, 3.04 ], "texture": "#4000lb-cookie" },
				"south": { "uv": [ 4.96, 0.96, 7.04, 3.04 ], "texture": "#4000lb-cookie" },
				"west": { "uv": [ 4.96, 0.96, 7.04, 3.04 ], "texture": "#4000lb-cookie" },
				"east": { "uv": [ 4.96, 0.96, 7.04, 3.04 ], "texture": "#4000lb-cookie" }
			}
		},
		{
			"__comment": "Voxels-4B6B58",
			"from": [ 6.747, 7.5181, 13.8795 ],
			"to": [ 9.253023, 7.710871, 14.07227 ],
			"faces": {
				"down": { "uv": [ 8.96, 0.96, 11.04, 3.04 ], "texture": "#4000lb-cookie", "rotation": 180 },
				"up": { "uv": [ 8.96, 0.96, 11.04, 3.04 ], "texture": "#4000lb-cookie", "rotation": 180 },
				"north": { "uv": [ 8.96, 0.96, 11.04, 3.04 ], "texture": "#4000lb-cookie" },
				"south": { "uv": [ 8.96, 0.96, 11.04, 3.04 ], "texture": "#4000lb-cookie" },
				"west": { "uv": [ 8.96, 0.96, 11.04, 3.04 ], "texture": "#4000lb-cookie" },
				"east": { "uv": [ 8.96, 0.96, 11.04, 3.04 ], "texture": "#4000lb-cookie" }
			}
		},
		{
			"__comment": "Voxels-3F5A4B",
			"from": [ 6.747, 7.5181, 1.5422 ],
			"to": [ 9.253023, 7.710871, 13.87955 ],
			"faces": {
				"down": { "uv": [ 4.96, 0.96, 7.04, 3.04 ], "texture": "#4000lb-cookie", "rotation": 180 },
				"up": { "uv": [ 4.96, 0.96, 7.04, 3.04 ], "texture": "#4000lb-cookie", "rotation": 180 },
				"north": { "uv": [ 4.96, 0.96, 7.04, 3.04 ], "texture": "#4000lb-cookie" },
				"south": { "uv": [ 4.96, 0.96, 7.04, 3.04 ], "texture": "#4000lb-cookie" },
				"west": { "uv": [ 4.96, 0.96, 7.04, 3.04 ], "texture": "#4000lb-cookie" },
				"east": { "uv": [ 4.96, 0.96, 7.04, 3.04 ], "texture": "#4000lb-cookie" }
			}
		},
		{
			"__comment": "Voxels-3F5A4B",
			"from": [ 8.6747, 4.241, 14.0723 ],
			"to": [ 9.060242, 4.433771, 16.00001 ],
			"faces": {
				"down": { "uv": [ 4.96, 0.96, 7.04, 3.04 ], "texture": "#4000lb-cookie", "rotation": 180 },
				"up": { "uv": [ 4.96, 0.96, 7.04, 3.04 ], "texture": "#4000lb-cookie", "rotation": 180 },
				"north": { "uv": [ 4.96, 0.96, 7.04, 3.04 ], "texture": "#4000lb-cookie" },
				"south": { "uv": [ 4.96, 0.96, 7.04, 3.04 ], "texture": "#4000lb-cookie" },
				"west": { "uv": [ 4.96, 0.96, 7.04, 3.04 ], "texture": "#4000lb-cookie" },
				"east": { "uv": [ 4.96, 0.96, 7.04, 3.04 ], "texture": "#4000lb-cookie" }
			}
		},
		{
			"__comment": "Voxels-4B6B58",
			"from": [ 6.9398, 4.241, 13.8795 ],
			"to": [ 9.060282, 4.433771, 14.07227 ],
			"faces": {
				"down": { "uv": [ 8.96, 0.96, 11.04, 3.04 ], "texture": "#4000lb-cookie", "rotation": 180 },
				"up": { "uv": [ 8.96, 0.96, 11.04, 3.04 ], "texture": "#4000lb-cookie", "rotation": 180 },
				"north": { "uv": [ 8.96, 0.96, 11.04, 3.04 ], "texture": "#4000lb-cookie" },
				"south": { "uv": [ 8.96, 0.96, 11.04, 3.04 ], "texture": "#4000lb-cookie" },
				"west": { "uv": [ 8.96, 0.96, 11.04, 3.04 ], "texture": "#4000lb-cookie" },
				"east": { "uv": [ 8.96, 0.96, 11.04, 3.04 ], "texture": "#4000lb-cookie" }
			}
		},
		{
			"__comment": "Voxels-3F5A4B",
			"from": [ 6.9398, 4.241, 1.5422 ],
			"to": [ 9.060282, 4.433771, 13.87955 ],
			"faces": {
				"down": { "uv": [ 4.96, 0.96, 7.04, 3.04 ], "texture": "#4000lb-cookie", "rotation": 180 },
				"up": { "uv": [ 4.96, 0.96, 7.04, 3.04 ], "texture": "#4000lb-cookie", "rotation": 180 },
				"north": { "uv": [ 4.96, 0.96, 7.04, 3.04 ], "texture": "#4000lb-cookie" },
				"south": { "uv": [ 4.96, 0.96, 7.04, 3.04 ], "texture": "#4000lb-cookie" },
				"west": { "uv": [ 4.96, 0.96, 7.04, 3.04 ], "texture": "#4000lb-cookie" },
				"east": { "uv": [ 4.96, 0.96, 7.04, 3.04 ], "texture": "#4000lb-cookie" }
			}
		},
		{
			"__comment": "Voxels-3F5A4B",
			"from": [ 8.4819, 4.241, 1.3494 ],
			"to": [ 9.060213, 4.433771, 1.542171 ],
			"faces": {
				"down": { "uv": [ 4.96, 0.96, 7.04, 3.04 ], "texture": "#4000lb-cookie", "rotation": 180 },
				"up": { "uv": [ 4.96, 0.96, 7.04, 3.04 ], "texture": "#4000lb-cookie", "rotation": 180 },
				"north": { "uv": [ 4.96, 0.96, 7.04, 3.04 ], "texture": "#4000lb-cookie" },
				"south": { "uv": [ 4.96, 0.96, 7.04, 3.04 ], "texture": "#4000lb-cookie" },
				"west": { "uv": [ 4.96, 0.96, 7.04, 3.04 ], "texture": "#4000lb-cookie" },
				"east": { "uv": [ 4.96, 0.96, 7.04, 3.04 ], "texture": "#4000lb-cookie" }
			}
		},
		{
			"__comment": "Voxels-3F5A4B",
			"from": [ 6.9398, 4.8193, 1.3494 ],
			"to": [ 9.060282, 5.012071, 1.542171 ],
			"faces": {
				"down": { "uv": [ 4.96, 0.96, 7.04, 3.04 ], "texture": "#4000lb-cookie", "rotation": 180 },
				"up": { "uv": [ 4.96, 0.96, 7.04, 3.04 ], "texture": "#4000lb-cookie", "rotation": 180 },
				"north": { "uv": [ 4.96, 0.96, 7.04, 3.04 ], "texture": "#4000lb-cookie" },
				"south": { "uv": [ 4.96, 0.96, 7.04, 3.04 ], "texture": "#4000lb-cookie" },
				"west": { "uv": [ 4.96, 0.96, 7.04, 3.04 ], "texture": "#4000lb-cookie" },
				"east": { "uv": [ 4.96, 0.96, 7.04, 3.04 ], "texture": "#4000lb-cookie" }
			}
		},
		{
			"__comment": "Voxels-3F5A4B",
			"from": [ 6.9398, 5.012, 1.1566 ],
			"to": [ 9.060282, 5.204771, 1.349371 ],
			"faces": {
				"down": { "uv": [ 4.96, 0.96, 7.04, 3.04 ], "texture": "#4000lb-cookie", "rotation": 180 },
				"up": { "uv": [ 4.96, 0.96, 7.04, 3.04 ], "texture": "#4000lb-cookie", "rotation": 180 },
				"north": { "uv": [ 4.96, 0.96, 7.04, 3.04 ], "texture": "#4000lb-cookie" },
				"south": { "uv": [ 4.96, 0.96, 7.04, 3.04 ], "texture": "#4000lb-cookie" },
				"west": { "uv": [ 4.96, 0.96, 7.04, 3.04 ], "texture": "#4000lb-cookie" },
				"east": { "uv": [ 4.96, 0.96, 7.04, 3.04 ], "texture": "#4000lb-cookie" }
			}
		},
		{
			"__comment": "Voxels-3F5A4B",
			"from": [ 6.9398, 5.2048, 0.9639 ],
			"to": [ 9.060282, 5.590342, 1.156671 ],
			"faces": {
				"down": { "uv": [ 4.96, 0.96, 7.04, 3.04 ], "texture": "#4000lb-cookie", "rotation": 180 },
				"up": { "uv": [ 4.96, 0.96, 7.04, 3.04 ], "texture": "#4000lb-cookie", "rotation": 180 },
				"north": { "uv": [ 4.96, 0.96, 7.04, 3.04 ], "texture": "#4000lb-cookie" },
				"south": { "uv": [ 4.96, 0.96, 7.04, 3.04 ], "texture": "#4000lb-cookie" },
				"west": { "uv": [ 4.96, 0.96, 7.04, 3.04 ], "texture": "#4000lb-cookie" },
				"east": { "uv": [ 4.96, 0.96, 7.04, 3.04 ], "texture": "#4000lb-cookie" }
			}
		},
		{
			"__comment": "Voxels-3F5A4B",
			"from": [ 6.9398, 5.5904, 0.7711 ],
			"to": [ 9.060282, 6.554255, 0.9638711 ],
			"faces": {
				"down": { "uv": [ 4.96, 0.96, 7.04, 3.04 ], "texture": "#4000lb-cookie", "rotation": 180 },
				"up": { "uv": [ 4.96, 0.96, 7.04, 3.04 ], "texture": "#4000lb-cookie", "rotation": 180 },
				"north": { "uv": [ 4.96, 0.96, 7.04, 3.04 ], "texture": "#4000lb-cookie" },
				"south": { "uv": [ 4.96, 0.96, 7.04, 3.04 ], "texture": "#4000lb-cookie" },
				"west": { "uv": [ 4.96, 0.96, 7.04, 3.04 ], "texture": "#4000lb-cookie" },
				"east": { "uv": [ 4.96, 0.96, 7.04, 3.04 ], "texture": "#4000lb-cookie" }
			}
		},
		{
			"__comment": "Voxels-3F5A4B",
			"from": [ 6.9398, 6.5542, 0.9639 ],
			"to": [ 9.060282, 6.939742, 1.156671 ],
			"faces": {
				"down": { "uv": [ 4.96, 0.96, 7.04, 3.04 ], "texture": "#4000lb-cookie", "rotation": 180 },
				"up": { "uv": [ 4.96, 0.96, 7.04, 3.04 ], "texture": "#4000lb-cookie", "rotation": 180 },
				"north": { "uv": [ 4.96, 0.96, 7.04, 3.04 ], "texture": "#4000lb-cookie" },
				"south": { "uv": [ 4.96, 0.96, 7.04, 3.04 ], "texture": "#4000lb-cookie" },
				"west": { "uv": [ 4.96, 0.96, 7.04, 3.04 ], "texture": "#4000lb-cookie" },
				"east": { "uv": [ 4.96, 0.96, 7.04, 3.04 ], "texture": "#4000lb-cookie" }
			}
		},
		{
			"__comment": "Voxels-3F5A4B",
			"from": [ 6.9398, 6.9398, 1.1566 ],
			"to": [ 9.060282, 7.132571, 1.349371 ],
			"faces": {
				"down": { "uv": [ 4.96, 0.96, 7.04, 3.04 ], "texture": "#4000lb-cookie", "rotation": 180 },
				"up": { "uv": [ 4.96, 0.96, 7.04, 3.04 ], "texture": "#4000lb-cookie", "rotation": 180 },
				"north": { "uv": [ 4.96, 0.96, 7.04, 3.04 ], "texture": "#4000lb-cookie" },
				"south": { "uv": [ 4.96, 0.96, 7.04, 3.04 ], "texture": "#4000lb-cookie" },
				"west": { "uv": [ 4.96, 0.96, 7.04, 3.04 ], "texture": "#4000lb-cookie" },
				"east": { "uv": [ 4.96, 0.96, 7.04, 3.04 ], "texture": "#4000lb-cookie" }
			}
		},
		{
			"__comment": "Voxels-3F5A4B",
			"from": [ 6.9398, 7.1325, 1.3494 ],
			"to": [ 9.060282, 7.325271, 1.542171 ],
			"faces": {
				"down": { "uv": [ 4.96, 0.96, 7.04, 3.04 ], "texture": "#4000lb-cookie", "rotation": 180 },
				"up": { "uv": [ 4.96, 0.96, 7.04, 3.04 ], "texture": "#4000lb-cookie", "rotation": 180 },
				"north": { "uv": [ 4.96, 0.96, 7.04, 3.04 ], "texture": "#4000lb-cookie" },
				"south": { "uv": [ 4.96, 0.96, 7.04, 3.04 ], "texture": "#4000lb-cookie" },
				"west": { "uv": [ 4.96, 0.96, 7.04, 3.04 ], "texture": "#4000lb-cookie" },
				"east": { "uv": [ 4.96, 0.96, 7.04, 3.04 ], "texture": "#4000lb-cookie" }
			}
		},
		{
			"__comment": "Voxels-3F5A4B",
			"from": [ 6.747, 7.5181, 14.0723 ],
			"to": [ 9.060253, 7.710871, 15.80724 ],
			"faces": {
				"down": { "uv": [ 4.96, 0.96, 7.04, 3.04 ], "texture": "#4000lb-cookie", "rotation": 180 },
				"up": { "uv": [ 4.96, 0.96, 7.04, 3.04 ], "texture": "#4000lb-cookie", "rotation": 180 },
				"north": { "uv": [ 4.96, 0.96, 7.04, 3.04 ], "texture": "#4000lb-cookie" },
				"south": { "uv": [ 4.96, 0.96, 7.04, 3.04 ], "texture": "#4000lb-cookie" },
				"west": { "uv": [ 4.96, 0.96, 7.04, 3.04 ], "texture": "#4000lb-cookie" },
				"east": { "uv": [ 4.96, 0.96, 7.04, 3.04 ], "texture": "#4000lb-cookie" }
			}
		},
		{
			"__comment": "Voxels-3F5A4B",
			"from": [ 8.867499, 7.5181, 1.3494 ],
			"to": [ 9.06027, 7.903642, 1.542171 ],
			"faces": {
				"down": { "uv": [ 4.96, 0.96, 7.04, 3.04 ], "texture": "#4000lb-cookie", "rotation": 180 },
				"up": { "uv": [ 4.96, 0.96, 7.04, 3.04 ], "texture": "#4000lb-cookie", "rotation": 180 },
				"north": { "uv": [ 4.96, 0.96, 7.04, 3.04 ], "texture": "#4000lb-cookie" },
				"south": { "uv": [ 4.96, 0.96, 7.04, 3.04 ], "texture": "#4000lb-cookie" },
				"west": { "uv": [ 4.96, 0.96, 7.04, 3.04 ], "texture": "#4000lb-cookie" },
				"east": { "uv": [ 4.96, 0.96, 7.04, 3.04 ], "texture": "#4000lb-cookie" }
			}
		},
		{
			"__comment": "Voxels-3F5A4B",
			"from": [ 8.6747, 7.7108, 14.0723 ],
			"to": [ 9.060242, 7.903571, 16.00001 ],
			"faces": {
				"down": { "uv": [ 4.96, 0.96, 7.04, 3.04 ], "texture": "#4000lb-cookie", "rotation": 180 },
				"up": { "uv": [ 4.96, 0.96, 7.04, 3.04 ], "texture": "#4000lb-cookie", "rotation": 180 },
				"north": { "uv": [ 4.96, 0.96, 7.04, 3.04 ], "texture": "#4000lb-cookie" },
				"south": { "uv": [ 4.96, 0.96, 7.04, 3.04 ], "texture": "#4000lb-cookie" },
				"west": { "uv": [ 4.96, 0.96, 7.04, 3.04 ], "texture": "#4000lb-cookie" },
				"east": { "uv": [ 4.96, 0.96, 7.04, 3.04 ], "texture": "#4000lb-cookie" }
			}
		},
		{
			"__comment": "Voxels-4B6B58",
			"from": [ 6.9398, 7.7108, 13.8795 ],
			"to": [ 9.060282, 7.903571, 14.07227 ],
			"faces": {
				"down": { "uv": [ 8.96, 0.96, 11.04, 3.04 ], "texture": "#4000lb-cookie", "rotation": 180 },
				"up": { "uv": [ 8.96, 0.96, 11.04, 3.04 ], "texture": "#4000lb-cookie", "rotation": 180 },
				"north": { "uv": [ 8.96, 0.96, 11.04, 3.04 ], "texture": "#4000lb-cookie" },
				"south": { "uv": [ 8.96, 0.96, 11.04, 3.04 ], "texture": "#4000lb-cookie" },
				"west": { "uv": [ 8.96, 0.96, 11.04, 3.04 ], "texture": "#4000lb-cookie" },
				"east": { "uv": [ 8.96, 0.96, 11.04, 3.04 ], "texture": "#4000lb-cookie" }
			}
		},
		{
			"__comment": "Voxels-3F5A4B",
			"from": [ 6.9398, 7.7108, 1.5422 ],
			"to": [ 9.060282, 7.903571, 13.87955 ],
			"faces": {
				"down": { "uv": [ 4.96, 0.96, 7.04, 3.04 ], "texture": "#4000lb-cookie", "rotation": 180 },
				"up": { "uv": [ 4.96, 0.96, 7.04, 3.04 ], "texture": "#4000lb-cookie", "rotation": 180 },
				"north": { "uv": [ 4.96, 0.96, 7.04, 3.04 ], "texture": "#4000lb-cookie" },
				"south": { "uv": [ 4.96, 0.96, 7.04, 3.04 ], "texture": "#4000lb-cookie" },
				"west": { "uv": [ 4.96, 0.96, 7.04, 3.04 ], "texture": "#4000lb-cookie" },
				"east": { "uv": [ 4.96, 0.96, 7.04, 3.04 ], "texture": "#4000lb-cookie" }
			}
		},
		{
			"__comment": "Voxels-3F5A4B",
			"from": [ 6.747, 4.4337, 14.0723 ],
			"to": [ 8.867481, 4.626471, 15.80724 ],
			"faces": {
				"down": { "uv": [ 4.96, 0.96, 7.04, 3.04 ], "texture": "#4000lb-cookie", "rotation": 180 },
				"up": { "uv": [ 4.96, 0.96, 7.04, 3.04 ], "texture": "#4000lb-cookie", "rotation": 180 },
				"north": { "uv": [ 4.96, 0.96, 7.04, 3.04 ], "texture": "#4000lb-cookie" },
				"south": { "uv": [ 4.96, 0.96, 7.04, 3.04 ], "texture": "#4000lb-cookie" },
				"west": { "uv": [ 4.96, 0.96, 7.04, 3.04 ], "texture": "#4000lb-cookie" },
				"east": { "uv": [ 4.96, 0.96, 7.04, 3.04 ], "texture": "#4000lb-cookie" }
			}
		},
		{
			"__comment": "Voxels-3F5A4B",
			"from": [ 7.1325, 4.6265, 1.3494 ],
			"to": [ 8.867439, 4.819271, 1.542171 ],
			"faces": {
				"down": { "uv": [ 4.96, 0.96, 7.04, 3.04 ], "texture": "#4000lb-cookie", "rotation": 180 },
				"up": { "uv": [ 4.96, 0.96, 7.04, 3.04 ], "texture": "#4000lb-cookie", "rotation": 180 },
				"north": { "uv": [ 4.96, 0.96, 7.04, 3.04 ], "texture": "#4000lb-cookie" },
				"south": { "uv": [ 4.96, 0.96, 7.04, 3.04 ], "texture": "#4000lb-cookie" },
				"west": { "uv": [ 4.96, 0.96, 7.04, 3.04 ], "texture": "#4000lb-cookie" },
				"east": { "uv": [ 4.96, 0.96, 7.04, 3.04 ], "texture": "#4000lb-cookie" }
			}
		},
		{
			"__comment": "Voxels-3F5A4B",
			"from": [ 7.1325, 4.8193, 1.1566 ],
			"to": [ 8.867439, 5.012071, 1.349371 ],
			"faces": {
				"down": { "uv": [ 4.96, 0.96, 7.04, 3.04 ], "texture": "#4000lb-cookie", "rotation": 180 },
				"up": { "uv": [ 4.96, 0.96, 7.04, 3.04 ], "texture": "#4000lb-cookie", "rotation": 180 },
				"north": { "uv": [ 4.96, 0.96, 7.04, 3.04 ], "texture": "#4000lb-cookie" },
				"south": { "uv": [ 4.96, 0.96, 7.04, 3.04 ], "texture": "#4000lb-cookie" },
				"west": { "uv": [ 4.96, 0.96, 7.04, 3.04 ], "texture": "#4000lb-cookie" },
				"east": { "uv": [ 4.96, 0.96, 7.04, 3.04 ], "texture": "#4000lb-cookie" }
			}
		},
		{
			"__comment": "Voxels-3F5A4B",
			"from": [ 7.1325, 5.012, 0.9639 ],
			"to": [ 8.867439, 5.204771, 1.156671 ],
			"faces": {
				"down": { "uv": [ 4.96, 0.96, 7.04, 3.04 ], "texture": "#4000lb-cookie", "rotation": 180 },
				"up": { "uv": [ 4.96, 0.96, 7.04, 3.04 ], "texture": "#4000lb-cookie", "rotation": 180 },
				"north": { "uv": [ 4.96, 0.96, 7.04, 3.04 ], "texture": "#4000lb-cookie" },
				"south": { "uv": [ 4.96, 0.96, 7.04, 3.04 ], "texture": "#4000lb-cookie" },
				"west": { "uv": [ 4.96, 0.96, 7.04, 3.04 ], "texture": "#4000lb-cookie" },
				"east": { "uv": [ 4.96, 0.96, 7.04, 3.04 ], "texture": "#4000lb-cookie" }
			}
		},
		{
			"__comment": "Voxels-3F5A4B",
			"from": [ 7.1325, 5.3976, 0.7711 ],
			"to": [ 8.867439, 5.590371, 0.9638711 ],
			"faces": {
				"down": { "uv": [ 4.96, 0.96, 7.04, 3.04 ], "texture": "#4000lb-cookie", "rotation": 180 },
				"up": { "uv": [ 4.96, 0.96, 7.04, 3.04 ], "texture": "#4000lb-cookie", "rotation": 180 },
				"north": { "uv": [ 4.96, 0.96, 7.04, 3.04 ], "texture": "#4000lb-cookie" },
				"south": { "uv": [ 4.96, 0.96, 7.04, 3.04 ], "texture": "#4000lb-cookie" },
				"west": { "uv": [ 4.96, 0.96, 7.04, 3.04 ], "texture": "#4000lb-cookie" },
				"east": { "uv": [ 4.96, 0.96, 7.04, 3.04 ], "texture": "#4000lb-cookie" }
			}
		},
		{
			"__comment": "Voxels-3F5A4B",
			"from": [ 7.1325, 6.5542, 0.7711 ],
			"to": [ 8.867439, 6.746971, 0.9638711 ],
			"faces": {
				"down": { "uv": [ 4.96, 0.96, 7.04, 3.04 ], "texture": "#4000lb-cookie", "rotation": 180 },
				"up": { "uv": [ 4.96, 0.96, 7.04, 3.04 ], "texture": "#4000lb-cookie", "rotation": 180 },
				"north": { "uv": [ 4.96, 0.96, 7.04, 3.04 ], "texture": "#4000lb-cookie" },
				"south": { "uv": [ 4.96, 0.96, 7.04, 3.04 ], "texture": "#4000lb-cookie" },
				"west": { "uv": [ 4.96, 0.96, 7.04, 3.04 ], "texture": "#4000lb-cookie" },
				"east": { "uv": [ 4.96, 0.96, 7.04, 3.04 ], "texture": "#4000lb-cookie" }
			}
		},
		{
			"__comment": "Voxels-3F5A4B",
			"from": [ 7.1325, 6.9398, 0.9639 ],
			"to": [ 8.867439, 7.132571, 1.156671 ],
			"faces": {
				"down": { "uv": [ 4.96, 0.96, 7.04, 3.04 ], "texture": "#4000lb-cookie", "rotation": 180 },
				"up": { "uv": [ 4.96, 0.96, 7.04, 3.04 ], "texture": "#4000lb-cookie", "rotation": 180 },
				"north": { "uv": [ 4.96, 0.96, 7.04, 3.04 ], "texture": "#4000lb-cookie" },
				"south": { "uv": [ 4.96, 0.96, 7.04, 3.04 ], "texture": "#4000lb-cookie" },
				"west": { "uv": [ 4.96, 0.96, 7.04, 3.04 ], "texture": "#4000lb-cookie" },
				"east": { "uv": [ 4.96, 0.96, 7.04, 3.04 ], "texture": "#4000lb-cookie" }
			}
		},
		{
			"__comment": "Voxels-3F5A4B",
			"from": [ 7.1325, 7.1325, 1.1566 ],
			"to": [ 8.867439, 7.325271, 1.349371 ],
			"faces": {
				"down": { "uv": [ 4.96, 0.96, 7.04, 3.04 ], "texture": "#4000lb-cookie", "rotation": 180 },
				"up": { "uv": [ 4.96, 0.96, 7.04, 3.04 ], "texture": "#4000lb-cookie", "rotation": 180 },
				"north": { "uv": [ 4.96, 0.96, 7.04, 3.04 ], "texture": "#4000lb-cookie" },
				"south": { "uv": [ 4.96, 0.96, 7.04, 3.04 ], "texture": "#4000lb-cookie" },
				"west": { "uv": [ 4.96, 0.96, 7.04, 3.04 ], "texture": "#4000lb-cookie" },
				"east": { "uv": [ 4.96, 0.96, 7.04, 3.04 ], "texture": "#4000lb-cookie" }
			}
		},
		{
			"__comment": "Voxels-3F5A4B",
			"from": [ 7.1325, 7.3253, 1.3494 ],
			"to": [ 8.867439, 7.518071, 1.542171 ],
			"faces": {
				"down": { "uv": [ 4.96, 0.96, 7.04, 3.04 ], "texture": "#4000lb-cookie", "rotation": 180 },
				"up": { "uv": [ 4.96, 0.96, 7.04, 3.04 ], "texture": "#4000lb-cookie", "rotation": 180 },
				"north": { "uv": [ 4.96, 0.96, 7.04, 3.04 ], "texture": "#4000lb-cookie" },
				"south": { "uv": [ 4.96, 0.96, 7.04, 3.04 ], "texture": "#4000lb-cookie" },
				"west": { "uv": [ 4.96, 0.96, 7.04, 3.04 ], "texture": "#4000lb-cookie" },
				"east": { "uv": [ 4.96, 0.96, 7.04, 3.04 ], "texture": "#4000lb-cookie" }
			}
		},
		{
			"__comment": "Voxels-3F5A4B",
			"from": [ 8.4819, 7.7108, 1.3494 ],
			"to": [ 8.867442, 7.903571, 1.542171 ],
			"faces": {
				"down": { "uv": [ 4.96, 0.96, 7.04, 3.04 ], "texture": "#4000lb-cookie", "rotation": 180 },
				"up": { "uv": [ 4.96, 0.96, 7.04, 3.04 ], "texture": "#4000lb-cookie", "rotation": 180 },
				"north": { "uv": [ 4.96, 0.96, 7.04, 3.04 ], "texture": "#4000lb-cookie" },
				"south": { "uv": [ 4.96, 0.96, 7.04, 3.04 ], "texture": "#4000lb-cookie" },
				"west": { "uv": [ 4.96, 0.96, 7.04, 3.04 ], "texture": "#4000lb-cookie" },
				"east": { "uv": [ 4.96, 0.96, 7.04, 3.04 ], "texture": "#4000lb-cookie" }
			}
		},
		{
			"__comment": "Voxels-3F5A4B",
			"from": [ 7.3253, 4.0482, 14.0723 ],
			"to": [ 8.674697, 4.240971, 16.00001 ],
			"faces": {
				"down": { "uv": [ 4.96, 0.96, 7.04, 3.04 ], "texture": "#4000lb-cookie", "rotation": 180 },
				"up": { "uv": [ 4.96, 0.96, 7.04, 3.04 ], "texture": "#4000lb-cookie", "rotation": 180 },
				"north": { "uv": [ 4.96, 0.96, 7.04, 3.04 ], "texture": "#4000lb-cookie" },
				"south": { "uv": [ 4.96, 0.96, 7.04, 3.04 ], "texture": "#4000lb-cookie" },
				"west": { "uv": [ 4.96, 0.96, 7.04, 3.04 ], "texture": "#4000lb-cookie" },
				"east": { "uv": [ 4.96, 0.96, 7.04, 3.04 ], "texture": "#4000lb-cookie" }
			}
		},
		{
			"__comment": "Voxels-4B6B58",
			"from": [ 7.3253, 4.0482, 13.8795 ],
			"to": [ 8.674697, 4.240971, 14.07227 ],
			"faces": {
				"down": { "uv": [ 8.96, 0.96, 11.04, 3.04 ], "texture": "#4000lb-cookie", "rotation": 180 },
				"up": { "uv": [ 8.96, 0.96, 11.04, 3.04 ], "texture": "#4000lb-cookie", "rotation": 180 },
				"north": { "uv": [ 8.96, 0.96, 11.04, 3.04 ], "texture": "#4000lb-cookie" },
				"south": { "uv": [ 8.96, 0.96, 11.04, 3.04 ], "texture": "#4000lb-cookie" },
				"west": { "uv": [ 8.96, 0.96, 11.04, 3.04 ], "texture": "#4000lb-cookie" },
				"east": { "uv": [ 8.96, 0.96, 11.04, 3.04 ], "texture": "#4000lb-cookie" }
			}
		},
		{
			"__comment": "Voxels-3F5A4B",
			"from": [ 7.3253, 4.0482, 1.3494 ],
			"to": [ 8.674697, 4.240971, 13.87952 ],
			"faces": {
				"down": { "uv": [ 4.96, 0.96, 7.04, 3.04 ], "texture": "#4000lb-cookie", "rotation": 180 },
				"up": { "uv": [ 4.96, 0.96, 7.04, 3.04 ], "texture": "#4000lb-cookie", "rotation": 180 },
				"north": { "uv": [ 4.96, 0.96, 7.04, 3.04 ], "texture": "#4000lb-cookie" },
				"south": { "uv": [ 4.96, 0.96, 7.04, 3.04 ], "texture": "#4000lb-cookie" },
				"west": { "uv": [ 4.96, 0.96, 7.04, 3.04 ], "texture": "#4000lb-cookie" },
				"east": { "uv": [ 4.96, 0.96, 7.04, 3.04 ], "texture": "#4000lb-cookie" }
			}
		},
		{
			"__comment": "Voxels-3F5A4B",
			"from": [ 6.9398, 4.241, 14.0723 ],
			"to": [ 8.67474, 4.433771, 15.80724 ],
			"faces": {
				"down": { "uv": [ 4.96, 0.96, 7.04, 3.04 ], "texture": "#4000lb-cookie", "rotation": 180 },
				"up": { "uv": [ 4.96, 0.96, 7.04, 3.04 ], "texture": "#4000lb-cookie", "rotation": 180 },
				"north": { "uv": [ 4.96, 0.96, 7.04, 3.04 ], "texture": "#4000lb-cookie" },
				"south": { "uv": [ 4.96, 0.96, 7.04, 3.04 ], "texture": "#4000lb-cookie" },
				"west": { "uv": [ 4.96, 0.96, 7.04, 3.04 ], "texture": "#4000lb-cookie" },
				"east": { "uv": [ 4.96, 0.96, 7.04, 3.04 ], "texture": "#4000lb-cookie" }
			}
		},
		{
			"__comment": "Voxels-3F5A4B",
			"from": [ 7.3253, 5.2048, 0.7711 ],
			"to": [ 8.674697, 5.397571, 0.9638711 ],
			"faces": {
				"down": { "uv": [ 4.96, 0.96, 7.04, 3.04 ], "texture": "#4000lb-cookie", "rotation": 180 },
				"up": { "uv": [ 4.96, 0.96, 7.04, 3.04 ], "texture": "#4000lb-cookie", "rotation": 180 },
				"north": { "uv": [ 4.96, 0.96, 7.04, 3.04 ], "texture": "#4000lb-cookie" },
				"south": { "uv": [ 4.96, 0.96, 7.04, 3.04 ], "texture": "#4000lb-cookie" },
				"west": { "uv": [ 4.96, 0.96, 7.04, 3.04 ], "texture": "#4000lb-cookie" },
				"east": { "uv": [ 4.96, 0.96, 7.04, 3.04 ], "texture": "#4000lb-cookie" }
			}
		},
		{
			"__comment": "Voxels-3F5A4B",
			"from": [ 7.3253, 5.7831, 0.5783 ],
			"to": [ 8.674697, 6.361413, 0.7710711 ],
			"faces": {
				"down": { "uv": [ 4.96, 0.96, 7.04, 3.04 ], "texture": "#4000lb-cookie", "rotation": 180 },
				"up": { "uv": [ 4.96, 0.96, 7.04, 3.04 ], "texture": "#4000lb-cookie", "rotation": 180 },
				"north": { "uv": [ 4.96, 0.96, 7.04, 3.04 ], "texture": "#4000lb-cookie" },
				"south": { "uv": [ 4.96, 0.96, 7.04, 3.04 ], "texture": "#4000lb-cookie" },
				"west": { "uv": [ 4.96, 0.96, 7.04, 3.04 ], "texture": "#4000lb-cookie" },
				"east": { "uv": [ 4.96, 0.96, 7.04, 3.04 ], "texture": "#4000lb-cookie" }
			}
		},
		{
			"__comment": "Voxels-3F5A4B",
			"from": [ 7.3253, 6.747, 0.7711 ],
			"to": [ 8.674697, 6.939771, 0.9638711 ],
			"faces": {
				"down": { "uv": [ 4.96, 0.96, 7.04, 3.04 ], "texture": "#4000lb-cookie", "rotation": 180 },
				"up": { "uv": [ 4.96, 0.96, 7.04, 3.04 ], "texture": "#4000lb-cookie", "rotation": 180 },
				"north": { "uv": [ 4.96, 0.96, 7.04, 3.04 ], "texture": "#4000lb-cookie" },
				"south": { "uv": [ 4.96, 0.96, 7.04, 3.04 ], "texture": "#4000lb-cookie" },
				"west": { "uv": [ 4.96, 0.96, 7.04, 3.04 ], "texture": "#4000lb-cookie" },
				"east": { "uv": [ 4.96, 0.96, 7.04, 3.04 ], "texture": "#4000lb-cookie" }
			}
		},
		{
			"__comment": "Voxels-3F5A4B",
			"from": [ 6.9398, 7.7108, 14.0723 ],
			"to": [ 8.67474, 7.903571, 15.80724 ],
			"faces": {
				"down": { "uv": [ 4.96, 0.96, 7.04, 3.04 ], "texture": "#4000lb-cookie", "rotation": 180 },
				"up": { "uv": [ 4.96, 0.96, 7.04, 3.04 ], "texture": "#4000lb-cookie", "rotation": 180 },
				"north": { "uv": [ 4.96, 0.96, 7.04, 3.04 ], "texture": "#4000lb-cookie" },
				"south": { "uv": [ 4.96, 0.96, 7.04, 3.04 ], "texture": "#4000lb-cookie" },
				"west": { "uv": [ 4.96, 0.96, 7.04, 3.04 ], "texture": "#4000lb-cookie" },
				"east": { "uv": [ 4.96, 0.96, 7.04, 3.04 ], "texture": "#4000lb-cookie" }
			}
		},
		{
			"__comment": "Voxels-3F5A4B",
			"from": [ 7.3253, 7.9036, 14.0723 ],
			"to": [ 8.674697, 8.096371, 16.00001 ],
			"faces": {
				"down": { "uv": [ 4.96, 0.96, 7.04, 3.04 ], "texture": "#4000lb-cookie", "rotation": 180 },
				"up": { "uv": [ 4.96, 0.96, 7.04, 3.04 ], "texture": "#4000lb-cookie", "rotation": 180 },
				"north": { "uv": [ 4.96, 0.96, 7.04, 3.04 ], "texture": "#4000lb-cookie" },
				"south": { "uv": [ 4.96, 0.96, 7.04, 3.04 ], "texture": "#4000lb-cookie" },
				"west": { "uv": [ 4.96, 0.96, 7.04, 3.04 ], "texture": "#4000lb-cookie" },
				"east": { "uv": [ 4.96, 0.96, 7.04, 3.04 ], "texture": "#4000lb-cookie" }
			}
		},
		{
			"__comment": "Voxels-4B6B58",
			"from": [ 7.3253, 7.9036, 13.8795 ],
			"to": [ 8.674697, 8.096371, 14.07227 ],
			"faces": {
				"down": { "uv": [ 8.96, 0.96, 11.04, 3.04 ], "texture": "#4000lb-cookie", "rotation": 180 },
				"up": { "uv": [ 8.96, 0.96, 11.04, 3.04 ], "texture": "#4000lb-cookie", "rotation": 180 },
				"north": { "uv": [ 8.96, 0.96, 11.04, 3.04 ], "texture": "#4000lb-cookie" },
				"south": { "uv": [ 8.96, 0.96, 11.04, 3.04 ], "texture": "#4000lb-cookie" },
				"west": { "uv": [ 8.96, 0.96, 11.04, 3.04 ], "texture": "#4000lb-cookie" },
				"east": { "uv": [ 8.96, 0.96, 11.04, 3.04 ], "texture": "#4000lb-cookie" }
			}
		},
		{
			"__comment": "Voxels-3F5A4B",
			"from": [ 7.3253, 7.9036, 1.3494 ],
			"to": [ 8.674697, 8.096371, 13.87952 ],
			"faces": {
				"down": { "uv": [ 4.96, 0.96, 7.04, 3.04 ], "texture": "#4000lb-cookie", "rotation": 180 },
				"up": { "uv": [ 4.96, 0.96, 7.04, 3.04 ], "texture": "#4000lb-cookie", "rotation": 180 },
				"north": { "uv": [ 4.96, 0.96, 7.04, 3.04 ], "texture": "#4000lb-cookie" },
				"south": { "uv": [ 4.96, 0.96, 7.04, 3.04 ], "texture": "#4000lb-cookie" },
				"west": { "uv": [ 4.96, 0.96, 7.04, 3.04 ], "texture": "#4000lb-cookie" },
				"east": { "uv": [ 4.96, 0.96, 7.04, 3.04 ], "texture": "#4000lb-cookie" }
			}
		},
		{
			"__comment": "Voxels-3F5A4B",
			"from": [ 7.5181, 4.4337, 1.3494 ],
			"to": [ 8.481956, 4.626471, 1.542171 ],
			"faces": {
				"down": { "uv": [ 4.96, 0.96, 7.04, 3.04 ], "texture": "#4000lb-cookie", "rotation": 180 },
				"up": { "uv": [ 4.96, 0.96, 7.04, 3.04 ], "texture": "#4000lb-cookie", "rotation": 180 },
				"north": { "uv": [ 4.96, 0.96, 7.04, 3.04 ], "texture": "#4000lb-cookie" },
				"south": { "uv": [ 4.96, 0.96, 7.04, 3.04 ], "texture": "#4000lb-cookie" },
				"west": { "uv": [ 4.96, 0.96, 7.04, 3.04 ], "texture": "#4000lb-cookie" },
				"east": { "uv": [ 4.96, 0.96, 7.04, 3.04 ], "texture": "#4000lb-cookie" }
			}
		},
		{
			"__comment": "Voxels-3F5A4B",
			"from": [ 7.5181, 4.6265, 1.1566 ],
			"to": [ 8.481956, 4.819271, 1.349371 ],
			"faces": {
				"down": { "uv": [ 4.96, 0.96, 7.04, 3.04 ], "texture": "#4000lb-cookie", "rotation": 180 },
				"up": { "uv": [ 4.96, 0.96, 7.04, 3.04 ], "texture": "#4000lb-cookie", "rotation": 180 },
				"north": { "uv": [ 4.96, 0.96, 7.04, 3.04 ], "texture": "#4000lb-cookie" },
				"south": { "uv": [ 4.96, 0.96, 7.04, 3.04 ], "texture": "#4000lb-cookie" },
				"west": { "uv": [ 4.96, 0.96, 7.04, 3.04 ], "texture": "#4000lb-cookie" },
				"east": { "uv": [ 4.96, 0.96, 7.04, 3.04 ], "texture": "#4000lb-cookie" }
			}
		},
		{
			"__comment": "Voxels-3F5A4B",
			"from": [ 7.5181, 4.8193, 0.9639 ],
			"to": [ 8.481956, 5.012071, 1.156671 ],
			"faces": {
				"down": { "uv": [ 4.96, 0.96, 7.04, 3.04 ], "texture": "#4000lb-cookie", "rotation": 180 },
				"up": { "uv": [ 4.96, 0.96, 7.04, 3.04 ], "texture": "#4000lb-cookie", "rotation": 180 },
				"north": { "uv": [ 4.96, 0.96, 7.04, 3.04 ], "texture": "#4000lb-cookie" },
				"south": { "uv": [ 4.96, 0.96, 7.04, 3.04 ], "texture": "#4000lb-cookie" },
				"west": { "uv": [ 4.96, 0.96, 7.04, 3.04 ], "texture": "#4000lb-cookie" },
				"east": { "uv": [ 4.96, 0.96, 7.04, 3.04 ], "texture": "#4000lb-cookie" }
			}
		},
		{
			"__comment": "Voxels-3F5A4B",
			"from": [ 7.5181, 5.012, 0.7711 ],
			"to": [ 8.481956, 5.204771, 0.9638711 ],
			"faces": {
				"down": { "uv": [ 4.96, 0.96, 7.04, 3.04 ], "texture": "#4000lb-cookie", "rotation": 180 },
				"up": { "uv": [ 4.96, 0.96, 7.04, 3.04 ], "texture": "#4000lb-cookie", "rotation": 180 },
				"north": { "uv": [ 4.96, 0.96, 7.04, 3.04 ], "texture": "#4000lb-cookie" },
				"south": { "uv": [ 4.96, 0.96, 7.04, 3.04 ], "texture": "#4000lb-cookie" },
				"west": { "uv": [ 4.96, 0.96, 7.04, 3.04 ], "texture": "#4000lb-cookie" },
				"east": { "uv": [ 4.96, 0.96, 7.04, 3.04 ], "texture": "#4000lb-cookie" }
			}
		},
		{
			"__comment": "Voxels-3F5A4B",
			"from": [ 7.5181, 5.5904, 0.5783 ],
			"to": [ 8.481956, 5.783171, 0.7710711 ],
			"faces": {
				"down": { "uv": [ 4.96, 0.96, 7.04, 3.04 ], "texture": "#4000lb-cookie", "rotation": 180 },
				"up": { "uv": [ 4.96, 0.96, 7.04, 3.04 ], "texture": "#4000lb-cookie", "rotation": 180 },
				"north": { "uv": [ 4.96, 0.96, 7.04, 3.04 ], "texture": "#4000lb-cookie" },
				"south": { "uv": [ 4.96, 0.96, 7.04, 3.04 ], "texture": "#4000lb-cookie" },
				"west": { "uv": [ 4.96, 0.96, 7.04, 3.04 ], "texture": "#4000lb-cookie" },
				"east": { "uv": [ 4.96, 0.96, 7.04, 3.04 ], "texture": "#4000lb-cookie" }
			}
		},
		{
			"__comment": "Voxels-3F5A4B",
			"from": [ 7.5181, 5.7831, 0.3855 ],
			"to": [ 8.481956, 6.361413, 0.578271 ],
			"faces": {
				"down": { "uv": [ 4.96, 0.96, 7.04, 3.04 ], "texture": "#4000lb-cookie", "rotation": 180 },
				"up": { "uv": [ 4.96, 0.96, 7.04, 3.04 ], "texture": "#4000lb-cookie", "rotation": 180 },
				"north": { "uv": [ 4.96, 0.96, 7.04, 3.04 ], "texture": "#4000lb-cookie" },
				"south": { "uv": [ 4.96, 0.96, 7.04, 3.04 ], "texture": "#4000lb-cookie" },
				"west": { "uv": [ 4.96, 0.96, 7.04, 3.04 ], "texture": "#4000lb-cookie" },
				"east": { "uv": [ 4.96, 0.96, 7.04, 3.04 ], "texture": "#4000lb-cookie" }
			}
		},
		{
			"__comment": "Voxels-3F5A4B",
			"from": [ 7.5181, 6.3614, 0.5783 ],
			"to": [ 8.481956, 6.554171, 0.7710711 ],
			"faces": {
				"down": { "uv": [ 4.96, 0.96, 7.04, 3.04 ], "texture": "#4000lb-cookie", "rotation": 180 },
				"up": { "uv": [ 4.96, 0.96, 7.04, 3.04 ], "texture": "#4000lb-cookie", "rotation": 180 },
				"north": { "uv": [ 4.96, 0.96, 7.04, 3.04 ], "texture": "#4000lb-cookie" },
				"south": { "uv": [ 4.96, 0.96, 7.04, 3.04 ], "texture": "#4000lb-cookie" },
				"west": { "uv": [ 4.96, 0.96, 7.04, 3.04 ], "texture": "#4000lb-cookie" },
				"east": { "uv": [ 4.96, 0.96, 7.04, 3.04 ], "texture": "#4000lb-cookie" }
			}
		},
		{
			"__comment": "Voxels-3F5A4B",
			"from": [ 7.5181, 6.9398, 0.7711 ],
			"to": [ 8.481956, 7.132571, 0.9638711 ],
			"faces": {
				"down": { "uv": [ 4.96, 0.96, 7.04, 3.04 ], "texture": "#4000lb-cookie", "rotation": 180 },
				"up": { "uv": [ 4.96, 0.96, 7.04, 3.04 ], "texture": "#4000lb-cookie", "rotation": 180 },
				"north": { "uv": [ 4.96, 0.96, 7.04, 3.04 ], "texture": "#4000lb-cookie" },
				"south": { "uv": [ 4.96, 0.96, 7.04, 3.04 ], "texture": "#4000lb-cookie" },
				"west": { "uv": [ 4.96, 0.96, 7.04, 3.04 ], "texture": "#4000lb-cookie" },
				"east": { "uv": [ 4.96, 0.96, 7.04, 3.04 ], "texture": "#4000lb-cookie" }
			}
		},
		{
			"__comment": "Voxels-3F5A4B",
			"from": [ 7.5181, 7.1325, 0.9639 ],
			"to": [ 8.481956, 7.325271, 1.156671 ],
			"faces": {
				"down": { "uv": [ 4.96, 0.96, 7.04, 3.04 ], "texture": "#4000lb-cookie", "rotation": 180 },
				"up": { "uv": [ 4.96, 0.96, 7.04, 3.04 ], "texture": "#4000lb-cookie", "rotation": 180 },
				"north": { "uv": [ 4.96, 0.96, 7.04, 3.04 ], "texture": "#4000lb-cookie" },
				"south": { "uv": [ 4.96, 0.96, 7.04, 3.04 ], "texture": "#4000lb-cookie" },
				"west": { "uv": [ 4.96, 0.96, 7.04, 3.04 ], "texture": "#4000lb-cookie" },
				"east": { "uv": [ 4.96, 0.96, 7.04, 3.04 ], "texture": "#4000lb-cookie" }
			}
		},
		{
			"__comment": "Voxels-3F5A4B",
			"from": [ 7.5181, 7.3253, 1.1566 ],
			"to": [ 8.481956, 7.518071, 1.349371 ],
			"faces": {
				"down": { "uv": [ 4.96, 0.96, 7.04, 3.04 ], "texture": "#4000lb-cookie", "rotation": 180 },
				"up": { "uv": [ 4.96, 0.96, 7.04, 3.04 ], "texture": "#4000lb-cookie", "rotation": 180 },
				"north": { "uv": [ 4.96, 0.96, 7.04, 3.04 ], "texture": "#4000lb-cookie" },
				"south": { "uv": [ 4.96, 0.96, 7.04, 3.04 ], "texture": "#4000lb-cookie" },
				"west": { "uv": [ 4.96, 0.96, 7.04, 3.04 ], "texture": "#4000lb-cookie" },
				"east": { "uv": [ 4.96, 0.96, 7.04, 3.04 ], "texture": "#4000lb-cookie" }
			}
		},
		{
			"__comment": "Voxels-3F5A4B",
			"from": [ 7.5181, 7.5181, 1.3494 ],
			"to": [ 8.481956, 7.710871, 1.542171 ],
			"faces": {
				"down": { "uv": [ 4.96, 0.96, 7.04, 3.04 ], "texture": "#4000lb-cookie", "rotation": 180 },
				"up": { "uv": [ 4.96, 0.96, 7.04, 3.04 ], "texture": "#4000lb-cookie", "rotation": 180 },
				"north": { "uv": [ 4.96, 0.96, 7.04, 3.04 ], "texture": "#4000lb-cookie" },
				"south": { "uv": [ 4.96, 0.96, 7.04, 3.04 ], "texture": "#4000lb-cookie" },
				"west": { "uv": [ 4.96, 0.96, 7.04, 3.04 ], "texture": "#4000lb-cookie" },
				"east": { "uv": [ 4.96, 0.96, 7.04, 3.04 ], "texture": "#4000lb-cookie" }
			}
		},
		{
			"__comment": "Voxels-3F5A4B",
			"from": [ 7.7108, 5.3976, 0.5783 ],
			"to": [ 8.289113, 5.590371, 0.7710711 ],
			"faces": {
				"down": { "uv": [ 4.96, 0.96, 7.04, 3.04 ], "texture": "#4000lb-cookie", "rotation": 180 },
				"up": { "uv": [ 4.96, 0.96, 7.04, 3.04 ], "texture": "#4000lb-cookie", "rotation": 180 },
				"north": { "uv": [ 4.96, 0.96, 7.04, 3.04 ], "texture": "#4000lb-cookie" },
				"south": { "uv": [ 4.96, 0.96, 7.04, 3.04 ], "texture": "#4000lb-cookie" },
				"west": { "uv": [ 4.96, 0.96, 7.04, 3.04 ], "texture": "#4000lb-cookie" },
				"east": { "uv": [ 4.96, 0.96, 7.04, 3.04 ], "texture": "#4000lb-cookie" }
			}
		},
		{
			"__comment": "Voxels-3F5A4B",
			"from": [ 7.7108, 5.5904, 0.3855 ],
			"to": [ 8.289113, 5.783171, 0.578271 ],
			"faces": {
				"down": { "uv": [ 4.96, 0.96, 7.04, 3.04 ], "texture": "#4000lb-cookie", "rotation": 180 },
				"up": { "uv": [ 4.96, 0.96, 7.04, 3.04 ], "texture": "#4000lb-cookie", "rotation": 180 },
				"north": { "uv": [ 4.96, 0.96, 7.04, 3.04 ], "texture": "#4000lb-cookie" },
				"south": { "uv": [ 4.96, 0.96, 7.04, 3.04 ], "texture": "#4000lb-cookie" },
				"west": { "uv": [ 4.96, 0.96, 7.04, 3.04 ], "texture": "#4000lb-cookie" },
				"east": { "uv": [ 4.96, 0.96, 7.04, 3.04 ], "texture": "#4000lb-cookie" }
			}
		},
		{
			"__comment": "Voxels-3F5A4B",
			"from": [ 7.7108, 5.7831, 0.1928 ],
			"to": [ 8.289113, 6.361413, 0.3855711 ],
			"faces": {
				"down": { "uv": [ 4.96, 0.96, 7.04, 3.04 ], "texture": "#4000lb-cookie", "rotation": 180 },
				"up": { "uv": [ 4.96, 0.96, 7.04, 3.04 ], "texture": "#4000lb-cookie", "rotation": 180 },
				"north": { "uv": [ 4.96, 0.96, 7.04, 3.04 ], "texture": "#4000lb-cookie" },
				"south": { "uv": [ 4.96, 0.96, 7.04, 3.04 ], "texture": "#4000lb-cookie" },
				"west": { "uv": [ 4.96, 0.96, 7.04, 3.04 ], "texture": "#4000lb-cookie" },
				"east": { "uv": [ 4.96, 0.96, 7.04, 3.04 ], "texture": "#4000lb-cookie" }
			}
		},
		{
			"__comment": "Voxels-3F5A4B",
			"from": [ 7.7108, 6.3614, 0.3855 ],
			"to": [ 8.289113, 6.554171, 0.578271 ],
			"faces": {
				"down": { "uv": [ 4.96, 0.96, 7.04, 3.04 ], "texture": "#4000lb-cookie", "rotation": 180 },
				"up": { "uv": [ 4.96, 0.96, 7.04, 3.04 ], "texture": "#4000lb-cookie", "rotation": 180 },
				"north": { "uv": [ 4.96, 0.96, 7.04, 3.04 ], "texture": "#4000lb-cookie" },
				"south": { "uv": [ 4.96, 0.96, 7.04, 3.04 ], "texture": "#4000lb-cookie" },
				"west": { "uv": [ 4.96, 0.96, 7.04, 3.04 ], "texture": "#4000lb-cookie" },
				"east": { "uv": [ 4.96, 0.96, 7.04, 3.04 ], "texture": "#4000lb-cookie" }
			}
		},
		{
			"__comment": "Voxels-3F5A4B",
			"from": [ 7.7108, 6.5542, 0.5783 ],
			"to": [ 8.289113, 6.746971, 0.7710711 ],
			"faces": {
				"down": { "uv": [ 4.96, 0.96, 7.04, 3.04 ], "texture": "#4000lb-cookie", "rotation": 180 },
				"up": { "uv": [ 4.96, 0.96, 7.04, 3.04 ], "texture": "#4000lb-cookie", "rotation": 180 },
				"north": { "uv": [ 4.96, 0.96, 7.04, 3.04 ], "texture": "#4000lb-cookie" },
				"south": { "uv": [ 4.96, 0.96, 7.04, 3.04 ], "texture": "#4000lb-cookie" },
				"west": { "uv": [ 4.96, 0.96, 7.04, 3.04 ], "texture": "#4000lb-cookie" },
				"east": { "uv": [ 4.96, 0.96, 7.04, 3.04 ], "texture": "#4000lb-cookie" }
			}
		},
		{
			"__comment": "Voxels-888888",
			"from": [ 7.9036, 5.9759, 0 ],
			"to": [ 8.096371, 6.168671, 0.1927711 ],
			"faces": {
				"down": { "uv": [ 12.96, 0.96, 15.04, 3.04 ], "texture": "#4000lb-cookie", "rotation": 180 },
				"up": { "uv": [ 12.96, 0.96, 15.04, 3.04 ], "texture": "#4000lb-cookie", "rotation": 180 },
				"north": { "uv": [ 12.96, 0.96, 15.04, 3.04 ], "texture": "#4000lb-cookie" },
				"south": { "uv": [ 12.96, 0.96, 15.04, 3.04 ], "texture": "#4000lb-cookie" },
				"west": { "uv": [ 12.96, 0.96, 15.04, 3.04 ], "texture": "#4000lb-cookie" },
				"east": { "uv": [ 12.96, 0.96, 15.04, 3.04 ], "texture": "#4000lb-cookie" }
			}
		},
		{
			"__comment": "Voxels-3F5A4B",
			"from": [ 6.9398, 4.241, 1.3494 ],
			"to": [ 7.518113, 4.433771, 1.542171 ],
			"faces": {
				"down": { "uv": [ 4.96, 0.96, 7.04, 3.04 ], "texture": "#4000lb-cookie", "rotation": 180 },
				"up": { "uv": [ 4.96, 0.96, 7.04, 3.04 ], "texture": "#4000lb-cookie", "rotation": 180 },
				"north": { "uv": [ 4.96, 0.96, 7.04, 3.04 ], "texture": "#4000lb-cookie" },
				"south": { "uv": [ 4.96, 0.96, 7.04, 3.04 ], "texture": "#4000lb-cookie" },
				"west": { "uv": [ 4.96, 0.96, 7.04, 3.04 ], "texture": "#4000lb-cookie" },
				"east": { "uv": [ 4.96, 0.96, 7.04, 3.04 ], "texture": "#4000lb-cookie" }
			}
		},
		{
			"__comment": "Voxels-3F5A4B",
			"from": [ 6.9398, 7.7108, 1.3494 ],
			"to": [ 7.518113, 7.903571, 1.542171 ],
			"faces": {
				"down": { "uv": [ 4.96, 0.96, 7.04, 3.04 ], "texture": "#4000lb-cookie", "rotation": 180 },
				"up": { "uv": [ 4.96, 0.96, 7.04, 3.04 ], "texture": "#4000lb-cookie", "rotation": 180 },
				"north": { "uv": [ 4.96, 0.96, 7.04, 3.04 ], "texture": "#4000lb-cookie" },
				"south": { "uv": [ 4.96, 0.96, 7.04, 3.04 ], "texture": "#4000lb-cookie" },
				"west": { "uv": [ 4.96, 0.96, 7.04, 3.04 ], "texture": "#4000lb-cookie" },
				"east": { "uv": [ 4.96, 0.96, 7.04, 3.04 ], "texture": "#4000lb-cookie" }
			}
		},
		{
			"__comment": "Voxels-3F5A4B",
			"from": [ 6.9398, 4.241, 15.8072 ],
			"to": [ 7.325342, 4.433771, 15.99997 ],
			"faces": {
				"down": { "uv": [ 4.96, 0.96, 7.04, 3.04 ], "texture": "#4000lb-cookie", "rotation": 180 },
				"up": { "uv": [ 4.96, 0.96, 7.04, 3.04 ], "texture": "#4000lb-cookie", "rotation": 180 },
				"north": { "uv": [ 4.96, 0.96, 7.04, 3.04 ], "texture": "#4000lb-cookie" },
				"south": { "uv": [ 4.96, 0.96, 7.04, 3.04 ], "texture": "#4000lb-cookie" },
				"west": { "uv": [ 4.96, 0.96, 7.04, 3.04 ], "texture": "#4000lb-cookie" },
				"east": { "uv": [ 4.96, 0.96, 7.04, 3.04 ], "texture": "#4000lb-cookie" }
			}
		},
		{
			"__comment": "Voxels-3F5A4B",
			"from": [ 6.9398, 7.7108, 15.8072 ],
			"to": [ 7.325342, 7.903571, 15.99997 ],
			"faces": {
				"down": { "uv": [ 4.96, 0.96, 7.04, 3.04 ], "texture": "#4000lb-cookie", "rotation": 180 },
				"up": { "uv": [ 4.96, 0.96, 7.04, 3.04 ], "texture": "#4000lb-cookie", "rotation": 180 },
				"north": { "uv": [ 4.96, 0.96, 7.04, 3.04 ], "texture": "#4000lb-cookie" },
				"south": { "uv": [ 4.96, 0.96, 7.04, 3.04 ], "texture": "#4000lb-cookie" },
				"west": { "uv": [ 4.96, 0.96, 7.04, 3.04 ], "texture": "#4000lb-cookie" },
				"east": { "uv": [ 4.96, 0.96, 7.04, 3.04 ], "texture": "#4000lb-cookie" }
			}
		},
		{
			"__comment": "Voxels-3F5A4B",
			"from": [ 6.747, 4.4337, 1.3494 ],
			"to": [ 7.132542, 4.626471, 1.542171 ],
			"faces": {
				"down": { "uv": [ 4.96, 0.96, 7.04, 3.04 ], "texture": "#4000lb-cookie", "rotation": 180 },
				"up": { "uv": [ 4.96, 0.96, 7.04, 3.04 ], "texture": "#4000lb-cookie", "rotation": 180 },
				"north": { "uv": [ 4.96, 0.96, 7.04, 3.04 ], "texture": "#4000lb-cookie" },
				"south": { "uv": [ 4.96, 0.96, 7.04, 3.04 ], "texture": "#4000lb-cookie" },
				"west": { "uv": [ 4.96, 0.96, 7.04, 3.04 ], "texture": "#4000lb-cookie" },
				"east": { "uv": [ 4.96, 0.96, 7.04, 3.04 ], "texture": "#4000lb-cookie" }
			}
		},
		{
			"__comment": "Voxels-3F5A4B",
			"from": [ 6.747, 7.5181, 1.3494 ],
			"to": [ 7.132542, 7.710871, 1.542171 ],
			"faces": {
				"down": { "uv": [ 4.96, 0.96, 7.04, 3.04 ], "texture": "#4000lb-cookie", "rotation": 180 },
				"up": { "uv": [ 4.96, 0.96, 7.04, 3.04 ], "texture": "#4000lb-cookie", "rotation": 180 },
				"north": { "uv": [ 4.96, 0.96, 7.04, 3.04 ], "texture": "#4000lb-cookie" },
				"south": { "uv": [ 4.96, 0.96, 7.04, 3.04 ], "texture": "#4000lb-cookie" },
				"west": { "uv": [ 4.96, 0.96, 7.04, 3.04 ], "texture": "#4000lb-cookie" },
				"east": { "uv": [ 4.96, 0.96, 7.04, 3.04 ], "texture": "#4000lb-cookie" }
			}
		},
		{
			"__comment": "Voxels-3F5A4B",
			"from": [ 6.747, 4.4337, 15.8072 ],
			"to": [ 6.939771, 4.626471, 15.99997 ],
			"faces": {
				"down": { "uv": [ 4.96, 0.96, 7.04, 3.04 ], "texture": "#4000lb-cookie", "rotation": 180 },
				"up": { "uv": [ 4.96, 0.96, 7.04, 3.04 ], "texture": "#4000lb-cookie", "rotation": 180 },
				"north": { "uv": [ 4.96, 0.96, 7.04, 3.04 ], "texture": "#4000lb-cookie" },
				"south": { "uv": [ 4.96, 0.96, 7.04, 3.04 ], "texture": "#4000lb-cookie" },
				"west": { "uv": [ 4.96, 0.96, 7.04, 3.04 ], "texture": "#4000lb-cookie" },
				"east": { "uv": [ 4.96, 0.96, 7.04, 3.04 ], "texture": "#4000lb-cookie" }
			}
		},
		{
			"__comment": "Voxels-3F5A4B",
			"from": [ 6.5542, 4.6265, 1.3494 ],
			"to": [ 6.939742, 4.819271, 1.542171 ],
			"faces": {
				"down": { "uv": [ 4.96, 0.96, 7.04, 3.04 ], "texture": "#4000lb-cookie", "rotation": 180 },
				"up": { "uv": [ 4.96, 0.96, 7.04, 3.04 ], "texture": "#4000lb-cookie", "rotation": 180 },
				"north": { "uv": [ 4.96, 0.96, 7.04, 3.04 ], "texture": "#4000lb-cookie" },
				"south": { "uv": [ 4.96, 0.96, 7.04, 3.04 ], "texture": "#4000lb-cookie" },
				"west": { "uv": [ 4.96, 0.96, 7.04, 3.04 ], "texture": "#4000lb-cookie" },
				"east": { "uv": [ 4.96, 0.96, 7.04, 3.04 ], "texture": "#4000lb-cookie" }
			}
		},
		{
			"__comment": "Voxels-3F5A4B",
			"from": [ 6.5542, 7.3253, 1.3494 ],
			"to": [ 6.939742, 7.518071, 1.542171 ],
			"faces": {
				"down": { "uv": [ 4.96, 0.96, 7.04, 3.04 ], "texture": "#4000lb-cookie", "rotation": 180 },
				"up": { "uv": [ 4.96, 0.96, 7.04, 3.04 ], "texture": "#4000lb-cookie", "rotation": 180 },
				"north": { "uv": [ 4.96, 0.96, 7.04, 3.04 ], "texture": "#4000lb-cookie" },
				"south": { "uv": [ 4.96, 0.96, 7.04, 3.04 ], "texture": "#4000lb-cookie" },
				"west": { "uv": [ 4.96, 0.96, 7.04, 3.04 ], "texture": "#4000lb-cookie" },
				"east": { "uv": [ 4.96, 0.96, 7.04, 3.04 ], "texture": "#4000lb-cookie" }
			}
		},
		{
			"__comment": "Voxels-3F5A4B",
			"from": [ 6.747, 7.5181, 15.8072 ],
			"to": [ 6.939771, 7.710871, 15.99997 ],
			"faces": {
				"down": { "uv": [ 4.96, 0.96, 7.04, 3.04 ], "texture": "#4000lb-cookie", "rotation": 180 },
				"up": { "uv": [ 4.96, 0.96, 7.04, 3.04 ], "texture": "#4000lb-cookie", "rotation": 180 },
				"north": { "uv": [ 4.96, 0.96, 7.04, 3.04 ], "texture": "#4000lb-cookie" },
				"south": { "uv": [ 4.96, 0.96, 7.04, 3.04 ], "texture": "#4000lb-cookie" },
				"west": { "uv": [ 4.96, 0.96, 7.04, 3.04 ], "texture": "#4000lb-cookie" },
				"east": { "uv": [ 4.96, 0.96, 7.04, 3.04 ], "texture": "#4000lb-cookie" }
			}
		},
		{
			"__comment": "Voxels-3F5A4B",
			"from": [ 6.5542, 4.6265, 15.8072 ],
			"to": [ 6.746971, 4.819271, 15.99997 ],
			"faces": {
				"down": { "uv": [ 4.96, 0.96, 7.04, 3.04 ], "texture": "#4000lb-cookie", "rotation": 180 },
				"up": { "uv": [ 4.96, 0.96, 7.04, 3.04 ], "texture": "#4000lb-cookie", "rotation": 180 },
				"north": { "uv": [ 4.96, 0.96, 7.04, 3.04 ], "texture": "#4000lb-cookie" },
				"south": { "uv": [ 4.96, 0.96, 7.04, 3.04 ], "texture": "#4000lb-cookie" },
				"west": { "uv": [ 4.96, 0.96, 7.04, 3.04 ], "texture": "#4000lb-cookie" },
				"east": { "uv": [ 4.96, 0.96, 7.04, 3.04 ], "texture": "#4000lb-cookie" }
			}
		},
		{
			"__comment": "Voxels-3F5A4B",
			"from": [ 6.3614, 4.8193, 1.3494 ],
			"to": [ 6.746942, 5.012071, 1.542171 ],
			"faces": {
				"down": { "uv": [ 4.96, 0.96, 7.04, 3.04 ], "texture": "#4000lb-cookie", "rotation": 180 },
				"up": { "uv": [ 4.96, 0.96, 7.04, 3.04 ], "texture": "#4000lb-cookie", "rotation": 180 },
				"north": { "uv": [ 4.96, 0.96, 7.04, 3.04 ], "texture": "#4000lb-cookie" },
				"south": { "uv": [ 4.96, 0.96, 7.04, 3.04 ], "texture": "#4000lb-cookie" },
				"west": { "uv": [ 4.96, 0.96, 7.04, 3.04 ], "texture": "#4000lb-cookie" },
				"east": { "uv": [ 4.96, 0.96, 7.04, 3.04 ], "texture": "#4000lb-cookie" }
			}
		},
		{
			"__comment": "Voxels-3F5A4B",
			"from": [ 6.3614, 7.1325, 1.3494 ],
			"to": [ 6.746942, 7.325271, 1.542171 ],
			"faces": {
				"down": { "uv": [ 4.96, 0.96, 7.04, 3.04 ], "texture": "#4000lb-cookie", "rotation": 180 },
				"up": { "uv": [ 4.96, 0.96, 7.04, 3.04 ], "texture": "#4000lb-cookie", "rotation": 180 },
				"north": { "uv": [ 4.96, 0.96, 7.04, 3.04 ], "texture": "#4000lb-cookie" },
				"south": { "uv": [ 4.96, 0.96, 7.04, 3.04 ], "texture": "#4000lb-cookie" },
				"west": { "uv": [ 4.96, 0.96, 7.04, 3.04 ], "texture": "#4000lb-cookie" },
				"east": { "uv": [ 4.96, 0.96, 7.04, 3.04 ], "texture": "#4000lb-cookie" }
			}
		},
		{
			"__comment": "Voxels-3F5A4B",
			"from": [ 6.5542, 7.3253, 15.8072 ],
			"to": [ 6.746971, 7.518071, 15.99997 ],
			"faces": {
				"down": { "uv": [ 4.96, 0.96, 7.04, 3.04 ], "texture": "#4000lb-cookie", "rotation": 180 },
				"up": { "uv": [ 4.96, 0.96, 7.04, 3.04 ], "texture": "#4000lb-cookie", "rotation": 180 },
				"north": { "uv": [ 4.96, 0.96, 7.04, 3.04 ], "texture": "#4000lb-cookie" },
				"south": { "uv": [ 4.96, 0.96, 7.04, 3.04 ], "texture": "#4000lb-cookie" },
				"west": { "uv": [ 4.96, 0.96, 7.04, 3.04 ], "texture": "#4000lb-cookie" },
				"east": { "uv": [ 4.96, 0.96, 7.04, 3.04 ], "texture": "#4000lb-cookie" }
			}
		},
		{
			"__comment": "Voxels-3F5A4B",
			"from": [ 6.3614, 4.8193, 15.8072 ],
			"to": [ 6.554171, 5.012071, 15.99997 ],
			"faces": {
				"down": { "uv": [ 4.96, 0.96, 7.04, 3.04 ], "texture": "#4000lb-cookie", "rotation": 180 },
				"up": { "uv": [ 4.96, 0.96, 7.04, 3.04 ], "texture": "#4000lb-cookie", "rotation": 180 },
				"north": { "uv": [ 4.96, 0.96, 7.04, 3.04 ], "texture": "#4000lb-cookie" },
				"south": { "uv": [ 4.96, 0.96, 7.04, 3.04 ], "texture": "#4000lb-cookie" },
				"west": { "uv": [ 4.96, 0.96, 7.04, 3.04 ], "texture": "#4000lb-cookie" },
				"east": { "uv": [ 4.96, 0.96, 7.04, 3.04 ], "texture": "#4000lb-cookie" }
			}
		},
		{
			"__comment": "Voxels-3F5A4B",
			"from": [ 6.1687, 5.012, 1.3494 ],
			"to": [ 6.554242, 5.204771, 1.542171 ],
			"faces": {
				"down": { "uv": [ 4.96, 0.96, 7.04, 3.04 ], "texture": "#4000lb-cookie", "rotation": 180 },
				"up": { "uv": [ 4.96, 0.96, 7.04, 3.04 ], "texture": "#4000lb-cookie", "rotation": 180 },
				"north": { "uv": [ 4.96, 0.96, 7.04, 3.04 ], "texture": "#4000lb-cookie" },
				"south": { "uv": [ 4.96, 0.96, 7.04, 3.04 ], "texture": "#4000lb-cookie" },
				"west": { "uv": [ 4.96, 0.96, 7.04, 3.04 ], "texture": "#4000lb-cookie" },
				"east": { "uv": [ 4.96, 0.96, 7.04, 3.04 ], "texture": "#4000lb-cookie" }
			}
		},
		{
			"__comment": "Voxels-3F5A4B",
			"from": [ 6.1687, 6.9398, 1.3494 ],
			"to": [ 6.554242, 7.132571, 1.542171 ],
			"faces": {
				"down": { "uv": [ 4.96, 0.96, 7.04, 3.04 ], "texture": "#4000lb-cookie", "rotation": 180 },
				"up": { "uv": [ 4.96, 0.96, 7.04, 3.04 ], "texture": "#4000lb-cookie", "rotation": 180 },
				"north": { "uv": [ 4.96, 0.96, 7.04, 3.04 ], "texture": "#4000lb-cookie" },
				"south": { "uv": [ 4.96, 0.96, 7.04, 3.04 ], "texture": "#4000lb-cookie" },
				"west": { "uv": [ 4.96, 0.96, 7.04, 3.04 ], "texture": "#4000lb-cookie" },
				"east": { "uv": [ 4.96, 0.96, 7.04, 3.04 ], "texture": "#4000lb-cookie" }
			}
		},
		{
			"__comment": "Voxels-3F5A4B",
			"from": [ 6.3614, 7.1325, 15.8072 ],
			"to": [ 6.554171, 7.325271, 15.99997 ],
			"faces": {
				"down": { "uv": [ 4.96, 0.96, 7.04, 3.04 ], "texture": "#4000lb-cookie", "rotation": 180 },
				"up": { "uv": [ 4.96, 0.96, 7.04, 3.04 ], "texture": "#4000lb-cookie", "rotation": 180 },
				"north": { "uv": [ 4.96, 0.96, 7.04, 3.04 ], "texture": "#4000lb-cookie" },
				"south": { "uv": [ 4.96, 0.96, 7.04, 3.04 ], "texture": "#4000lb-cookie" },
				"west": { "uv": [ 4.96, 0.96, 7.04, 3.04 ], "texture": "#4000lb-cookie" },
				"east": { "uv": [ 4.96, 0.96, 7.04, 3.04 ], "texture": "#4000lb-cookie" }
			}
		},
		{
			"__comment": "Voxels-3F5A4B",
			"from": [ 6.1687, 5.012, 15.8072 ],
			"to": [ 6.361471, 5.397542, 15.99997 ],
			"faces": {
				"down": { "uv": [ 4.96, 0.96, 7.04, 3.04 ], "texture": "#4000lb-cookie", "rotation": 180 },
				"up": { "uv": [ 4.96, 0.96, 7.04, 3.04 ], "texture": "#4000lb-cookie", "rotation": 180 },
				"north": { "uv": [ 4.96, 0.96, 7.04, 3.04 ], "texture": "#4000lb-cookie" },
				"south": { "uv": [ 4.96, 0.96, 7.04, 3.04 ], "texture": "#4000lb-cookie" },
				"west": { "uv": [ 4.96, 0.96, 7.04, 3.04 ], "texture": "#4000lb-cookie" },
				"east": { "uv": [ 4.96, 0.96, 7.04, 3.04 ], "texture": "#4000lb-cookie" }
			}
		},
		{
			"__comment": "Voxels-3F5A4B",
			"from": [ 6.1687, 5.2048, 1.3494 ],
			"to": [ 6.361471, 5.590342, 1.542171 ],
			"faces": {
				"down": { "uv": [ 4.96, 0.96, 7.04, 3.04 ], "texture": "#4000lb-cookie", "rotation": 180 },
				"up": { "uv": [ 4.96, 0.96, 7.04, 3.04 ], "texture": "#4000lb-cookie", "rotation": 180 },
				"north": { "uv": [ 4.96, 0.96, 7.04, 3.04 ], "texture": "#4000lb-cookie" },
				"south": { "uv": [ 4.96, 0.96, 7.04, 3.04 ], "texture": "#4000lb-cookie" },
				"west": { "uv": [ 4.96, 0.96, 7.04, 3.04 ], "texture": "#4000lb-cookie" },
				"east": { "uv": [ 4.96, 0.96, 7.04, 3.04 ], "texture": "#4000lb-cookie" }
			}
		},
		{
			"__comment": "Voxels-3F5A4B",
			"from": [ 5.9759, 6.5542, 1.3494 ],
			"to": [ 6.361442, 6.746971, 1.542171 ],
			"faces": {
				"down": { "uv": [ 4.96, 0.96, 7.04, 3.04 ], "texture": "#4000lb-cookie", "rotation": 180 },
				"up": { "uv": [ 4.96, 0.96, 7.04, 3.04 ], "texture": "#4000lb-cookie", "rotation": 180 },
				"north": { "uv": [ 4.96, 0.96, 7.04, 3.04 ], "texture": "#4000lb-cookie" },
				"south": { "uv": [ 4.96, 0.96, 7.04, 3.04 ], "texture": "#4000lb-cookie" },
				"west": { "uv": [ 4.96, 0.96, 7.04, 3.04 ], "texture": "#4000lb-cookie" },
				"east": { "uv": [ 4.96, 0.96, 7.04, 3.04 ], "texture": "#4000lb-cookie" }
			}
		},
		{
			"__comment": "Voxels-3F5A4B",
			"from": [ 6.1687, 6.747, 15.8072 ],
			"to": [ 6.361471, 7.132542, 15.99997 ],
			"faces": {
				"down": { "uv": [ 4.96, 0.96, 7.04, 3.04 ], "texture": "#4000lb-cookie", "rotation": 180 },
				"up": { "uv": [ 4.96, 0.96, 7.04, 3.04 ], "texture": "#4000lb-cookie", "rotation": 180 },
				"north": { "uv": [ 4.96, 0.96, 7.04, 3.04 ], "texture": "#4000lb-cookie" },
				"south": { "uv": [ 4.96, 0.96, 7.04, 3.04 ], "texture": "#4000lb-cookie" },
				"west": { "uv": [ 4.96, 0.96, 7.04, 3.04 ], "texture": "#4000lb-cookie" },
				"east": { "uv": [ 4.96, 0.96, 7.04, 3.04 ], "texture": "#4000lb-cookie" }
			}
		},
		{
			"__comment": "Voxels-3F5A4B",
			"from": [ 6.1687, 6.747, 1.3494 ],
			"to": [ 6.361471, 6.939771, 1.542171 ],
			"faces": {
				"down": { "uv": [ 4.96, 0.96, 7.04, 3.04 ], "texture": "#4000lb-cookie", "rotation": 180 },
				"up": { "uv": [ 4.96, 0.96, 7.04, 3.04 ], "texture": "#4000lb-cookie", "rotation": 180 },
				"north": { "uv": [ 4.96, 0.96, 7.04, 3.04 ], "texture": "#4000lb-cookie" },
				"south": { "uv": [ 4.96, 0.96, 7.04, 3.04 ], "texture": "#4000lb-cookie" },
				"west": { "uv": [ 4.96, 0.96, 7.04, 3.04 ], "texture": "#4000lb-cookie" },
				"east": { "uv": [ 4.96, 0.96, 7.04, 3.04 ], "texture": "#4000lb-cookie" }
			}
		},
		{
			"__comment": "Voxels-3F5A4B",
			"from": [ 5.9759, 5.3976, 15.8072 ],
			"to": [ 6.168671, 6.746997, 15.99997 ],
			"faces": {
				"down": { "uv": [ 4.96, 0.96, 7.04, 3.04 ], "texture": "#4000lb-cookie", "rotation": 180 },
				"up": { "uv": [ 4.96, 0.96, 7.04, 3.04 ], "texture": "#4000lb-cookie", "rotation": 180 },
				"north": { "uv": [ 4.96, 0.96, 7.04, 3.04 ], "texture": "#4000lb-cookie" },
				"south": { "uv": [ 4.96, 0.96, 7.04, 3.04 ], "texture": "#4000lb-cookie" },
				"west": { "uv": [ 4.96, 0.96, 7.04, 3.04 ], "texture": "#4000lb-cookie" },
				"east": { "uv": [ 4.96, 0.96, 7.04, 3.04 ], "texture": "#4000lb-cookie" }
			}
		},
		{
			"__comment": "Voxels-3F5A4B",
			"from": [ 5.9759, 5.3976, 1.3494 ],
			"to": [ 6.168671, 6.554226, 1.542171 ],
			"faces": {
				"down": { "uv": [ 4.96, 0.96, 7.04, 3.04 ], "texture": "#4000lb-cookie", "rotation": 180 },
				"up": { "uv": [ 4.96, 0.96, 7.04, 3.04 ], "texture": "#4000lb-cookie", "rotation": 180 },
				"north": { "uv": [ 4.96, 0.96, 7.04, 3.04 ], "texture": "#4000lb-cookie" },
				"south": { "uv": [ 4.96, 0.96, 7.04, 3.04 ], "texture": "#4000lb-cookie" },
				"west": { "uv": [ 4.96, 0.96, 7.04, 3.04 ], "texture": "#4000lb-cookie" },
				"east": { "uv": [ 4.96, 0.96, 7.04, 3.04 ], "texture": "#4000lb-cookie" }
			}
		}
	],
	"display": {
		"thirdperson_righthand": {
			"translation":  [ 0, 5.6, 0 ],
			"scale":  [ 2.92, 2.92, 2.92 ]
		}
	}
}