{
	"__comment": "Designed by Uran2471 with Cubik Studio - https://cubik.studio",
	"textures": {
		"particle": "custom/particle",
		"texture": "custom/texture",
		"il2-rightwing": "custom/il2-rightwing"
	},
	"elements": [ 	 
		{
			"__comment": "Voxels",
			"from": [ 19.2, 7.6, -3.6 ],
			"to": [ 19.5996, 8.7988, 5.191201 ],
			"faces": {
				"down": { "uv": [ 3.25, 2.25, 3.5, 7.75 ], "texture": "#il2-rightwing" },
				"up": { "uv": [ 3, 7.75, 3.25, 2.25 ], "texture": "#il2-rightwing" },
				"north": { "uv": [ 11.25, 1.75, 11, 2.5 ], "texture": "#il2-rightwing" },
				"south": { "uv": [ 15.75, 10.75, 16, 11.5 ], "texture": "#il2-rightwing" },
				"west": { "uv": [ 7.5, 15.25, 13, 16 ], "texture": "#il2-rightwing" },
				"east": { "uv": [ 13, 14.5, 7.5, 15.25 ], "texture": "#il2-rightwing" }
			}
		},
		{
			"__comment": "Voxels",
			"from": [ 19.2, 7.6, 5.1912 ],
			"to": [ 21.5976, 8.3992, 5.9904 ],
			"faces": {
				"down": { "uv": [ 14.5, 8.25, 16, 8.75 ], "texture": "#il2-rightwing" },
				"up": { "uv": [ 5.75, 4, 7.25, 3.5 ], "texture": "#il2-rightwing" },
				"north": { "uv": [ 7.25, 3, 5.75, 3.5 ], "texture": "#il2-rightwing" },
				"south": { "uv": [ 5.75, 2.5, 7.25, 3 ], "texture": "#il2-rightwing" },
				"west": { "uv": [ 15.25, 10.25, 15.75, 10.75 ], "texture": "#il2-rightwing" },
				"east": { "uv": [ 8.5, 6.5, 8, 7 ], "texture": "#il2-rightwing" }
			}
		},
		{
			"__comment": "Voxels",
			"from": [ 19.2, 7.6, 5.9904 ],
			"to": [ 21.198, 8.3992, 6.39 ],
			"faces": {
				"down": { "uv": [ 7.25, 1.75, 8.5, 2 ], "texture": "#il2-rightwing" },
				"up": { "uv": [ 8.75, 1.25, 10, 1 ], "texture": "#il2-rightwing" },
				"north": { "uv": [ 8.5, 3, 7.25, 3.5 ], "texture": "#il2-rightwing" },
				"south": { "uv": [ 7.25, 3.5, 8.5, 4 ], "texture": "#il2-rightwing" },
				"west": { "uv": [ 5.5, 0.75, 5.75, 1.25 ], "texture": "#il2-rightwing" },
				"east": { "uv": [ 5.75, 1.75, 5.5, 2.25 ], "texture": "#il2-rightwing" }
			}
		},
		{
			"__comment": "Voxels",
			"from": [ 19.2, 8.7988, -2.8008 ],
			"to": [ 22.3968, 9.1984, 3.592801 ],
			"faces": {
				"down": { "uv": [ 0, 12, 2, 16 ], "texture": "#il2-rightwing" },
				"up": { "uv": [ 0, 12, 2, 8 ], "texture": "#il2-rightwing" },
				"north": { "uv": [ 16, 5.25, 14, 5.5 ], "texture": "#il2-rightwing" },
				"south": { "uv": [ 14, 7.25, 16, 7.5 ], "texture": "#il2-rightwing" },
				"west": { "uv": [ 12, 10, 16, 10.25 ], "texture": "#il2-rightwing" },
				"east": { "uv": [ 16, 9.75, 12, 10 ], "texture": "#il2-rightwing" }
			}
		},
		{
			"__comment": "Voxels",
			"from": [ 19.5996, 7.6, -3.2004 ],
			"to": [ 20.3988, 8.7988, 5.191201 ],
			"faces": {
				"down": { "uv": [ 2, 6.25, 2.5, 11.5 ], "texture": "#il2-rightwing" },
				"up": { "uv": [ 2, 6.25, 2.5, 1 ], "texture": "#il2-rightwing" },
				"north": { "uv": [ 2.5, 0.25, 2, 1 ], "texture": "#il2-rightwing" },
				"south": { "uv": [ 15.25, 12.25, 15.75, 13 ], "texture": "#il2-rightwing" },
				"west": { "uv": [ 7.5, 13.75, 12.75, 14.5 ], "texture": "#il2-rightwing" },
				"east": { "uv": [ 7.25, 13, 2, 13.75 ], "texture": "#il2-rightwing" }
			}
		},
		{
			"__comment": "Voxels",
			"from": [ 19.5996, 7.9996, -3.6 ],
			"to": [ 20.7984, 8.7988, -3.2004 ],
			"faces": {
				"down": { "uv": [ 1.25, 0, 2, 0.25 ], "texture": "#il2-rightwing" },
				"up": { "uv": [ 10.25, 1.75, 11, 1.5 ], "texture": "#il2-rightwing" },
				"north": { "uv": [ 16, 14, 15.25, 14.5 ], "texture": "#il2-rightwing" },
				"south": { "uv": [ 15.25, 14.5, 16, 15 ], "texture": "#il2-rightwing" },
				"west": { "uv": [ 5.5, 0.25, 5.75, 0.75 ], "texture": "#il2-rightwing" },
				"east": { "uv": [ 4, 2.25, 3.75, 2.75 ], "texture": "#il2-rightwing" }
			}
		},
		{
			"__comment": "Voxels",
			"from": [ 19.5996, 8.399199, 5.1912 ],
			"to": [ 28.3908, 8.7988, 5.5908 ],
			"faces": {
				"down": { "uv": [ 5.75, 7.75, 11.25, 8 ], "texture": "#il2-rightwing" },
				"up": { "uv": [ 5.75, 7.75, 11.25, 7.5 ], "texture": "#il2-rightwing" },
				"north": { "uv": [ 14, 7.25, 8.5, 7.5 ], "texture": "#il2-rightwing" },
				"south": { "uv": [ 5.75, 8, 11.25, 8.25 ], "texture": "#il2-rightwing" },
				"west": { "uv": [ 11.75, 2, 12, 2.25 ], "texture": "#il2-rightwing" },
				"east": { "uv": [ 15.75, 4, 15.5, 4.25 ], "texture": "#il2-rightwing" }
			}
		},
		{
			"__comment": "Voxels",
			"from": [ 20.3988, 7.6, -2.8008 ],
			"to": [ 20.7984, 8.7988, 5.1912 ],
			"faces": {
				"down": { "uv": [ 3.5, 2.75, 3.75, 7.75 ], "texture": "#il2-rightwing" },
				"up": { "uv": [ 3.75, 7.75, 4, 2.75 ], "texture": "#il2-rightwing" },
				"north": { "uv": [ 5.75, 4.75, 5.5, 5.5 ], "texture": "#il2-rightwing" },
				"south": { "uv": [ 15.75, 12.25, 16, 13 ], "texture": "#il2-rightwing" },
				"west": { "uv": [ 2, 12.25, 7, 13 ], "texture": "#il2-rightwing" },
				"east": { "uv": [ 12.25, 13, 7.25, 13.75 ], "texture": "#il2-rightwing" }
			}
		},
		{
			"__comment": "Voxels",
			"from": [ 20.3988, 7.9996, -3.2004 ],
			"to": [ 21.9972, 8.7988, -2.8008 ],
			"faces": {
				"down": { "uv": [ 10, 1, 11, 1.25 ], "texture": "#il2-rightwing" },
				"up": { "uv": [ 10, 1, 11, 0.75 ], "texture": "#il2-rightwing" },
				"north": { "uv": [ 8.5, 5, 7.5, 5.5 ], "texture": "#il2-rightwing" },
				"south": { "uv": [ 7.5, 5.5, 8.5, 6 ], "texture": "#il2-rightwing" },
				"west": { "uv": [ 10.75, 2.25, 11, 2.75 ], "texture": "#il2-rightwing" },
				"east": { "uv": [ 8.5, 0, 8.25, 0.5 ], "texture": "#il2-rightwing" }
			}
		},
		{
			"__comment": "Voxels",
			"from": [ 20.7984, 7.6, -2.4012 ],
			"to": [ 21.5976, 8.7988, 5.191201 ],
			"faces": {
				"down": { "uv": [ 2.5, 1.25, 3, 6 ], "texture": "#il2-rightwing" },
				"up": { "uv": [ 2.5, 10.75, 3, 6 ], "texture": "#il2-rightwing" },
				"north": { "uv": [ 5.75, 8.5, 5.25, 9.25 ], "texture": "#il2-rightwing" },
				"south": { "uv": [ 2.5, 0.5, 3, 1.25 ], "texture": "#il2-rightwing" },
				"west": { "uv": [ 2, 11.5, 6.75, 12.25 ], "texture": "#il2-rightwing" },
				"east": { "uv": [ 11.75, 12.25, 7, 13 ], "texture": "#il2-rightwing" }
			}
		},
		{
			"__comment": "Voxels",
			"from": [ 20.7984, 7.9996, -2.8008 ],
			"to": [ 22.7964, 8.7988, -2.4012 ],
			"faces": {
				"down": { "uv": [ 7.25, 2, 8.5, 2.25 ], "texture": "#il2-rightwing" },
				"up": { "uv": [ 12.25, 5, 13.5, 4.75 ], "texture": "#il2-rightwing" },
				"north": { "uv": [ 5.75, 3.25, 4.5, 3.75 ], "texture": "#il2-rightwing" },
				"south": { "uv": [ 4.5, 3.75, 5.75, 4.25 ], "texture": "#il2-rightwing" },
				"west": { "uv": [ 8.25, 0.5, 8.5, 1 ], "texture": "#il2-rightwing" },
				"east": { "uv": [ 8.5, 1, 8.25, 1.5 ], "texture": "#il2-rightwing" }
			}
		},
		{
			"__comment": "Voxels",
			"from": [ 20.7984, 8.7988, 3.5928 ],
			"to": [ 30.7884, 9.1984, 3.9924 ],
			"faces": {
				"down": { "uv": [ 5.75, 9.25, 12, 9.5 ], "texture": "#il2-rightwing" },
				"up": { "uv": [ 5.75, 9.75, 12, 9.5 ], "texture": "#il2-rightwing" },
				"north": { "uv": [ 12, 9.75, 5.75, 10 ], "texture": "#il2-rightwing" },
				"south": { "uv": [ 5.75, 10, 12, 10.25 ], "texture": "#il2-rightwing" },
				"west": { "uv": [ 11.75, 2.75, 12, 3 ], "texture": "#il2-rightwing" },
				"east": { "uv": [ 12, 3, 11.75, 3.25 ], "texture": "#il2-rightwing" }
			}
		},
		{
			"__comment": "Voxels",
			"from": [ 21.198, 7.9996, 5.9904 ],
			"to": [ 23.5956, 8.3992, 6.39 ],
			"faces": {
				"down": { "uv": [ 14.5, 5.75, 16, 6 ], "texture": "#il2-rightwing" },
				"up": { "uv": [ 14.5, 6.25, 16, 6 ], "texture": "#il2-rightwing" },
				"north": { "uv": [ 7.25, 0, 5.75, 0.25 ], "texture": "#il2-rightwing" },
				"south": { "uv": [ 8.75, 2.5, 10.25, 2.75 ], "texture": "#il2-rightwing" },
				"west": { "uv": [ 11.75, 3.25, 12, 3.5 ], "texture": "#il2-rightwing" },
				"east": { "uv": [ 16, 4, 15.75, 4.25 ], "texture": "#il2-rightwing" }
			}
		},
		{
			"__comment": "Voxels",
			"from": [ 21.5976, 7.6, -2.0016 ],
			"to": [ 21.9972, 8.7988, 5.1912 ],
			"faces": {
				"down": { "uv": [ 4, 3.25, 4.25, 7.75 ], "texture": "#il2-rightwing" },
				"up": { "uv": [ 4.25, 7.75, 4.5, 3.25 ], "texture": "#il2-rightwing" },
				"north": { "uv": [ 11.5, 3.25, 11.25, 4 ], "texture": "#il2-rightwing" },
				"south": { "uv": [ 11, 3.25, 11.25, 4 ], "texture": "#il2-rightwing" },
				"west": { "uv": [ 6.75, 11.5, 11.25, 12.25 ], "texture": "#il2-rightwing" },
				"east": { "uv": [ 15.75, 11.5, 11.25, 12.25 ], "texture": "#il2-rightwing" }
			}
		},
		{
			"__comment": "Voxels",
			"from": [ 21.5976, 7.9996, -2.4012 ],
			"to": [ 24.3948, 8.7988, -2.0016 ],
			"faces": {
				"down": { "uv": [ 8.75, 3, 10.5, 3.25 ], "texture": "#il2-rightwing" },
				"up": { "uv": [ 14.25, 5.75, 16, 5.5 ], "texture": "#il2-rightwing" },
				"north": { "uv": [ 7.5, 5.5, 5.75, 6 ], "texture": "#il2-rightwing" },
				"south": { "uv": [ 5.75, 4, 7.5, 4.5 ], "texture": "#il2-rightwing" },
				"west": { "uv": [ 8.5, 0, 8.75, 0.5 ], "texture": "#il2-rightwing" },
				"east": { "uv": [ 3.75, 2.25, 3.5, 2.75 ], "texture": "#il2-rightwing" }
			}
		},
		{
			"__comment": "Voxels",
			"from": [ 21.5976, 7.9996, 5.1912 ],
			"to": [ 26.7924, 8.3992, 5.5908 ],
			"faces": {
				"down": { "uv": [ 8.5, 6.25, 11.75, 6.5 ], "texture": "#il2-rightwing" },
				"up": { "uv": [ 11.75, 6.5, 15, 6.25 ], "texture": "#il2-rightwing" },
				"north": { "uv": [ 15, 6.75, 11.75, 7 ], "texture": "#il2-rightwing" },
				"south": { "uv": [ 8.5, 6.75, 11.75, 7 ], "texture": "#il2-rightwing" },
				"west": { "uv": [ 13.25, 3.75, 13.5, 4 ], "texture": "#il2-rightwing" },
				"east": { "uv": [ 12.25, 3.25, 12, 3.5 ], "texture": "#il2-rightwing" }
			}
		},
		{
			"__comment": "Voxels",
			"from": [ 21.5976, 7.9996, 5.5908 ],
			"to": [ 26.3928, 8.3992, 5.9904 ],
			"faces": {
				"down": { "uv": [ 8.5, 5.5, 11.5, 5.75 ], "texture": "#il2-rightwing" },
				"up": { "uv": [ 8.5, 6.25, 11.5, 6 ], "texture": "#il2-rightwing" },
				"north": { "uv": [ 14.5, 6, 11.5, 6.25 ], "texture": "#il2-rightwing" },
				"south": { "uv": [ 8.5, 5.75, 11.5, 6 ], "texture": "#il2-rightwing" },
				"west": { "uv": [ 12, 3.5, 12.25, 3.75 ], "texture": "#il2-rightwing" },
				"east": { "uv": [ 12.5, 3.75, 12.25, 4 ], "texture": "#il2-rightwing" }
			}
		},
		{
			"__comment": "Voxels",
			"from": [ 21.9972, 7.6, -1.2024 ],
			"to": [ 22.3968, 8.7988, 4.392 ],
			"faces": {
				"down": { "uv": [ 4.75, 4.25, 5, 7.75 ], "texture": "#il2-rightwing" },
				"up": { "uv": [ 4.5, 7.75, 4.75, 4.25 ], "texture": "#il2-rightwing" },
				"north": { "uv": [ 13, 13.75, 12.75, 14.5 ], "texture": "#il2-rightwing" },
				"south": { "uv": [ 11.25, 1.75, 11.5, 2.5 ], "texture": "#il2-rightwing" },
				"west": { "uv": [ 12.25, 13, 15.75, 13.75 ], "texture": "#il2-rightwing" },
				"east": { "uv": [ 15.25, 12.25, 11.75, 13 ], "texture": "#il2-rightwing" }
			}
		},
		{
			"__comment": "Voxels",
			"from": [ 21.9972, 7.9996, -2.0016 ],
			"to": [ 25.5936, 8.7988, -1.2024 ],
			"faces": {
				"down": { "uv": [ 3.25, 0.75, 5.5, 1.25 ], "texture": "#il2-rightwing" },
				"up": { "uv": [ 3.25, 0.75, 5.5, 0.25 ], "texture": "#il2-rightwing" },
				"north": { "uv": [ 8, 6.5, 5.75, 7 ], "texture": "#il2-rightwing" },
				"south": { "uv": [ 5.75, 6, 8, 6.5 ], "texture": "#il2-rightwing" },
				"west": { "uv": [ 8, 6, 8.5, 6.5 ], "texture": "#il2-rightwing" },
				"east": { "uv": [ 8.25, 1, 7.75, 1.5 ], "texture": "#il2-rightwing" }
			}
		},
		{
			"__comment": "Voxels",
			"from": [ 21.9972, 7.9996, 4.392 ],
			"to": [ 27.192, 8.7988, 4.7916 ],
			"faces": {
				"down": { "uv": [ 11.75, 6.5, 15, 6.75 ], "texture": "#il2-rightwing" },
				"up": { "uv": [ 8.5, 6.75, 11.75, 6.5 ], "texture": "#il2-rightwing" },
				"north": { "uv": [ 12.25, 10.25, 9, 10.75 ], "texture": "#il2-rightwing" },
				"south": { "uv": [ 5.75, 10.25, 9, 10.75 ], "texture": "#il2-rightwing" },
				"west": { "uv": [ 11, 0.5, 11.25, 1 ], "texture": "#il2-rightwing" },
				"east": { "uv": [ 11.75, 1.75, 11.5, 2.25 ], "texture": "#il2-rightwing" }
			}
		},
		{
			"__comment": "Voxels",
			"from": [ 21.9972, 7.9996, 4.7916 ],
			"to": [ 26.7924, 8.7988, 5.1912 ],
			"faces": {
				"down": { "uv": [ 11.5, 5.75, 14.5, 6 ], "texture": "#il2-rightwing" },
				"up": { "uv": [ 13, 7.25, 16, 7 ], "texture": "#il2-rightwing" },
				"north": { "uv": [ 14.75, 8.75, 11.75, 9.25 ], "texture": "#il2-rightwing" },
				"south": { "uv": [ 8.75, 8.25, 11.75, 8.75 ], "texture": "#il2-rightwing" },
				"west": { "uv": [ 5.5, 4.25, 5.75, 4.75 ], "texture": "#il2-rightwing" },
				"east": { "uv": [ 11.75, 2.25, 11.5, 2.75 ], "texture": "#il2-rightwing" }
			}
		},
		{
			"__comment": "Voxels",
			"from": [ 21.9972, 8.399199, 5.5908 ],
			"to": [ 26.3928, 8.7988, 5.9904 ],
			"faces": {
				"down": { "uv": [ 11.5, 5.5, 14.25, 5.75 ], "texture": "#il2-rightwing" },
				"up": { "uv": [ 8.5, 5.25, 11.25, 5 ], "texture": "#il2-rightwing" },
				"north": { "uv": [ 14, 5.25, 11.25, 5.5 ], "texture": "#il2-rightwing" },
				"south": { "uv": [ 8.5, 5.25, 11.25, 5.5 ], "texture": "#il2-rightwing" },
				"west": { "uv": [ 12, 3.75, 12.25, 4 ], "texture": "#il2-rightwing" },
				"east": { "uv": [ 11.75, 0, 11.5, 0.25 ], "texture": "#il2-rightwing" }
			}
		},
		{
			"__comment": "Voxels",
			"from": [ 22.3968, 7.6, -0.4032 ],
			"to": [ 22.7964, 9.1984, 3.1932 ],
			"faces": {
				"down": { "uv": [ 5, 5.5, 5.25, 7.75 ], "texture": "#il2-rightwing" },
				"up": { "uv": [ 3, 2.25, 3.25, 0 ], "texture": "#il2-rightwing" },
				"north": { "uv": [ 4.25, 2.25, 4, 3.25 ], "texture": "#il2-rightwing" },
				"south": { "uv": [ 4.25, 2.25, 4.5, 3.25 ], "texture": "#il2-rightwing" },
				"west": { "uv": [ 13, 15, 15.25, 16 ], "texture": "#il2-rightwing" },
				"east": { "uv": [ 15.25, 14, 13, 15 ], "texture": "#il2-rightwing" }
			}
		},
		{
			"__comment": "Voxels",
			"from": [ 22.3968, 7.9996, -1.2024 ],
			"to": [ 26.7924, 9.1984, -0.4031999 ],
			"faces": {
				"down": { "uv": [ 5.75, 7, 8.5, 7.5 ], "texture": "#il2-rightwing" },
				"up": { "uv": [ 11.75, 8.75, 14.5, 8.25 ], "texture": "#il2-rightwing" },
				"north": { "uv": [ 5.75, 10, 3, 10.75 ], "texture": "#il2-rightwing" },
				"south": { "uv": [ 11.75, 10.75, 14.5, 11.5 ], "texture": "#il2-rightwing" },
				"west": { "uv": [ 1.25, 0.25, 1.75, 1 ], "texture": "#il2-rightwing" },
				"east": { "uv": [ 15.75, 15.25, 15.25, 16 ], "texture": "#il2-rightwing" }
			}
		},
		{
			"__comment": "Voxels",
			"from": [ 22.3968, 7.9996, 3.1932 ],
			"to": [ 27.5916, 9.1984, 3.5928 ],
			"faces": {
				"down": { "uv": [ 12, 9.25, 15.25, 9.5 ], "texture": "#il2-rightwing" },
				"up": { "uv": [ 12, 9.75, 15.25, 9.5 ], "texture": "#il2-rightwing" },
				"north": { "uv": [ 9, 10.75, 5.75, 11.5 ], "texture": "#il2-rightwing" },
				"south": { "uv": [ 2.5, 10.75, 5.75, 11.5 ], "texture": "#il2-rightwing" },
				"west": { "uv": [ 11.25, 2.5, 11.5, 3.25 ], "texture": "#il2-rightwing" },
				"east": { "uv": [ 11.25, 2.5, 11, 3.25 ], "texture": "#il2-rightwing" }
			}
		},
		{
			"__comment": "Voxels",
			"from": [ 22.3968, 7.9996, 3.5928 ],
			"to": [ 27.192, 8.7988, 4.392 ],
			"faces": {
				"down": { "uv": [ 8.75, 8.75, 11.75, 9.25 ], "texture": "#il2-rightwing" },
				"up": { "uv": [ 5.75, 9.25, 8.75, 8.75 ], "texture": "#il2-rightwing" },
				"north": { "uv": [ 8.75, 8.25, 5.75, 8.75 ], "texture": "#il2-rightwing" },
				"south": { "uv": [ 12.25, 10.25, 15.25, 10.75 ], "texture": "#il2-rightwing" },
				"west": { "uv": [ 7.75, 0.5, 8.25, 1 ], "texture": "#il2-rightwing" },
				"east": { "uv": [ 8.25, 0, 7.75, 0.5 ], "texture": "#il2-rightwing" }
			}
		},
		{
			"__comment": "Voxels",
			"from": [ 22.3968, 8.7988, -2.4012 ],
			"to": [ 24.3948, 9.1984, -1.2024 ],
			"faces": {
				"down": { "uv": [ 14.5, 10.75, 15.75, 11.5 ], "texture": "#il2-rightwing" },
				"up": { "uv": [ 0, 1, 1.25, 0.25 ], "texture": "#il2-rightwing" },
				"north": { "uv": [ 8.5, 2.25, 7.25, 2.5 ], "texture": "#il2-rightwing" },
				"south": { "uv": [ 8.75, 0.25, 10, 0.5 ], "texture": "#il2-rightwing" },
				"west": { "uv": [ 15.25, 13.75, 16, 14 ], "texture": "#il2-rightwing" },
				"east": { "uv": [ 16, 15, 15.25, 15.25 ], "texture": "#il2-rightwing" }
			}
		},
		{
			"__comment": "Voxels",
			"from": [ 22.7964, 7.9996, -0.4032 ],
			"to": [ 27.192, 9.1984, 3.1932 ],
			"faces": {
				"down": { "uv": [ 2, 13.75, 4.75, 16 ], "texture": "#il2-rightwing" },
				"up": { "uv": [ 4.75, 16, 7.5, 13.75 ], "texture": "#il2-rightwing" },
				"north": { "uv": [ 11.75, 10.75, 9, 11.5 ], "texture": "#il2-rightwing" },
				"south": { "uv": [ 3, 9.25, 5.75, 10 ], "texture": "#il2-rightwing" },
				"west": { "uv": [ 3, 8.5, 5.25, 9.25 ], "texture": "#il2-rightwing" },
				"east": { "uv": [ 5.25, 7.75, 3, 8.5 ], "texture": "#il2-rightwing" }
			}
		},
		{
			"__comment": "Voxels",
			"from": [ 22.7964, 8.399199, -2.8008 ],
			"to": [ 24.3948, 8.7988, -2.4012 ],
			"faces": {
				"down": { "uv": [ 13.5, 4.75, 14.5, 5 ], "texture": "#il2-rightwing" },
				"up": { "uv": [ 14.5, 5, 15.5, 4.75 ], "texture": "#il2-rightwing" },
				"north": { "uv": [ 12, 4.5, 11, 4.75 ], "texture": "#il2-rightwing" },
				"south": { "uv": [ 12, 4.5, 13, 4.75 ], "texture": "#il2-rightwing" },
				"west": { "uv": [ 15.75, 7.75, 16, 8 ], "texture": "#il2-rightwing" },
				"east": { "uv": [ 15, 4, 14.75, 4.25 ], "texture": "#il2-rightwing" }
			}
		},
		{
			"__comment": "Voxels",
			"from": [ 22.7964, 8.7988, 3.9924 ],
			"to": [ 29.9892, 9.1984, 4.392 ],
			"faces": {
				"down": { "uv": [ 11.25, 7.75, 15.75, 8 ], "texture": "#il2-rightwing" },
				"up": { "uv": [ 11.25, 8.25, 15.75, 8 ], "texture": "#il2-rightwing" },
				"north": { "uv": [ 15.75, 7.5, 11.25, 7.75 ], "texture": "#il2-rightwing" },
				"south": { "uv": [ 8.5, 7, 13, 7.25 ], "texture": "#il2-rightwing" },
				"west": { "uv": [ 12.5, 3.75, 12.75, 4 ], "texture": "#il2-rightwing" },
				"east": { "uv": [ 15.5, 3.75, 15.25, 4 ], "texture": "#il2-rightwing" }
			}
		},
		{
			"__comment": "Voxels",
			"from": [ 23.9952, 8.399199, -5.1984 ],
			"to": [ 24.3948, 8.7988, -2.8008 ],
			"faces": {
				"down": { "uv": [ 7.5, 0, 7.75, 1.5 ], "texture": "#il2-rightwing" },
				"up": { "uv": [ 7.25, 1.5, 7.5, 0 ], "texture": "#il2-rightwing" },
				"north": { "uv": [ 16, 7.5, 15.75, 7.75 ], "texture": "#il2-rightwing" },
				"south": { "uv": [ 10.75, 4.25, 11, 4.5 ], "texture": "#il2-rightwing" },
				"west": { "uv": [ 8.75, 1.25, 10.25, 1.5 ], "texture": "#il2-rightwing" },
				"east": { "uv": [ 7.25, 0.25, 5.75, 0.5 ], "texture": "#il2-rightwing" }
			}
		},
		{
			"__comment": "Voxels",
			"from": [ 24.3948, 8.399199, -2.4012 ],
			"to": [ 25.194, 8.7988, -2.0016 ],
			"faces": {
				"down": { "uv": [ 5.25, 5.5, 5.75, 5.75 ], "texture": "#il2-rightwing" },
				"up": { "uv": [ 10.5, 4, 11, 3.75 ], "texture": "#il2-rightwing" },
				"north": { "uv": [ 11, 3.5, 10.5, 3.75 ], "texture": "#il2-rightwing" },
				"south": { "uv": [ 10.5, 3.25, 11, 3.5 ], "texture": "#il2-rightwing" },
				"west": { "uv": [ 11.75, 3.75, 12, 4 ], "texture": "#il2-rightwing" },
				"east": { "uv": [ 12, 3.5, 11.75, 3.75 ], "texture": "#il2-rightwing" }
			}
		},
		{
			"__comment": "Voxels",
			"from": [ 24.3948, 8.7988, -2.0016 ],
			"to": [ 25.9932, 9.1984, -1.2024 ],
			"faces": {
				"down": { "uv": [ 7.5, 4, 8.5, 4.5 ], "texture": "#il2-rightwing" },
				"up": { "uv": [ 7.5, 5, 8.5, 4.5 ], "texture": "#il2-rightwing" },
				"north": { "uv": [ 14, 4.5, 13, 4.75 ], "texture": "#il2-rightwing" },
				"south": { "uv": [ 14, 4.5, 15, 4.75 ], "texture": "#il2-rightwing" },
				"west": { "uv": [ 12.25, 4, 12.75, 4.25 ], "texture": "#il2-rightwing" },
				"east": { "uv": [ 13.25, 4, 12.75, 4.25 ], "texture": "#il2-rightwing" }
			}
		},
		{
			"__comment": "Voxels",
			"from": [ 24.7944, 8.7988, 4.392 ],
			"to": [ 28.7904, 9.1984, 4.7916 ],
			"faces": {
				"down": { "uv": [ 3.25, 0, 5.75, 0.25 ], "texture": "#il2-rightwing" },
				"up": { "uv": [ 8.5, 4.75, 11, 4.5 ], "texture": "#il2-rightwing" },
				"north": { "uv": [ 11, 4.75, 8.5, 5 ], "texture": "#il2-rightwing" },
				"south": { "uv": [ 11.25, 5, 13.75, 5.25 ], "texture": "#il2-rightwing" },
				"west": { "uv": [ 15, 3.75, 15.25, 4 ], "texture": "#il2-rightwing" },
				"east": { "uv": [ 16, 8, 15.75, 8.25 ], "texture": "#il2-rightwing" }
			}
		},
		{
			"__comment": "Voxels",
			"from": [ 25.5936, 7.9996, -1.602 ],
			"to": [ 26.3928, 8.7988, -1.2024 ],
			"faces": {
				"down": { "uv": [ 2, 0, 2.5, 0.25 ], "texture": "#il2-rightwing" },
				"up": { "uv": [ 5.25, 8, 5.75, 7.75 ], "texture": "#il2-rightwing" },
				"north": { "uv": [ 10.75, 2.25, 10.25, 2.75 ], "texture": "#il2-rightwing" },
				"south": { "uv": [ 11, 4, 11.5, 4.5 ], "texture": "#il2-rightwing" },
				"west": { "uv": [ 15.75, 10.25, 16, 10.75 ], "texture": "#il2-rightwing" },
				"east": { "uv": [ 5.75, 1.25, 5.5, 1.75 ], "texture": "#il2-rightwing" }
			}
		},
		{
			"__comment": "Voxels",
			"from": [ 25.5936, 8.399199, -2.0016 ],
			"to": [ 26.7924, 8.7988, -1.602 ],
			"faces": {
				"down": { "uv": [ 15.25, 9.5, 16, 9.75 ], "texture": "#il2-rightwing" },
				"up": { "uv": [ 15.25, 9.5, 16, 9.25 ], "texture": "#il2-rightwing" },
				"north": { "uv": [ 11, 2, 10.25, 2.25 ], "texture": "#il2-rightwing" },
				"south": { "uv": [ 10.25, 1.75, 11, 2 ], "texture": "#il2-rightwing" },
				"west": { "uv": [ 11.5, 0.5, 11.75, 0.75 ], "texture": "#il2-rightwing" },
				"east": { "uv": [ 11.75, 0.25, 11.5, 0.5 ], "texture": "#il2-rightwing" }
			}
		},
		{
			"__comment": "Voxels",
			"from": [ 25.9932, 8.7988, -1.602 ],
			"to": [ 27.5916, 9.1984, -1.2024 ],
			"faces": {
				"down": { "uv": [ 15, 4.5, 16, 4.75 ], "texture": "#il2-rightwing" },
				"up": { "uv": [ 15, 7, 16, 6.75 ], "texture": "#il2-rightwing" },
				"north": { "uv": [ 16, 6.5, 15, 6.75 ], "texture": "#il2-rightwing" },
				"south": { "uv": [ 15, 6.25, 16, 6.5 ], "texture": "#il2-rightwing" },
				"west": { "uv": [ 13.25, 4, 13.5, 4.25 ], "texture": "#il2-rightwing" },
				"east": { "uv": [ 13.75, 4, 13.5, 4.25 ], "texture": "#il2-rightwing" }
			}
		},
		{
			"__comment": "Voxels",
			"from": [ 26.3928, 8.399199, -1.602 ],
			"to": [ 27.5916, 8.7988, -1.2024 ],
			"faces": {
				"down": { "uv": [ 10.25, 1.25, 11, 1.5 ], "texture": "#il2-rightwing" },
				"up": { "uv": [ 11.5, 4.5, 12.25, 4.25 ], "texture": "#il2-rightwing" },
				"north": { "uv": [ 13, 4.25, 12.25, 4.5 ], "texture": "#il2-rightwing" },
				"south": { "uv": [ 13, 4.25, 13.75, 4.5 ], "texture": "#il2-rightwing" },
				"west": { "uv": [ 13.75, 4, 14, 4.25 ], "texture": "#il2-rightwing" },
				"east": { "uv": [ 14.25, 4, 14, 4.25 ], "texture": "#il2-rightwing" }
			}
		},
		{
			"__comment": "Voxels",
			"from": [ 26.7924, 7.9996, -0.8028 ],
			"to": [ 27.192, 9.1984, -0.4032 ],
			"faces": {
				"down": { "uv": [ 14.25, 4, 14.5, 4.25 ], "texture": "#il2-rightwing" },
				"up": { "uv": [ 14.5, 4.25, 14.75, 4 ], "texture": "#il2-rightwing" },
				"north": { "uv": [ 16, 15.25, 15.75, 16 ], "texture": "#il2-rightwing" },
				"south": { "uv": [ 15.75, 13, 16, 13.75 ], "texture": "#il2-rightwing" },
				"west": { "uv": [ 1.75, 0.25, 2, 1 ], "texture": "#il2-rightwing" },
				"east": { "uv": [ 16, 11.5, 15.75, 12.25 ], "texture": "#il2-rightwing" }
			}
		},
		{
			"__comment": "Voxels",
			"from": [ 26.7924, 8.399199, -1.2024 ],
			"to": [ 28.7904, 9.1984, -0.8027999 ],
			"faces": {
				"down": { "uv": [ 8.75, 0, 10, 0.25 ], "texture": "#il2-rightwing" },
				"up": { "uv": [ 7.25, 1.75, 8.5, 1.5 ], "texture": "#il2-rightwing" },
				"north": { "uv": [ 5.75, 2.25, 4.5, 2.75 ], "texture": "#il2-rightwing" },
				"south": { "uv": [ 14.75, 8.75, 16, 9.25 ], "texture": "#il2-rightwing" },
				"west": { "uv": [ 11, 0, 11.25, 0.5 ], "texture": "#il2-rightwing" },
				"east": { "uv": [ 11.5, 0.5, 11.25, 1 ], "texture": "#il2-rightwing" }
			}
		},
		{
			"__comment": "Voxels",
			"from": [ 26.7924, 8.399199, 4.7916 ],
			"to": [ 28.7904, 8.7988, 5.1912 ],
			"faces": {
				"down": { "uv": [ 8.75, 0.5, 10, 0.75 ], "texture": "#il2-rightwing" },
				"up": { "uv": [ 11, 5, 12.25, 4.75 ], "texture": "#il2-rightwing" },
				"north": { "uv": [ 10, 0.75, 8.75, 1 ], "texture": "#il2-rightwing" },
				"south": { "uv": [ 0, 0, 1.25, 0.25 ], "texture": "#il2-rightwing" },
				"west": { "uv": [ 11.75, 2.5, 12, 2.75 ], "texture": "#il2-rightwing" },
				"east": { "uv": [ 12, 2.25, 11.75, 2.5 ], "texture": "#il2-rightwing" }
			}
		},
		{
			"__comment": "Voxels",
			"from": [ 27.192, 7.9996, -0.0036 ],
			"to": [ 27.5916, 9.1984, 3.1932 ],
			"faces": {
				"down": { "uv": [ 5.25, 5.75, 5.5, 7.75 ], "texture": "#il2-rightwing" },
				"up": { "uv": [ 5.5, 7.75, 5.75, 5.75 ], "texture": "#il2-rightwing" },
				"north": { "uv": [ 11.25, 1, 11, 1.75 ], "texture": "#il2-rightwing" },
				"south": { "uv": [ 11.25, 1, 11.5, 1.75 ], "texture": "#il2-rightwing" },
				"west": { "uv": [ 0, 2, 2, 2.75 ], "texture": "#il2-rightwing" },
				"east": { "uv": [ 2, 2.75, 0, 3.5 ], "texture": "#il2-rightwing" }
			}
		},
		{
			"__comment": "Voxels",
			"from": [ 27.192, 8.399199, -0.8028 ],
			"to": [ 29.5896, 9.1984, -0.003599942 ],
			"faces": {
				"down": { "uv": [ 5.75, 1, 7.25, 1.5 ], "texture": "#il2-rightwing" },
				"up": { "uv": [ 5.75, 1, 7.25, 0.5 ], "texture": "#il2-rightwing" },
				"north": { "uv": [ 7.25, 1.5, 5.75, 2 ], "texture": "#il2-rightwing" },
				"south": { "uv": [ 5.75, 2, 7.25, 2.5 ], "texture": "#il2-rightwing" },
				"west": { "uv": [ 2.5, 0, 3, 0.5 ], "texture": "#il2-rightwing" },
				"east": { "uv": [ 5.75, 8, 5.25, 8.5 ], "texture": "#il2-rightwing" }
			}
		},
		{
			"__comment": "Voxels",
			"from": [ 27.192, 8.399199, 3.5928 ],
			"to": [ 30.7884, 8.7988, 3.9924 ],
			"faces": {
				"down": { "uv": [ 13, 13.75, 15.25, 14 ], "texture": "#il2-rightwing" },
				"up": { "uv": [ 13.75, 5.25, 16, 5 ], "texture": "#il2-rightwing" },
				"north": { "uv": [ 10.75, 4.25, 8.5, 4.5 ], "texture": "#il2-rightwing" },
				"south": { "uv": [ 8.5, 4, 10.75, 4.25 ], "texture": "#il2-rightwing" },
				"west": { "uv": [ 12.75, 3.75, 13, 4 ], "texture": "#il2-rightwing" },
				"east": { "uv": [ 13.25, 3.75, 13, 4 ], "texture": "#il2-rightwing" }
			}
		},
		{
			"__comment": "Voxels",
			"from": [ 27.192, 8.399199, 3.9924 ],
			"to": [ 29.9892, 8.7988, 4.392 ],
			"faces": {
				"down": { "uv": [ 8.75, 3.25, 10.5, 3.5 ], "texture": "#il2-rightwing" },
				"up": { "uv": [ 8.75, 3, 10.5, 2.75 ], "texture": "#il2-rightwing" },
				"north": { "uv": [ 10.5, 3.75, 8.75, 4 ], "texture": "#il2-rightwing" },
				"south": { "uv": [ 8.75, 3.5, 10.5, 3.75 ], "texture": "#il2-rightwing" },
				"west": { "uv": [ 15.5, 3.75, 15.75, 4 ], "texture": "#il2-rightwing" },
				"east": { "uv": [ 16, 3.75, 15.75, 4 ], "texture": "#il2-rightwing" }
			}
		},
		{
			"__comment": "Voxels",
			"from": [ 27.192, 8.399199, 4.392 ],
			"to": [ 29.5896, 8.7988, 4.7916 ],
			"faces": {
				"down": { "uv": [ 8.75, 2.25, 10.25, 2.5 ], "texture": "#il2-rightwing" },
				"up": { "uv": [ 8.75, 2.25, 10.25, 2 ], "texture": "#il2-rightwing" },
				"north": { "uv": [ 10.25, 1.75, 8.75, 2 ], "texture": "#il2-rightwing" },
				"south": { "uv": [ 8.75, 1.5, 10.25, 1.75 ], "texture": "#il2-rightwing" },
				"west": { "uv": [ 10.75, 4, 11, 4.25 ], "texture": "#il2-rightwing" },
				"east": { "uv": [ 16, 4.25, 15.75, 4.5 ], "texture": "#il2-rightwing" }
			}
		},
		{
			"__comment": "Voxels",
			"from": [ 27.5916, 8.399199, -0.0036 ],
			"to": [ 30.7884, 9.1984, 3.5928 ],
			"faces": {
				"down": { "uv": [ 0, 5.75, 2, 8 ], "texture": "#il2-rightwing" },
				"up": { "uv": [ 0, 5.75, 2, 3.5 ], "texture": "#il2-rightwing" },
				"north": { "uv": [ 2, 1.5, 0, 2 ], "texture": "#il2-rightwing" },
				"south": { "uv": [ 0, 1, 2, 1.5 ], "texture": "#il2-rightwing" },
				"west": { "uv": [ 3.25, 1.75, 5.5, 2.25 ], "texture": "#il2-rightwing" },
				"east": { "uv": [ 5.5, 1.25, 3.25, 1.75 ], "texture": "#il2-rightwing" }
			}
		},
		{
			"__comment": "Voxels",
			"from": [ 28.7904, 8.7988, -1.2024 ],
			"to": [ 29.5896, 9.1984, -0.8027999 ],
			"faces": {
				"down": { "uv": [ 10.5, 3, 11, 3.25 ], "texture": "#il2-rightwing" },
				"up": { "uv": [ 10.5, 3, 11, 2.75 ], "texture": "#il2-rightwing" },
				"north": { "uv": [ 10.5, 0, 10, 0.25 ], "texture": "#il2-rightwing" },
				"south": { "uv": [ 10.5, 0, 11, 0.25 ], "texture": "#il2-rightwing" },
				"west": { "uv": [ 15, 4, 15.25, 4.25 ], "texture": "#il2-rightwing" },
				"east": { "uv": [ 15.5, 4, 15.25, 4.25 ], "texture": "#il2-rightwing" }
			}
		},
		{
			"__comment": "Voxels",
			"from": [ 29.5896, 8.399199, -0.4032 ],
			"to": [ 30.3888, 9.1984, -0.003599972 ],
			"faces": {
				"down": { "uv": [ 11.75, 4, 12.25, 4.25 ], "texture": "#il2-rightwing" },
				"up": { "uv": [ 15.5, 5, 16, 4.75 ], "texture": "#il2-rightwing" },
				"north": { "uv": [ 10.5, 0.25, 10, 0.75 ], "texture": "#il2-rightwing" },
				"south": { "uv": [ 10.5, 0.25, 11, 0.75 ], "texture": "#il2-rightwing" },
				"west": { "uv": [ 11.25, 0, 11.5, 0.5 ], "texture": "#il2-rightwing" },
				"east": { "uv": [ 11.75, 3.75, 11.5, 4.25 ], "texture": "#il2-rightwing" }
			}
		},
		{
			"__comment": "Voxels",
			"from": [ 29.5896, 8.7988, -0.8028 ],
			"to": [ 30.3888, 9.1984, -0.4032 ],
			"faces": {
				"down": { "uv": [ 13.75, 4.25, 14.25, 4.5 ], "texture": "#il2-rightwing" },
				"up": { "uv": [ 14.25, 4.5, 14.75, 4.25 ], "texture": "#il2-rightwing" },
				"north": { "uv": [ 15.25, 4.25, 14.75, 4.5 ], "texture": "#il2-rightwing" },
				"south": { "uv": [ 15.25, 4.25, 15.75, 4.5 ], "texture": "#il2-rightwing" },
				"west": { "uv": [ 11.75, 1.75, 12, 2 ], "texture": "#il2-rightwing" },
				"east": { "uv": [ 12, 1.5, 11.75, 1.75 ], "texture": "#il2-rightwing" }
			}
		},
		{
			"__comment": "Voxels",
			"from": [ 30.3888, 8.7988, -0.4032 ],
			"to": [ 30.7884, 9.1984, -0.003599972 ],
			"faces": {
				"down": { "uv": [ 11.75, 1.25, 12, 1.5 ], "texture": "#il2-rightwing" },
				"up": { "uv": [ 11.75, 1.25, 12, 1 ], "texture": "#il2-rightwing" },
				"north": { "uv": [ 12, 0.75, 11.75, 1 ], "texture": "#il2-rightwing" },
				"south": { "uv": [ 11.75, 0.5, 12, 0.75 ], "texture": "#il2-rightwing" },
				"west": { "uv": [ 11.75, 0.25, 12, 0.5 ], "texture": "#il2-rightwing" },
				"east": { "uv": [ 12, 0, 11.75, 0.25 ], "texture": "#il2-rightwing" }
			}
		},
		{
			"__comment": "Voxels",
			"from": [ 30.7884, 8.399199, 0.396 ],
			"to": [ 31.188, 9.1984, 3.1932 ],
			"faces": {
				"down": { "uv": [ 8.5, 0.5, 8.75, 2.25 ], "texture": "#il2-rightwing" },
				"up": { "uv": [ 8.5, 4, 8.75, 2.25 ], "texture": "#il2-rightwing" },
				"north": { "uv": [ 11.75, 3.25, 11.5, 3.75 ], "texture": "#il2-rightwing" },
				"south": { "uv": [ 11.5, 2.75, 11.75, 3.25 ], "texture": "#il2-rightwing" },
				"west": { "uv": [ 5.75, 4.5, 7.5, 5 ], "texture": "#il2-rightwing" },
				"east": { "uv": [ 7.5, 5, 5.75, 5.5 ], "texture": "#il2-rightwing" }
			}
		},
		{
			"__comment": "Voxels",
			"from": [ 30.7884, 8.7988, -0.0036 ],
			"to": [ 31.188, 9.1984, 0.396 ],
			"faces": {
				"down": { "uv": [ 13.5, 3.75, 13.75, 4 ], "texture": "#il2-rightwing" },
				"up": { "uv": [ 13.75, 4, 14, 3.75 ], "texture": "#il2-rightwing" },
				"north": { "uv": [ 14.25, 3.75, 14, 4 ], "texture": "#il2-rightwing" },
				"south": { "uv": [ 14.25, 3.75, 14.5, 4 ], "texture": "#il2-rightwing" },
				"west": { "uv": [ 14.5, 3.75, 14.75, 4 ], "texture": "#il2-rightwing" },
				"east": { "uv": [ 15, 3.75, 14.75, 4 ], "texture": "#il2-rightwing" }
			}
		},
		{
			"__comment": "Voxels",
			"from": [ 31.188, 8.399199, 0.7956 ],
			"to": [ 31.5876, 9.1984, 2.7936 ],
			"faces": {
				"down": { "uv": [ 5, 4.25, 5.25, 5.5 ], "texture": "#il2-rightwing" },
				"up": { "uv": [ 5.25, 5.5, 5.5, 4.25 ], "texture": "#il2-rightwing" },
				"north": { "uv": [ 11.75, 1.25, 11.5, 1.75 ], "texture": "#il2-rightwing" },
				"south": { "uv": [ 11.5, 0.75, 11.75, 1.25 ], "texture": "#il2-rightwing" },
				"west": { "uv": [ 7.25, 2.5, 8.5, 3 ], "texture": "#il2-rightwing" },
				"east": { "uv": [ 5.75, 2.75, 4.5, 3.25 ], "texture": "#il2-rightwing" }
			}
		},
		{
			"__comment": "Voxels",
			"from": [ 31.188, 8.7988, 0.396 ],
			"to": [ 31.5876, 9.1984, 0.7956001 ],
			"faces": {
				"down": { "uv": [ 12, 3, 12.25, 3.25 ], "texture": "#il2-rightwing" },
				"up": { "uv": [ 12, 3, 12.25, 2.75 ], "texture": "#il2-rightwing" },
				"north": { "uv": [ 12.25, 2.5, 12, 2.75 ], "texture": "#il2-rightwing" },
				"south": { "uv": [ 12, 2.25, 12.25, 2.5 ], "texture": "#il2-rightwing" },
				"west": { "uv": [ 12, 2, 12.25, 2.25 ], "texture": "#il2-rightwing" },
				"east": { "uv": [ 12.25, 1.75, 12, 2 ], "texture": "#il2-rightwing" }
			}
		}
	],
	"display": {
		"thirdperson_righthand": {
			"translation":  [ 25.3, -5, 0 ],
			"scale":  [ 3.867, 3.867, 3.867 ]
		}
	}
}