{
	"__comment": "Designed by Uran2471 with Cubik Studio - https://cubik.studio",
	"textures": {
		"particle": "blocks/e_particle",
		"texture": "blocks/e_texture",
		"voxels_palette": "custom/m55frida"
	},
	"elements": [ 	 
		{
			"__comment": "Voxels-727F86",
			"from": [ 8.279699, 7.2727, 14.4336 ],
			"to": [ 9.062916, 7.496476, 14.54549 ],
			"faces": {
				"down": { "uv": [ 4.96, 0.96, 7.04, 3.04 ], "texture": "#voxels_palette" },
				"up": { "uv": [ 4.96, 0.96, 7.04, 3.04 ], "texture": "#voxels_palette" },
				"north": { "uv": [ 4.96, 0.96, 7.04, 3.04 ], "texture": "#voxels_palette" },
				"south": { "uv": [ 4.96, 0.96, 7.04, 3.04 ], "texture": "#voxels_palette" },
				"west": { "uv": [ 4.96, 0.96, 7.04, 3.04 ], "texture": "#voxels_palette" },
				"east": { "uv": [ 4.96, 0.96, 7.04, 3.04 ], "texture": "#voxels_palette" }
			}
		},
		{
			"__comment": "Voxels-727F86",
			"from": [ 8.279699, 7.2727, 14.5455 ],
			"to": [ 8.951028, 7.496476, 14.65739 ],
			"faces": {
				"down": { "uv": [ 4.96, 0.96, 7.04, 3.04 ], "texture": "#voxels_palette" },
				"up": { "uv": [ 4.96, 0.96, 7.04, 3.04 ], "texture": "#voxels_palette" },
				"north": { "uv": [ 4.96, 0.96, 7.04, 3.04 ], "texture": "#voxels_palette" },
				"south": { "uv": [ 4.96, 0.96, 7.04, 3.04 ], "texture": "#voxels_palette" },
				"west": { "uv": [ 4.96, 0.96, 7.04, 3.04 ], "texture": "#voxels_palette" },
				"east": { "uv": [ 4.96, 0.96, 7.04, 3.04 ], "texture": "#voxels_palette" }
			}
		},
		{
			"__comment": "Voxels-727F86",
			"from": [ 8.279699, 7.2727, 14.6573 ],
			"to": [ 8.83914, 7.496476, 14.76919 ],
			"faces": {
				"down": { "uv": [ 4.96, 0.96, 7.04, 3.04 ], "texture": "#voxels_palette" },
				"up": { "uv": [ 4.96, 0.96, 7.04, 3.04 ], "texture": "#voxels_palette" },
				"north": { "uv": [ 4.96, 0.96, 7.04, 3.04 ], "texture": "#voxels_palette" },
				"south": { "uv": [ 4.96, 0.96, 7.04, 3.04 ], "texture": "#voxels_palette" },
				"west": { "uv": [ 4.96, 0.96, 7.04, 3.04 ], "texture": "#voxels_palette" },
				"east": { "uv": [ 4.96, 0.96, 7.04, 3.04 ], "texture": "#voxels_palette" }
			}
		},
		{
			"__comment": "Voxels-727F86",
			"from": [ 8.279699, 7.2727, 14.7692 ],
			"to": [ 8.727252, 7.496476, 14.88109 ],
			"faces": {
				"down": { "uv": [ 4.96, 0.96, 7.04, 3.04 ], "texture": "#voxels_palette" },
				"up": { "uv": [ 4.96, 0.96, 7.04, 3.04 ], "texture": "#voxels_palette" },
				"north": { "uv": [ 4.96, 0.96, 7.04, 3.04 ], "texture": "#voxels_palette" },
				"south": { "uv": [ 4.96, 0.96, 7.04, 3.04 ], "texture": "#voxels_palette" },
				"west": { "uv": [ 4.96, 0.96, 7.04, 3.04 ], "texture": "#voxels_palette" },
				"east": { "uv": [ 4.96, 0.96, 7.04, 3.04 ], "texture": "#voxels_palette" }
			}
		},
		{
			"__comment": "Voxels-727F86",
			"from": [ 8.279699, 7.2727, 14.8811 ],
			"to": [ 8.615364, 7.496476, 14.99299 ],
			"faces": {
				"down": { "uv": [ 4.96, 0.96, 7.04, 3.04 ], "texture": "#voxels_palette" },
				"up": { "uv": [ 4.96, 0.96, 7.04, 3.04 ], "texture": "#voxels_palette" },
				"north": { "uv": [ 4.96, 0.96, 7.04, 3.04 ], "texture": "#voxels_palette" },
				"south": { "uv": [ 4.96, 0.96, 7.04, 3.04 ], "texture": "#voxels_palette" },
				"west": { "uv": [ 4.96, 0.96, 7.04, 3.04 ], "texture": "#voxels_palette" },
				"east": { "uv": [ 4.96, 0.96, 7.04, 3.04 ], "texture": "#voxels_palette" }
			}
		},
		{
			"__comment": "Voxels-727F86",
			"from": [ 8.279699, 7.2727, 14.993 ],
			"to": [ 8.503475, 7.496476, 15.10489 ],
			"faces": {
				"down": { "uv": [ 4.96, 0.96, 7.04, 3.04 ], "texture": "#voxels_palette" },
				"up": { "uv": [ 4.96, 0.96, 7.04, 3.04 ], "texture": "#voxels_palette" },
				"north": { "uv": [ 4.96, 0.96, 7.04, 3.04 ], "texture": "#voxels_palette" },
				"south": { "uv": [ 4.96, 0.96, 7.04, 3.04 ], "texture": "#voxels_palette" },
				"west": { "uv": [ 4.96, 0.96, 7.04, 3.04 ], "texture": "#voxels_palette" },
				"east": { "uv": [ 4.96, 0.96, 7.04, 3.04 ], "texture": "#voxels_palette" }
			}
		},
		{
			"__comment": "Voxels-727F86",
			"from": [ 8.279699, 7.2727, 15.1049 ],
			"to": [ 8.391587, 7.496476, 15.21679 ],
			"faces": {
				"down": { "uv": [ 4.96, 0.96, 7.04, 3.04 ], "texture": "#voxels_palette" },
				"up": { "uv": [ 4.96, 0.96, 7.04, 3.04 ], "texture": "#voxels_palette" },
				"north": { "uv": [ 4.96, 0.96, 7.04, 3.04 ], "texture": "#voxels_palette" },
				"south": { "uv": [ 4.96, 0.96, 7.04, 3.04 ], "texture": "#voxels_palette" },
				"west": { "uv": [ 4.96, 0.96, 7.04, 3.04 ], "texture": "#voxels_palette" },
				"east": { "uv": [ 4.96, 0.96, 7.04, 3.04 ], "texture": "#voxels_palette" }
			}
		},
		{
			"__comment": "Voxels-727F86",
			"from": [ 8.3916, 7.2727, 14.2098 ],
			"to": [ 9.398593, 7.496476, 14.32169 ],
			"faces": {
				"down": { "uv": [ 4.96, 0.96, 7.04, 3.04 ], "texture": "#voxels_palette" },
				"up": { "uv": [ 4.96, 0.96, 7.04, 3.04 ], "texture": "#voxels_palette" },
				"north": { "uv": [ 4.96, 0.96, 7.04, 3.04 ], "texture": "#voxels_palette" },
				"south": { "uv": [ 4.96, 0.96, 7.04, 3.04 ], "texture": "#voxels_palette" },
				"west": { "uv": [ 4.96, 0.96, 7.04, 3.04 ], "texture": "#voxels_palette" },
				"east": { "uv": [ 4.96, 0.96, 7.04, 3.04 ], "texture": "#voxels_palette" }
			}
		},
		{
			"__comment": "Voxels-727F86",
			"from": [ 8.3916, 7.2727, 14.3217 ],
			"to": [ 9.174816, 7.496476, 14.43359 ],
			"faces": {
				"down": { "uv": [ 4.96, 0.96, 7.04, 3.04 ], "texture": "#voxels_palette" },
				"up": { "uv": [ 4.96, 0.96, 7.04, 3.04 ], "texture": "#voxels_palette" },
				"north": { "uv": [ 4.96, 0.96, 7.04, 3.04 ], "texture": "#voxels_palette" },
				"south": { "uv": [ 4.96, 0.96, 7.04, 3.04 ], "texture": "#voxels_palette" },
				"west": { "uv": [ 4.96, 0.96, 7.04, 3.04 ], "texture": "#voxels_palette" },
				"east": { "uv": [ 4.96, 0.96, 7.04, 3.04 ], "texture": "#voxels_palette" }
			}
		},
		{
			"__comment": "Voxels-727F86",
			"from": [ 8.5035, 7.2727, 14.0979 ],
			"to": [ 10.74126, 7.496476, 14.20979 ],
			"faces": {
				"down": { "uv": [ 4.96, 0.96, 7.04, 3.04 ], "texture": "#voxels_palette" },
				"up": { "uv": [ 4.96, 0.96, 7.04, 3.04 ], "texture": "#voxels_palette" },
				"north": { "uv": [ 4.96, 0.96, 7.04, 3.04 ], "texture": "#voxels_palette" },
				"south": { "uv": [ 4.96, 0.96, 7.04, 3.04 ], "texture": "#voxels_palette" },
				"west": { "uv": [ 4.96, 0.96, 7.04, 3.04 ], "texture": "#voxels_palette" },
				"east": { "uv": [ 4.96, 0.96, 7.04, 3.04 ], "texture": "#voxels_palette" }
			}
		},
		{
			"__comment": "Voxels-727F86",
			"from": [ 8.615399, 7.2727, 13.986 ],
			"to": [ 10.62938, 7.496476, 14.09789 ],
			"faces": {
				"down": { "uv": [ 4.96, 0.96, 7.04, 3.04 ], "texture": "#voxels_palette" },
				"up": { "uv": [ 4.96, 0.96, 7.04, 3.04 ], "texture": "#voxels_palette" },
				"north": { "uv": [ 4.96, 0.96, 7.04, 3.04 ], "texture": "#voxels_palette" },
				"south": { "uv": [ 4.96, 0.96, 7.04, 3.04 ], "texture": "#voxels_palette" },
				"west": { "uv": [ 4.96, 0.96, 7.04, 3.04 ], "texture": "#voxels_palette" },
				"east": { "uv": [ 4.96, 0.96, 7.04, 3.04 ], "texture": "#voxels_palette" }
			}
		},
		{
			"__comment": "Voxels-727F86",
			"from": [ 8.7273, 7.2727, 13.8741 ],
			"to": [ 10.51751, 7.496476, 13.98599 ],
			"faces": {
				"down": { "uv": [ 4.96, 0.96, 7.04, 3.04 ], "texture": "#voxels_palette" },
				"up": { "uv": [ 4.96, 0.96, 7.04, 3.04 ], "texture": "#voxels_palette" },
				"north": { "uv": [ 4.96, 0.96, 7.04, 3.04 ], "texture": "#voxels_palette" },
				"south": { "uv": [ 4.96, 0.96, 7.04, 3.04 ], "texture": "#voxels_palette" },
				"west": { "uv": [ 4.96, 0.96, 7.04, 3.04 ], "texture": "#voxels_palette" },
				"east": { "uv": [ 4.96, 0.96, 7.04, 3.04 ], "texture": "#voxels_palette" }
			}
		},
		{
			"__comment": "Voxels-727F86",
			"from": [ 8.8392, 7.2727, 13.7622 ],
			"to": [ 10.40563, 7.496476, 13.87409 ],
			"faces": {
				"down": { "uv": [ 4.96, 0.96, 7.04, 3.04 ], "texture": "#voxels_palette" },
				"up": { "uv": [ 4.96, 0.96, 7.04, 3.04 ], "texture": "#voxels_palette" },
				"north": { "uv": [ 4.96, 0.96, 7.04, 3.04 ], "texture": "#voxels_palette" },
				"south": { "uv": [ 4.96, 0.96, 7.04, 3.04 ], "texture": "#voxels_palette" },
				"west": { "uv": [ 4.96, 0.96, 7.04, 3.04 ], "texture": "#voxels_palette" },
				"east": { "uv": [ 4.96, 0.96, 7.04, 3.04 ], "texture": "#voxels_palette" }
			}
		},
		{
			"__comment": "Voxels-727F86",
			"from": [ 8.951, 7.2727, 13.6504 ],
			"to": [ 10.29366, 7.496476, 13.76229 ],
			"faces": {
				"down": { "uv": [ 4.96, 0.96, 7.04, 3.04 ], "texture": "#voxels_palette" },
				"up": { "uv": [ 4.96, 0.96, 7.04, 3.04 ], "texture": "#voxels_palette" },
				"north": { "uv": [ 4.96, 0.96, 7.04, 3.04 ], "texture": "#voxels_palette" },
				"south": { "uv": [ 4.96, 0.96, 7.04, 3.04 ], "texture": "#voxels_palette" },
				"west": { "uv": [ 4.96, 0.96, 7.04, 3.04 ], "texture": "#voxels_palette" },
				"east": { "uv": [ 4.96, 0.96, 7.04, 3.04 ], "texture": "#voxels_palette" }
			}
		},
		{
			"__comment": "Voxels-727F86",
			"from": [ 9.0629, 7.2727, 13.5385 ],
			"to": [ 10.18178, 7.496476, 13.65039 ],
			"faces": {
				"down": { "uv": [ 4.96, 0.96, 7.04, 3.04 ], "texture": "#voxels_palette" },
				"up": { "uv": [ 4.96, 0.96, 7.04, 3.04 ], "texture": "#voxels_palette" },
				"north": { "uv": [ 4.96, 0.96, 7.04, 3.04 ], "texture": "#voxels_palette" },
				"south": { "uv": [ 4.96, 0.96, 7.04, 3.04 ], "texture": "#voxels_palette" },
				"west": { "uv": [ 4.96, 0.96, 7.04, 3.04 ], "texture": "#voxels_palette" },
				"east": { "uv": [ 4.96, 0.96, 7.04, 3.04 ], "texture": "#voxels_palette" }
			}
		},
		{
			"__comment": "Voxels-727F86",
			"from": [ 9.1748, 7.2727, 13.4266 ],
			"to": [ 10.0699, 7.496476, 13.53849 ],
			"faces": {
				"down": { "uv": [ 4.96, 0.96, 7.04, 3.04 ], "texture": "#voxels_palette" },
				"up": { "uv": [ 4.96, 0.96, 7.04, 3.04 ], "texture": "#voxels_palette" },
				"north": { "uv": [ 4.96, 0.96, 7.04, 3.04 ], "texture": "#voxels_palette" },
				"south": { "uv": [ 4.96, 0.96, 7.04, 3.04 ], "texture": "#voxels_palette" },
				"west": { "uv": [ 4.96, 0.96, 7.04, 3.04 ], "texture": "#voxels_palette" },
				"east": { "uv": [ 4.96, 0.96, 7.04, 3.04 ], "texture": "#voxels_palette" }
			}
		},
		{
			"__comment": "Voxels-727F86",
			"from": [ 9.286699, 7.1608, 1.4545 ],
			"to": [ 9.958028, 7.608353, 2.461493 ],
			"faces": {
				"down": { "uv": [ 4.96, 0.96, 7.04, 3.04 ], "texture": "#voxels_palette" },
				"up": { "uv": [ 4.96, 0.96, 7.04, 3.04 ], "texture": "#voxels_palette" },
				"north": { "uv": [ 4.96, 0.96, 7.04, 3.04 ], "texture": "#voxels_palette" },
				"south": { "uv": [ 4.96, 0.96, 7.04, 3.04 ], "texture": "#voxels_palette" },
				"west": { "uv": [ 4.96, 0.96, 7.04, 3.04 ], "texture": "#voxels_palette" },
				"east": { "uv": [ 4.96, 0.96, 7.04, 3.04 ], "texture": "#voxels_palette" }
			}
		},
		{
			"__comment": "Voxels-A7993D",
			"from": [ 9.286699, 7.1608, 2.4615 ],
			"to": [ 9.958028, 7.608353, 2.573388 ],
			"faces": {
				"down": { "uv": [ 12.96, 0.96, 15.04, 3.04 ], "texture": "#voxels_palette" },
				"up": { "uv": [ 12.96, 0.96, 15.04, 3.04 ], "texture": "#voxels_palette" },
				"north": { "uv": [ 12.96, 0.96, 15.04, 3.04 ], "texture": "#voxels_palette" },
				"south": { "uv": [ 12.96, 0.96, 15.04, 3.04 ], "texture": "#voxels_palette" },
				"west": { "uv": [ 12.96, 0.96, 15.04, 3.04 ], "texture": "#voxels_palette" },
				"east": { "uv": [ 12.96, 0.96, 15.04, 3.04 ], "texture": "#voxels_palette" }
			}
		},
		{
			"__comment": "Voxels-727F86",
			"from": [ 9.286699, 7.1608, 2.5734 ],
			"to": [ 9.958028, 7.608353, 13.42655 ],
			"faces": {
				"down": { "uv": [ 4.96, 0.96, 7.04, 3.04 ], "texture": "#voxels_palette" },
				"up": { "uv": [ 4.96, 0.96, 7.04, 3.04 ], "texture": "#voxels_palette" },
				"north": { "uv": [ 4.96, 0.96, 7.04, 3.04 ], "texture": "#voxels_palette" },
				"south": { "uv": [ 4.96, 0.96, 7.04, 3.04 ], "texture": "#voxels_palette" },
				"west": { "uv": [ 4.96, 0.96, 7.04, 3.04 ], "texture": "#voxels_palette" },
				"east": { "uv": [ 4.96, 0.96, 7.04, 3.04 ], "texture": "#voxels_palette" }
			}
		},
		{
			"__comment": "Voxels-727F86",
			"from": [ 9.286699, 7.1608, 13.4266 ],
			"to": [ 9.958028, 7.272688, 14.20982 ],
			"faces": {
				"down": { "uv": [ 4.96, 0.96, 7.04, 3.04 ], "texture": "#voxels_palette" },
				"up": { "uv": [ 4.96, 0.96, 7.04, 3.04 ], "texture": "#voxels_palette" },
				"north": { "uv": [ 4.96, 0.96, 7.04, 3.04 ], "texture": "#voxels_palette" },
				"south": { "uv": [ 4.96, 0.96, 7.04, 3.04 ], "texture": "#voxels_palette" },
				"west": { "uv": [ 4.96, 0.96, 7.04, 3.04 ], "texture": "#voxels_palette" },
				"east": { "uv": [ 4.96, 0.96, 7.04, 3.04 ], "texture": "#voxels_palette" }
			}
		},
		{
			"__comment": "Voxels-727F86",
			"from": [ 9.286699, 7.1608, 14.2098 ],
			"to": [ 9.510475, 7.272688, 14.32169 ],
			"faces": {
				"down": { "uv": [ 4.96, 0.96, 7.04, 3.04 ], "texture": "#voxels_palette" },
				"up": { "uv": [ 4.96, 0.96, 7.04, 3.04 ], "texture": "#voxels_palette" },
				"north": { "uv": [ 4.96, 0.96, 7.04, 3.04 ], "texture": "#voxels_palette" },
				"south": { "uv": [ 4.96, 0.96, 7.04, 3.04 ], "texture": "#voxels_palette" },
				"west": { "uv": [ 4.96, 0.96, 7.04, 3.04 ], "texture": "#voxels_palette" },
				"east": { "uv": [ 4.96, 0.96, 7.04, 3.04 ], "texture": "#voxels_palette" }
			}
		},
		{
			"__comment": "Voxels-63645A",
			"from": [ 9.286699, 7.2727, 1.1189 ],
			"to": [ 9.958028, 7.496476, 1.454564 ],
			"faces": {
				"down": { "uv": [ 8.96, 0.96, 11.04, 3.04 ], "texture": "#voxels_palette" },
				"up": { "uv": [ 8.96, 0.96, 11.04, 3.04 ], "texture": "#voxels_palette" },
				"north": { "uv": [ 8.96, 0.96, 11.04, 3.04 ], "texture": "#voxels_palette" },
				"south": { "uv": [ 8.96, 0.96, 11.04, 3.04 ], "texture": "#voxels_palette" },
				"west": { "uv": [ 8.96, 0.96, 11.04, 3.04 ], "texture": "#voxels_palette" },
				"east": { "uv": [ 8.96, 0.96, 11.04, 3.04 ], "texture": "#voxels_palette" }
			}
		},
		{
			"__comment": "Voxels-727F86",
			"from": [ 9.286699, 7.4965, 13.4266 ],
			"to": [ 9.958028, 7.608388, 14.20982 ],
			"faces": {
				"down": { "uv": [ 4.96, 0.96, 7.04, 3.04 ], "texture": "#voxels_palette" },
				"up": { "uv": [ 4.96, 0.96, 7.04, 3.04 ], "texture": "#voxels_palette" },
				"north": { "uv": [ 4.96, 0.96, 7.04, 3.04 ], "texture": "#voxels_palette" },
				"south": { "uv": [ 4.96, 0.96, 7.04, 3.04 ], "texture": "#voxels_palette" },
				"west": { "uv": [ 4.96, 0.96, 7.04, 3.04 ], "texture": "#voxels_palette" },
				"east": { "uv": [ 4.96, 0.96, 7.04, 3.04 ], "texture": "#voxels_palette" }
			}
		},
		{
			"__comment": "Voxels-727F86",
			"from": [ 9.286699, 7.4965, 14.2098 ],
			"to": [ 9.510475, 7.608388, 14.32169 ],
			"faces": {
				"down": { "uv": [ 4.96, 0.96, 7.04, 3.04 ], "texture": "#voxels_palette" },
				"up": { "uv": [ 4.96, 0.96, 7.04, 3.04 ], "texture": "#voxels_palette" },
				"north": { "uv": [ 4.96, 0.96, 7.04, 3.04 ], "texture": "#voxels_palette" },
				"south": { "uv": [ 4.96, 0.96, 7.04, 3.04 ], "texture": "#voxels_palette" },
				"west": { "uv": [ 4.96, 0.96, 7.04, 3.04 ], "texture": "#voxels_palette" },
				"east": { "uv": [ 4.96, 0.96, 7.04, 3.04 ], "texture": "#voxels_palette" }
			}
		},
		{
			"__comment": "Voxels-727F86",
			"from": [ 9.3986, 7.049, 1.4545 ],
			"to": [ 9.846152, 7.160888, 2.461493 ],
			"faces": {
				"down": { "uv": [ 4.96, 0.96, 7.04, 3.04 ], "texture": "#voxels_palette" },
				"up": { "uv": [ 4.96, 0.96, 7.04, 3.04 ], "texture": "#voxels_palette" },
				"north": { "uv": [ 4.96, 0.96, 7.04, 3.04 ], "texture": "#voxels_palette" },
				"south": { "uv": [ 4.96, 0.96, 7.04, 3.04 ], "texture": "#voxels_palette" },
				"west": { "uv": [ 4.96, 0.96, 7.04, 3.04 ], "texture": "#voxels_palette" },
				"east": { "uv": [ 4.96, 0.96, 7.04, 3.04 ], "texture": "#voxels_palette" }
			}
		},
		{
			"__comment": "Voxels-A7993D",
			"from": [ 9.3986, 7.049, 2.4615 ],
			"to": [ 9.846152, 7.160888, 2.573388 ],
			"faces": {
				"down": { "uv": [ 12.96, 0.96, 15.04, 3.04 ], "texture": "#voxels_palette" },
				"up": { "uv": [ 12.96, 0.96, 15.04, 3.04 ], "texture": "#voxels_palette" },
				"north": { "uv": [ 12.96, 0.96, 15.04, 3.04 ], "texture": "#voxels_palette" },
				"south": { "uv": [ 12.96, 0.96, 15.04, 3.04 ], "texture": "#voxels_palette" },
				"west": { "uv": [ 12.96, 0.96, 15.04, 3.04 ], "texture": "#voxels_palette" },
				"east": { "uv": [ 12.96, 0.96, 15.04, 3.04 ], "texture": "#voxels_palette" }
			}
		},
		{
			"__comment": "Voxels-727F86",
			"from": [ 9.3986, 7.049, 2.5734 ],
			"to": [ 9.846152, 7.160888, 14.32165 ],
			"faces": {
				"down": { "uv": [ 4.96, 0.96, 7.04, 3.04 ], "texture": "#voxels_palette" },
				"up": { "uv": [ 4.96, 0.96, 7.04, 3.04 ], "texture": "#voxels_palette" },
				"north": { "uv": [ 4.96, 0.96, 7.04, 3.04 ], "texture": "#voxels_palette" },
				"south": { "uv": [ 4.96, 0.96, 7.04, 3.04 ], "texture": "#voxels_palette" },
				"west": { "uv": [ 4.96, 0.96, 7.04, 3.04 ], "texture": "#voxels_palette" },
				"east": { "uv": [ 4.96, 0.96, 7.04, 3.04 ], "texture": "#voxels_palette" }
			}
		},
		{
			"__comment": "Voxels-63645A",
			"from": [ 9.3986, 7.1608, 0.6713 ],
			"to": [ 9.846152, 7.608353, 1.118852 ],
			"faces": {
				"down": { "uv": [ 8.96, 0.96, 11.04, 3.04 ], "texture": "#voxels_palette" },
				"up": { "uv": [ 8.96, 0.96, 11.04, 3.04 ], "texture": "#voxels_palette" },
				"north": { "uv": [ 8.96, 0.96, 11.04, 3.04 ], "texture": "#voxels_palette" },
				"south": { "uv": [ 8.96, 0.96, 11.04, 3.04 ], "texture": "#voxels_palette" },
				"west": { "uv": [ 8.96, 0.96, 11.04, 3.04 ], "texture": "#voxels_palette" },
				"east": { "uv": [ 8.96, 0.96, 11.04, 3.04 ], "texture": "#voxels_palette" }
			}
		},
		{
			"__comment": "Voxels-63645A",
			"from": [ 9.3986, 7.1608, 1.1189 ],
			"to": [ 9.846152, 7.272688, 1.454564 ],
			"faces": {
				"down": { "uv": [ 8.96, 0.96, 11.04, 3.04 ], "texture": "#voxels_palette" },
				"up": { "uv": [ 8.96, 0.96, 11.04, 3.04 ], "texture": "#voxels_palette" },
				"north": { "uv": [ 8.96, 0.96, 11.04, 3.04 ], "texture": "#voxels_palette" },
				"south": { "uv": [ 8.96, 0.96, 11.04, 3.04 ], "texture": "#voxels_palette" },
				"west": { "uv": [ 8.96, 0.96, 11.04, 3.04 ], "texture": "#voxels_palette" },
				"east": { "uv": [ 8.96, 0.96, 11.04, 3.04 ], "texture": "#voxels_palette" }
			}
		},
		{
			"__comment": "Voxels-63645A",
			"from": [ 9.3986, 7.2727, 0.2238 ],
			"to": [ 9.846152, 7.496476, 0.6713524 ],
			"faces": {
				"down": { "uv": [ 8.96, 0.96, 11.04, 3.04 ], "texture": "#voxels_palette" },
				"up": { "uv": [ 8.96, 0.96, 11.04, 3.04 ], "texture": "#voxels_palette" },
				"north": { "uv": [ 8.96, 0.96, 11.04, 3.04 ], "texture": "#voxels_palette" },
				"south": { "uv": [ 8.96, 0.96, 11.04, 3.04 ], "texture": "#voxels_palette" },
				"west": { "uv": [ 8.96, 0.96, 11.04, 3.04 ], "texture": "#voxels_palette" },
				"east": { "uv": [ 8.96, 0.96, 11.04, 3.04 ], "texture": "#voxels_palette" }
			}
		},
		{
			"__comment": "Voxels-000000",
			"from": [ 9.3986, 7.2727, 14.2098 ],
			"to": [ 9.846152, 7.496476, 14.32169 ],
			"faces": {
				"down": { "uv": [ 0.96, 4.96, 3.04, 7.04 ], "texture": "#voxels_palette" },
				"up": { "uv": [ 0.96, 4.96, 3.04, 7.04 ], "texture": "#voxels_palette" },
				"north": { "uv": [ 0.96, 4.96, 3.04, 7.04 ], "texture": "#voxels_palette" },
				"south": { "uv": [ 0.96, 4.96, 3.04, 7.04 ], "texture": "#voxels_palette" },
				"west": { "uv": [ 0.96, 4.96, 3.04, 7.04 ], "texture": "#voxels_palette" },
				"east": { "uv": [ 0.96, 4.96, 3.04, 7.04 ], "texture": "#voxels_palette" }
			}
		},
		{
			"__comment": "Voxels-63645A",
			"from": [ 9.3986, 7.4965, 1.1189 ],
			"to": [ 9.846152, 7.608388, 1.454564 ],
			"faces": {
				"down": { "uv": [ 8.96, 0.96, 11.04, 3.04 ], "texture": "#voxels_palette" },
				"up": { "uv": [ 8.96, 0.96, 11.04, 3.04 ], "texture": "#voxels_palette" },
				"north": { "uv": [ 8.96, 0.96, 11.04, 3.04 ], "texture": "#voxels_palette" },
				"south": { "uv": [ 8.96, 0.96, 11.04, 3.04 ], "texture": "#voxels_palette" },
				"west": { "uv": [ 8.96, 0.96, 11.04, 3.04 ], "texture": "#voxels_palette" },
				"east": { "uv": [ 8.96, 0.96, 11.04, 3.04 ], "texture": "#voxels_palette" }
			}
		},
		{
			"__comment": "Voxels-727F86",
			"from": [ 9.3986, 7.6084, 1.4545 ],
			"to": [ 9.846152, 7.720288, 2.461493 ],
			"faces": {
				"down": { "uv": [ 4.96, 0.96, 7.04, 3.04 ], "texture": "#voxels_palette" },
				"up": { "uv": [ 4.96, 0.96, 7.04, 3.04 ], "texture": "#voxels_palette" },
				"north": { "uv": [ 4.96, 0.96, 7.04, 3.04 ], "texture": "#voxels_palette" },
				"south": { "uv": [ 4.96, 0.96, 7.04, 3.04 ], "texture": "#voxels_palette" },
				"west": { "uv": [ 4.96, 0.96, 7.04, 3.04 ], "texture": "#voxels_palette" },
				"east": { "uv": [ 4.96, 0.96, 7.04, 3.04 ], "texture": "#voxels_palette" }
			}
		},
		{
			"__comment": "Voxels-A7993D",
			"from": [ 9.3986, 7.6084, 2.4615 ],
			"to": [ 9.846152, 7.720288, 2.573388 ],
			"faces": {
				"down": { "uv": [ 12.96, 0.96, 15.04, 3.04 ], "texture": "#voxels_palette" },
				"up": { "uv": [ 12.96, 0.96, 15.04, 3.04 ], "texture": "#voxels_palette" },
				"north": { "uv": [ 12.96, 0.96, 15.04, 3.04 ], "texture": "#voxels_palette" },
				"south": { "uv": [ 12.96, 0.96, 15.04, 3.04 ], "texture": "#voxels_palette" },
				"west": { "uv": [ 12.96, 0.96, 15.04, 3.04 ], "texture": "#voxels_palette" },
				"east": { "uv": [ 12.96, 0.96, 15.04, 3.04 ], "texture": "#voxels_palette" }
			}
		},
		{
			"__comment": "Voxels-727F86",
			"from": [ 9.3986, 7.6084, 2.5734 ],
			"to": [ 9.846152, 7.720288, 14.32165 ],
			"faces": {
				"down": { "uv": [ 4.96, 0.96, 7.04, 3.04 ], "texture": "#voxels_palette" },
				"up": { "uv": [ 4.96, 0.96, 7.04, 3.04 ], "texture": "#voxels_palette" },
				"north": { "uv": [ 4.96, 0.96, 7.04, 3.04 ], "texture": "#voxels_palette" },
				"south": { "uv": [ 4.96, 0.96, 7.04, 3.04 ], "texture": "#voxels_palette" },
				"west": { "uv": [ 4.96, 0.96, 7.04, 3.04 ], "texture": "#voxels_palette" },
				"east": { "uv": [ 4.96, 0.96, 7.04, 3.04 ], "texture": "#voxels_palette" }
			}
		},
		{
			"__comment": "Voxels-727F86",
			"from": [ 9.5105, 6.042, 14.3217 ],
			"to": [ 9.734276, 6.937105, 14.43359 ],
			"faces": {
				"down": { "uv": [ 4.96, 0.96, 7.04, 3.04 ], "texture": "#voxels_palette" },
				"up": { "uv": [ 4.96, 0.96, 7.04, 3.04 ], "texture": "#voxels_palette" },
				"north": { "uv": [ 4.96, 0.96, 7.04, 3.04 ], "texture": "#voxels_palette" },
				"south": { "uv": [ 4.96, 0.96, 7.04, 3.04 ], "texture": "#voxels_palette" },
				"west": { "uv": [ 4.96, 0.96, 7.04, 3.04 ], "texture": "#voxels_palette" },
				"east": { "uv": [ 4.96, 0.96, 7.04, 3.04 ], "texture": "#voxels_palette" }
			}
		},
		{
			"__comment": "Voxels-727F86",
			"from": [ 9.5105, 6.042, 14.4336 ],
			"to": [ 9.734276, 6.825217, 14.54549 ],
			"faces": {
				"down": { "uv": [ 4.96, 0.96, 7.04, 3.04 ], "texture": "#voxels_palette" },
				"up": { "uv": [ 4.96, 0.96, 7.04, 3.04 ], "texture": "#voxels_palette" },
				"north": { "uv": [ 4.96, 0.96, 7.04, 3.04 ], "texture": "#voxels_palette" },
				"south": { "uv": [ 4.96, 0.96, 7.04, 3.04 ], "texture": "#voxels_palette" },
				"west": { "uv": [ 4.96, 0.96, 7.04, 3.04 ], "texture": "#voxels_palette" },
				"east": { "uv": [ 4.96, 0.96, 7.04, 3.04 ], "texture": "#voxels_palette" }
			}
		},
		{
			"__comment": "Voxels-727F86",
			"from": [ 9.5105, 6.042, 14.5455 ],
			"to": [ 9.734276, 6.713328, 14.65739 ],
			"faces": {
				"down": { "uv": [ 4.96, 0.96, 7.04, 3.04 ], "texture": "#voxels_palette" },
				"up": { "uv": [ 4.96, 0.96, 7.04, 3.04 ], "texture": "#voxels_palette" },
				"north": { "uv": [ 4.96, 0.96, 7.04, 3.04 ], "texture": "#voxels_palette" },
				"south": { "uv": [ 4.96, 0.96, 7.04, 3.04 ], "texture": "#voxels_palette" },
				"west": { "uv": [ 4.96, 0.96, 7.04, 3.04 ], "texture": "#voxels_palette" },
				"east": { "uv": [ 4.96, 0.96, 7.04, 3.04 ], "texture": "#voxels_palette" }
			}
		},
		{
			"__comment": "Voxels-727F86",
			"from": [ 9.5105, 6.042, 14.6573 ],
			"to": [ 9.734276, 6.60144, 14.76919 ],
			"faces": {
				"down": { "uv": [ 4.96, 0.96, 7.04, 3.04 ], "texture": "#voxels_palette" },
				"up": { "uv": [ 4.96, 0.96, 7.04, 3.04 ], "texture": "#voxels_palette" },
				"north": { "uv": [ 4.96, 0.96, 7.04, 3.04 ], "texture": "#voxels_palette" },
				"south": { "uv": [ 4.96, 0.96, 7.04, 3.04 ], "texture": "#voxels_palette" },
				"west": { "uv": [ 4.96, 0.96, 7.04, 3.04 ], "texture": "#voxels_palette" },
				"east": { "uv": [ 4.96, 0.96, 7.04, 3.04 ], "texture": "#voxels_palette" }
			}
		},
		{
			"__comment": "Voxels-727F86",
			"from": [ 9.5105, 6.042, 14.7692 ],
			"to": [ 9.734276, 6.489552, 14.88109 ],
			"faces": {
				"down": { "uv": [ 4.96, 0.96, 7.04, 3.04 ], "texture": "#voxels_palette" },
				"up": { "uv": [ 4.96, 0.96, 7.04, 3.04 ], "texture": "#voxels_palette" },
				"north": { "uv": [ 4.96, 0.96, 7.04, 3.04 ], "texture": "#voxels_palette" },
				"south": { "uv": [ 4.96, 0.96, 7.04, 3.04 ], "texture": "#voxels_palette" },
				"west": { "uv": [ 4.96, 0.96, 7.04, 3.04 ], "texture": "#voxels_palette" },
				"east": { "uv": [ 4.96, 0.96, 7.04, 3.04 ], "texture": "#voxels_palette" }
			}
		},
		{
			"__comment": "Voxels-727F86",
			"from": [ 9.5105, 6.042, 14.8811 ],
			"to": [ 9.734276, 6.377664, 14.99299 ],
			"faces": {
				"down": { "uv": [ 4.96, 0.96, 7.04, 3.04 ], "texture": "#voxels_palette" },
				"up": { "uv": [ 4.96, 0.96, 7.04, 3.04 ], "texture": "#voxels_palette" },
				"north": { "uv": [ 4.96, 0.96, 7.04, 3.04 ], "texture": "#voxels_palette" },
				"south": { "uv": [ 4.96, 0.96, 7.04, 3.04 ], "texture": "#voxels_palette" },
				"west": { "uv": [ 4.96, 0.96, 7.04, 3.04 ], "texture": "#voxels_palette" },
				"east": { "uv": [ 4.96, 0.96, 7.04, 3.04 ], "texture": "#voxels_palette" }
			}
		},
		{
			"__comment": "Voxels-727F86",
			"from": [ 9.5105, 6.042, 14.993 ],
			"to": [ 9.734276, 6.265776, 15.10489 ],
			"faces": {
				"down": { "uv": [ 4.96, 0.96, 7.04, 3.04 ], "texture": "#voxels_palette" },
				"up": { "uv": [ 4.96, 0.96, 7.04, 3.04 ], "texture": "#voxels_palette" },
				"north": { "uv": [ 4.96, 0.96, 7.04, 3.04 ], "texture": "#voxels_palette" },
				"south": { "uv": [ 4.96, 0.96, 7.04, 3.04 ], "texture": "#voxels_palette" },
				"west": { "uv": [ 4.96, 0.96, 7.04, 3.04 ], "texture": "#voxels_palette" },
				"east": { "uv": [ 4.96, 0.96, 7.04, 3.04 ], "texture": "#voxels_palette" }
			}
		},
		{
			"__comment": "Voxels-727F86",
			"from": [ 9.5105, 6.042, 15.1049 ],
			"to": [ 9.734276, 6.153888, 15.21679 ],
			"faces": {
				"down": { "uv": [ 4.96, 0.96, 7.04, 3.04 ], "texture": "#voxels_palette" },
				"up": { "uv": [ 4.96, 0.96, 7.04, 3.04 ], "texture": "#voxels_palette" },
				"north": { "uv": [ 4.96, 0.96, 7.04, 3.04 ], "texture": "#voxels_palette" },
				"south": { "uv": [ 4.96, 0.96, 7.04, 3.04 ], "texture": "#voxels_palette" },
				"west": { "uv": [ 4.96, 0.96, 7.04, 3.04 ], "texture": "#voxels_palette" },
				"east": { "uv": [ 4.96, 0.96, 7.04, 3.04 ], "texture": "#voxels_palette" }
			}
		},
		{
			"__comment": "Voxels-727F86",
			"from": [ 9.5105, 6.1538, 14.2098 ],
			"to": [ 9.734276, 7.048905, 14.32169 ],
			"faces": {
				"down": { "uv": [ 4.96, 0.96, 7.04, 3.04 ], "texture": "#voxels_palette" },
				"up": { "uv": [ 4.96, 0.96, 7.04, 3.04 ], "texture": "#voxels_palette" },
				"north": { "uv": [ 4.96, 0.96, 7.04, 3.04 ], "texture": "#voxels_palette" },
				"south": { "uv": [ 4.96, 0.96, 7.04, 3.04 ], "texture": "#voxels_palette" },
				"west": { "uv": [ 4.96, 0.96, 7.04, 3.04 ], "texture": "#voxels_palette" },
				"east": { "uv": [ 4.96, 0.96, 7.04, 3.04 ], "texture": "#voxels_palette" }
			}
		},
		{
			"__comment": "Voxels-727F86",
			"from": [ 9.5105, 6.2657, 14.0979 ],
			"to": [ 9.734276, 7.048917, 14.20979 ],
			"faces": {
				"down": { "uv": [ 4.96, 0.96, 7.04, 3.04 ], "texture": "#voxels_palette" },
				"up": { "uv": [ 4.96, 0.96, 7.04, 3.04 ], "texture": "#voxels_palette" },
				"north": { "uv": [ 4.96, 0.96, 7.04, 3.04 ], "texture": "#voxels_palette" },
				"south": { "uv": [ 4.96, 0.96, 7.04, 3.04 ], "texture": "#voxels_palette" },
				"west": { "uv": [ 4.96, 0.96, 7.04, 3.04 ], "texture": "#voxels_palette" },
				"east": { "uv": [ 4.96, 0.96, 7.04, 3.04 ], "texture": "#voxels_palette" }
			}
		},
		{
			"__comment": "Voxels-727F86",
			"from": [ 9.5105, 6.3776, 13.986 ],
			"to": [ 9.734276, 7.048928, 14.09789 ],
			"faces": {
				"down": { "uv": [ 4.96, 0.96, 7.04, 3.04 ], "texture": "#voxels_palette" },
				"up": { "uv": [ 4.96, 0.96, 7.04, 3.04 ], "texture": "#voxels_palette" },
				"north": { "uv": [ 4.96, 0.96, 7.04, 3.04 ], "texture": "#voxels_palette" },
				"south": { "uv": [ 4.96, 0.96, 7.04, 3.04 ], "texture": "#voxels_palette" },
				"west": { "uv": [ 4.96, 0.96, 7.04, 3.04 ], "texture": "#voxels_palette" },
				"east": { "uv": [ 4.96, 0.96, 7.04, 3.04 ], "texture": "#voxels_palette" }
			}
		},
		{
			"__comment": "Voxels-727F86",
			"from": [ 9.5105, 6.4895, 13.8741 ],
			"to": [ 9.734276, 7.048941, 13.98599 ],
			"faces": {
				"down": { "uv": [ 4.96, 0.96, 7.04, 3.04 ], "texture": "#voxels_palette" },
				"up": { "uv": [ 4.96, 0.96, 7.04, 3.04 ], "texture": "#voxels_palette" },
				"north": { "uv": [ 4.96, 0.96, 7.04, 3.04 ], "texture": "#voxels_palette" },
				"south": { "uv": [ 4.96, 0.96, 7.04, 3.04 ], "texture": "#voxels_palette" },
				"west": { "uv": [ 4.96, 0.96, 7.04, 3.04 ], "texture": "#voxels_palette" },
				"east": { "uv": [ 4.96, 0.96, 7.04, 3.04 ], "texture": "#voxels_palette" }
			}
		},
		{
			"__comment": "Voxels-727F86",
			"from": [ 9.5105, 6.6014, 13.7622 ],
			"to": [ 9.734276, 7.048952, 13.87409 ],
			"faces": {
				"down": { "uv": [ 4.96, 0.96, 7.04, 3.04 ], "texture": "#voxels_palette" },
				"up": { "uv": [ 4.96, 0.96, 7.04, 3.04 ], "texture": "#voxels_palette" },
				"north": { "uv": [ 4.96, 0.96, 7.04, 3.04 ], "texture": "#voxels_palette" },
				"south": { "uv": [ 4.96, 0.96, 7.04, 3.04 ], "texture": "#voxels_palette" },
				"west": { "uv": [ 4.96, 0.96, 7.04, 3.04 ], "texture": "#voxels_palette" },
				"east": { "uv": [ 4.96, 0.96, 7.04, 3.04 ], "texture": "#voxels_palette" }
			}
		},
		{
			"__comment": "Voxels-727F86",
			"from": [ 9.5105, 6.7133, 13.6504 ],
			"to": [ 9.734276, 7.048964, 13.76229 ],
			"faces": {
				"down": { "uv": [ 4.96, 0.96, 7.04, 3.04 ], "texture": "#voxels_palette" },
				"up": { "uv": [ 4.96, 0.96, 7.04, 3.04 ], "texture": "#voxels_palette" },
				"north": { "uv": [ 4.96, 0.96, 7.04, 3.04 ], "texture": "#voxels_palette" },
				"south": { "uv": [ 4.96, 0.96, 7.04, 3.04 ], "texture": "#voxels_palette" },
				"west": { "uv": [ 4.96, 0.96, 7.04, 3.04 ], "texture": "#voxels_palette" },
				"east": { "uv": [ 4.96, 0.96, 7.04, 3.04 ], "texture": "#voxels_palette" }
			}
		},
		{
			"__comment": "Voxels-727F86",
			"from": [ 9.5105, 6.8252, 13.5385 ],
			"to": [ 9.734276, 7.048976, 13.65039 ],
			"faces": {
				"down": { "uv": [ 4.96, 0.96, 7.04, 3.04 ], "texture": "#voxels_palette" },
				"up": { "uv": [ 4.96, 0.96, 7.04, 3.04 ], "texture": "#voxels_palette" },
				"north": { "uv": [ 4.96, 0.96, 7.04, 3.04 ], "texture": "#voxels_palette" },
				"south": { "uv": [ 4.96, 0.96, 7.04, 3.04 ], "texture": "#voxels_palette" },
				"west": { "uv": [ 4.96, 0.96, 7.04, 3.04 ], "texture": "#voxels_palette" },
				"east": { "uv": [ 4.96, 0.96, 7.04, 3.04 ], "texture": "#voxels_palette" }
			}
		},
		{
			"__comment": "Voxels-727F86",
			"from": [ 9.5105, 6.9371, 13.4266 ],
			"to": [ 9.734276, 7.048988, 13.53849 ],
			"faces": {
				"down": { "uv": [ 4.96, 0.96, 7.04, 3.04 ], "texture": "#voxels_palette" },
				"up": { "uv": [ 4.96, 0.96, 7.04, 3.04 ], "texture": "#voxels_palette" },
				"north": { "uv": [ 4.96, 0.96, 7.04, 3.04 ], "texture": "#voxels_palette" },
				"south": { "uv": [ 4.96, 0.96, 7.04, 3.04 ], "texture": "#voxels_palette" },
				"west": { "uv": [ 4.96, 0.96, 7.04, 3.04 ], "texture": "#voxels_palette" },
				"east": { "uv": [ 4.96, 0.96, 7.04, 3.04 ], "texture": "#voxels_palette" }
			}
		},
		{
			"__comment": "Voxels-63645A",
			"from": [ 9.5105, 7.049, 1.1189 ],
			"to": [ 9.734276, 7.160888, 1.454564 ],
			"faces": {
				"down": { "uv": [ 8.96, 0.96, 11.04, 3.04 ], "texture": "#voxels_palette" },
				"up": { "uv": [ 8.96, 0.96, 11.04, 3.04 ], "texture": "#voxels_palette" },
				"north": { "uv": [ 8.96, 0.96, 11.04, 3.04 ], "texture": "#voxels_palette" },
				"south": { "uv": [ 8.96, 0.96, 11.04, 3.04 ], "texture": "#voxels_palette" },
				"west": { "uv": [ 8.96, 0.96, 11.04, 3.04 ], "texture": "#voxels_palette" },
				"east": { "uv": [ 8.96, 0.96, 11.04, 3.04 ], "texture": "#voxels_palette" }
			}
		},
		{
			"__comment": "Voxels-63645A",
			"from": [ 9.5105, 7.1608, 0.2238 ],
			"to": [ 9.734276, 7.272688, 0.6713524 ],
			"faces": {
				"down": { "uv": [ 8.96, 0.96, 11.04, 3.04 ], "texture": "#voxels_palette" },
				"up": { "uv": [ 8.96, 0.96, 11.04, 3.04 ], "texture": "#voxels_palette" },
				"north": { "uv": [ 8.96, 0.96, 11.04, 3.04 ], "texture": "#voxels_palette" },
				"south": { "uv": [ 8.96, 0.96, 11.04, 3.04 ], "texture": "#voxels_palette" },
				"west": { "uv": [ 8.96, 0.96, 11.04, 3.04 ], "texture": "#voxels_palette" },
				"east": { "uv": [ 8.96, 0.96, 11.04, 3.04 ], "texture": "#voxels_palette" }
			}
		},
		{
			"__comment": "Voxels-000000",
			"from": [ 9.5105, 7.1608, 14.2098 ],
			"to": [ 9.734276, 7.272688, 14.32169 ],
			"faces": {
				"down": { "uv": [ 0.96, 4.96, 3.04, 7.04 ], "texture": "#voxels_palette" },
				"up": { "uv": [ 0.96, 4.96, 3.04, 7.04 ], "texture": "#voxels_palette" },
				"north": { "uv": [ 0.96, 4.96, 3.04, 7.04 ], "texture": "#voxels_palette" },
				"south": { "uv": [ 0.96, 4.96, 3.04, 7.04 ], "texture": "#voxels_palette" },
				"west": { "uv": [ 0.96, 4.96, 3.04, 7.04 ], "texture": "#voxels_palette" },
				"east": { "uv": [ 0.96, 4.96, 3.04, 7.04 ], "texture": "#voxels_palette" }
			}
		},
		{
			"__comment": "Voxels-63645A",
			"from": [ 9.5105, 7.2727, 0 ],
			"to": [ 9.734276, 7.496476, 0.2237762 ],
			"faces": {
				"down": { "uv": [ 8.96, 0.96, 11.04, 3.04 ], "texture": "#voxels_palette" },
				"up": { "uv": [ 8.96, 0.96, 11.04, 3.04 ], "texture": "#voxels_palette" },
				"north": { "uv": [ 8.96, 0.96, 11.04, 3.04 ], "texture": "#voxels_palette" },
				"south": { "uv": [ 8.96, 0.96, 11.04, 3.04 ], "texture": "#voxels_palette" },
				"west": { "uv": [ 8.96, 0.96, 11.04, 3.04 ], "texture": "#voxels_palette" },
				"east": { "uv": [ 8.96, 0.96, 11.04, 3.04 ], "texture": "#voxels_palette" }
			}
		},
		{
			"__comment": "Voxels-63645A",
			"from": [ 9.5105, 7.4965, 0.2238 ],
			"to": [ 9.734276, 7.608388, 0.6713524 ],
			"faces": {
				"down": { "uv": [ 8.96, 0.96, 11.04, 3.04 ], "texture": "#voxels_palette" },
				"up": { "uv": [ 8.96, 0.96, 11.04, 3.04 ], "texture": "#voxels_palette" },
				"north": { "uv": [ 8.96, 0.96, 11.04, 3.04 ], "texture": "#voxels_palette" },
				"south": { "uv": [ 8.96, 0.96, 11.04, 3.04 ], "texture": "#voxels_palette" },
				"west": { "uv": [ 8.96, 0.96, 11.04, 3.04 ], "texture": "#voxels_palette" },
				"east": { "uv": [ 8.96, 0.96, 11.04, 3.04 ], "texture": "#voxels_palette" }
			}
		},
		{
			"__comment": "Voxels-000000",
			"from": [ 9.5105, 7.4965, 14.2098 ],
			"to": [ 9.734276, 7.608388, 14.32169 ],
			"faces": {
				"down": { "uv": [ 0.96, 4.96, 3.04, 7.04 ], "texture": "#voxels_palette" },
				"up": { "uv": [ 0.96, 4.96, 3.04, 7.04 ], "texture": "#voxels_palette" },
				"north": { "uv": [ 0.96, 4.96, 3.04, 7.04 ], "texture": "#voxels_palette" },
				"south": { "uv": [ 0.96, 4.96, 3.04, 7.04 ], "texture": "#voxels_palette" },
				"west": { "uv": [ 0.96, 4.96, 3.04, 7.04 ], "texture": "#voxels_palette" },
				"east": { "uv": [ 0.96, 4.96, 3.04, 7.04 ], "texture": "#voxels_palette" }
			}
		},
		{
			"__comment": "Voxels-63645A",
			"from": [ 9.5105, 7.6084, 1.1189 ],
			"to": [ 9.734276, 7.720288, 1.454564 ],
			"faces": {
				"down": { "uv": [ 8.96, 0.96, 11.04, 3.04 ], "texture": "#voxels_palette" },
				"up": { "uv": [ 8.96, 0.96, 11.04, 3.04 ], "texture": "#voxels_palette" },
				"north": { "uv": [ 8.96, 0.96, 11.04, 3.04 ], "texture": "#voxels_palette" },
				"south": { "uv": [ 8.96, 0.96, 11.04, 3.04 ], "texture": "#voxels_palette" },
				"west": { "uv": [ 8.96, 0.96, 11.04, 3.04 ], "texture": "#voxels_palette" },
				"east": { "uv": [ 8.96, 0.96, 11.04, 3.04 ], "texture": "#voxels_palette" }
			}
		},
		{
			"__comment": "Voxels-727F86",
			"from": [ 9.5105, 7.7203, 13.4266 ],
			"to": [ 9.734276, 7.832188, 14.3217 ],
			"faces": {
				"down": { "uv": [ 4.96, 0.96, 7.04, 3.04 ], "texture": "#voxels_palette" },
				"up": { "uv": [ 4.96, 0.96, 7.04, 3.04 ], "texture": "#voxels_palette" },
				"north": { "uv": [ 4.96, 0.96, 7.04, 3.04 ], "texture": "#voxels_palette" },
				"south": { "uv": [ 4.96, 0.96, 7.04, 3.04 ], "texture": "#voxels_palette" },
				"west": { "uv": [ 4.96, 0.96, 7.04, 3.04 ], "texture": "#voxels_palette" },
				"east": { "uv": [ 4.96, 0.96, 7.04, 3.04 ], "texture": "#voxels_palette" }
			}
		},
		{
			"__comment": "Voxels-727F86",
			"from": [ 9.5105, 7.8322, 13.5385 ],
			"to": [ 9.734276, 7.944088, 14.43361 ],
			"faces": {
				"down": { "uv": [ 4.96, 0.96, 7.04, 3.04 ], "texture": "#voxels_palette" },
				"up": { "uv": [ 4.96, 0.96, 7.04, 3.04 ], "texture": "#voxels_palette" },
				"north": { "uv": [ 4.96, 0.96, 7.04, 3.04 ], "texture": "#voxels_palette" },
				"south": { "uv": [ 4.96, 0.96, 7.04, 3.04 ], "texture": "#voxels_palette" },
				"west": { "uv": [ 4.96, 0.96, 7.04, 3.04 ], "texture": "#voxels_palette" },
				"east": { "uv": [ 4.96, 0.96, 7.04, 3.04 ], "texture": "#voxels_palette" }
			}
		},
		{
			"__comment": "Voxels-727F86",
			"from": [ 9.5105, 7.9441, 13.6504 ],
			"to": [ 9.734276, 8.055988, 14.5455 ],
			"faces": {
				"down": { "uv": [ 4.96, 0.96, 7.04, 3.04 ], "texture": "#voxels_palette" },
				"up": { "uv": [ 4.96, 0.96, 7.04, 3.04 ], "texture": "#voxels_palette" },
				"north": { "uv": [ 4.96, 0.96, 7.04, 3.04 ], "texture": "#voxels_palette" },
				"south": { "uv": [ 4.96, 0.96, 7.04, 3.04 ], "texture": "#voxels_palette" },
				"west": { "uv": [ 4.96, 0.96, 7.04, 3.04 ], "texture": "#voxels_palette" },
				"east": { "uv": [ 4.96, 0.96, 7.04, 3.04 ], "texture": "#voxels_palette" }
			}
		},
		{
			"__comment": "Voxels-727F86",
			"from": [ 9.5105, 8.0559, 13.7622 ],
			"to": [ 9.734276, 8.167788, 14.6573 ],
			"faces": {
				"down": { "uv": [ 4.96, 0.96, 7.04, 3.04 ], "texture": "#voxels_palette" },
				"up": { "uv": [ 4.96, 0.96, 7.04, 3.04 ], "texture": "#voxels_palette" },
				"north": { "uv": [ 4.96, 0.96, 7.04, 3.04 ], "texture": "#voxels_palette" },
				"south": { "uv": [ 4.96, 0.96, 7.04, 3.04 ], "texture": "#voxels_palette" },
				"west": { "uv": [ 4.96, 0.96, 7.04, 3.04 ], "texture": "#voxels_palette" },
				"east": { "uv": [ 4.96, 0.96, 7.04, 3.04 ], "texture": "#voxels_palette" }
			}
		},
		{
			"__comment": "Voxels-727F86",
			"from": [ 9.5105, 8.1678, 13.8741 ],
			"to": [ 9.734276, 8.279688, 14.76921 ],
			"faces": {
				"down": { "uv": [ 4.96, 0.96, 7.04, 3.04 ], "texture": "#voxels_palette" },
				"up": { "uv": [ 4.96, 0.96, 7.04, 3.04 ], "texture": "#voxels_palette" },
				"north": { "uv": [ 4.96, 0.96, 7.04, 3.04 ], "texture": "#voxels_palette" },
				"south": { "uv": [ 4.96, 0.96, 7.04, 3.04 ], "texture": "#voxels_palette" },
				"west": { "uv": [ 4.96, 0.96, 7.04, 3.04 ], "texture": "#voxels_palette" },
				"east": { "uv": [ 4.96, 0.96, 7.04, 3.04 ], "texture": "#voxels_palette" }
			}
		},
		{
			"__comment": "Voxels-727F86",
			"from": [ 9.5105, 8.279699, 13.986 ],
			"to": [ 9.734276, 8.391587, 14.88111 ],
			"faces": {
				"down": { "uv": [ 4.96, 0.96, 7.04, 3.04 ], "texture": "#voxels_palette" },
				"up": { "uv": [ 4.96, 0.96, 7.04, 3.04 ], "texture": "#voxels_palette" },
				"north": { "uv": [ 4.96, 0.96, 7.04, 3.04 ], "texture": "#voxels_palette" },
				"south": { "uv": [ 4.96, 0.96, 7.04, 3.04 ], "texture": "#voxels_palette" },
				"west": { "uv": [ 4.96, 0.96, 7.04, 3.04 ], "texture": "#voxels_palette" },
				"east": { "uv": [ 4.96, 0.96, 7.04, 3.04 ], "texture": "#voxels_palette" }
			}
		},
		{
			"__comment": "Voxels-727F86",
			"from": [ 9.5105, 8.3916, 14.0979 ],
			"to": [ 9.734276, 8.503488, 14.993 ],
			"faces": {
				"down": { "uv": [ 4.96, 0.96, 7.04, 3.04 ], "texture": "#voxels_palette" },
				"up": { "uv": [ 4.96, 0.96, 7.04, 3.04 ], "texture": "#voxels_palette" },
				"north": { "uv": [ 4.96, 0.96, 7.04, 3.04 ], "texture": "#voxels_palette" },
				"south": { "uv": [ 4.96, 0.96, 7.04, 3.04 ], "texture": "#voxels_palette" },
				"west": { "uv": [ 4.96, 0.96, 7.04, 3.04 ], "texture": "#voxels_palette" },
				"east": { "uv": [ 4.96, 0.96, 7.04, 3.04 ], "texture": "#voxels_palette" }
			}
		},
		{
			"__comment": "Voxels-727F86",
			"from": [ 9.5105, 8.5035, 14.2098 ],
			"to": [ 9.734276, 8.615388, 15.1049 ],
			"faces": {
				"down": { "uv": [ 4.96, 0.96, 7.04, 3.04 ], "texture": "#voxels_palette" },
				"up": { "uv": [ 4.96, 0.96, 7.04, 3.04 ], "texture": "#voxels_palette" },
				"north": { "uv": [ 4.96, 0.96, 7.04, 3.04 ], "texture": "#voxels_palette" },
				"south": { "uv": [ 4.96, 0.96, 7.04, 3.04 ], "texture": "#voxels_palette" },
				"west": { "uv": [ 4.96, 0.96, 7.04, 3.04 ], "texture": "#voxels_palette" },
				"east": { "uv": [ 4.96, 0.96, 7.04, 3.04 ], "texture": "#voxels_palette" }
			}
		},
		{
			"__comment": "Voxels-727F86",
			"from": [ 9.5105, 8.615399, 14.4336 ],
			"to": [ 9.734276, 8.727287, 15.21682 ],
			"faces": {
				"down": { "uv": [ 4.96, 0.96, 7.04, 3.04 ], "texture": "#voxels_palette" },
				"up": { "uv": [ 4.96, 0.96, 7.04, 3.04 ], "texture": "#voxels_palette" },
				"north": { "uv": [ 4.96, 0.96, 7.04, 3.04 ], "texture": "#voxels_palette" },
				"south": { "uv": [ 4.96, 0.96, 7.04, 3.04 ], "texture": "#voxels_palette" },
				"west": { "uv": [ 4.96, 0.96, 7.04, 3.04 ], "texture": "#voxels_palette" },
				"east": { "uv": [ 4.96, 0.96, 7.04, 3.04 ], "texture": "#voxels_palette" }
			}
		},
		{
			"__comment": "Voxels-727F86",
			"from": [ 9.7343, 7.1608, 14.2098 ],
			"to": [ 9.958076, 7.272688, 14.32169 ],
			"faces": {
				"down": { "uv": [ 4.96, 0.96, 7.04, 3.04 ], "texture": "#voxels_palette" },
				"up": { "uv": [ 4.96, 0.96, 7.04, 3.04 ], "texture": "#voxels_palette" },
				"north": { "uv": [ 4.96, 0.96, 7.04, 3.04 ], "texture": "#voxels_palette" },
				"south": { "uv": [ 4.96, 0.96, 7.04, 3.04 ], "texture": "#voxels_palette" },
				"west": { "uv": [ 4.96, 0.96, 7.04, 3.04 ], "texture": "#voxels_palette" },
				"east": { "uv": [ 4.96, 0.96, 7.04, 3.04 ], "texture": "#voxels_palette" }
			}
		},
		{
			"__comment": "Voxels-727F86",
			"from": [ 9.7343, 7.4965, 14.2098 ],
			"to": [ 9.958076, 7.608388, 14.32169 ],
			"faces": {
				"down": { "uv": [ 4.96, 0.96, 7.04, 3.04 ], "texture": "#voxels_palette" },
				"up": { "uv": [ 4.96, 0.96, 7.04, 3.04 ], "texture": "#voxels_palette" },
				"north": { "uv": [ 4.96, 0.96, 7.04, 3.04 ], "texture": "#voxels_palette" },
				"south": { "uv": [ 4.96, 0.96, 7.04, 3.04 ], "texture": "#voxels_palette" },
				"west": { "uv": [ 4.96, 0.96, 7.04, 3.04 ], "texture": "#voxels_palette" },
				"east": { "uv": [ 4.96, 0.96, 7.04, 3.04 ], "texture": "#voxels_palette" }
			}
		},
		{
			"__comment": "Voxels-727F86",
			"from": [ 9.8462, 7.2727, 14.2098 ],
			"to": [ 10.85319, 7.496476, 14.32169 ],
			"faces": {
				"down": { "uv": [ 4.96, 0.96, 7.04, 3.04 ], "texture": "#voxels_palette" },
				"up": { "uv": [ 4.96, 0.96, 7.04, 3.04 ], "texture": "#voxels_palette" },
				"north": { "uv": [ 4.96, 0.96, 7.04, 3.04 ], "texture": "#voxels_palette" },
				"south": { "uv": [ 4.96, 0.96, 7.04, 3.04 ], "texture": "#voxels_palette" },
				"west": { "uv": [ 4.96, 0.96, 7.04, 3.04 ], "texture": "#voxels_palette" },
				"east": { "uv": [ 4.96, 0.96, 7.04, 3.04 ], "texture": "#voxels_palette" }
			}
		},
		{
			"__comment": "Voxels-727F86",
			"from": [ 10.0699, 7.2727, 14.3217 ],
			"to": [ 10.85312, 7.496476, 14.43359 ],
			"faces": {
				"down": { "uv": [ 4.96, 0.96, 7.04, 3.04 ], "texture": "#voxels_palette" },
				"up": { "uv": [ 4.96, 0.96, 7.04, 3.04 ], "texture": "#voxels_palette" },
				"north": { "uv": [ 4.96, 0.96, 7.04, 3.04 ], "texture": "#voxels_palette" },
				"south": { "uv": [ 4.96, 0.96, 7.04, 3.04 ], "texture": "#voxels_palette" },
				"west": { "uv": [ 4.96, 0.96, 7.04, 3.04 ], "texture": "#voxels_palette" },
				"east": { "uv": [ 4.96, 0.96, 7.04, 3.04 ], "texture": "#voxels_palette" }
			}
		},
		{
			"__comment": "Voxels-727F86",
			"from": [ 10.1818, 7.2727, 14.4336 ],
			"to": [ 10.96502, 7.496476, 14.54549 ],
			"faces": {
				"down": { "uv": [ 4.96, 0.96, 7.04, 3.04 ], "texture": "#voxels_palette" },
				"up": { "uv": [ 4.96, 0.96, 7.04, 3.04 ], "texture": "#voxels_palette" },
				"north": { "uv": [ 4.96, 0.96, 7.04, 3.04 ], "texture": "#voxels_palette" },
				"south": { "uv": [ 4.96, 0.96, 7.04, 3.04 ], "texture": "#voxels_palette" },
				"west": { "uv": [ 4.96, 0.96, 7.04, 3.04 ], "texture": "#voxels_palette" },
				"east": { "uv": [ 4.96, 0.96, 7.04, 3.04 ], "texture": "#voxels_palette" }
			}
		},
		{
			"__comment": "Voxels-727F86",
			"from": [ 10.2937, 7.2727, 14.5455 ],
			"to": [ 10.96503, 7.496476, 14.65739 ],
			"faces": {
				"down": { "uv": [ 4.96, 0.96, 7.04, 3.04 ], "texture": "#voxels_palette" },
				"up": { "uv": [ 4.96, 0.96, 7.04, 3.04 ], "texture": "#voxels_palette" },
				"north": { "uv": [ 4.96, 0.96, 7.04, 3.04 ], "texture": "#voxels_palette" },
				"south": { "uv": [ 4.96, 0.96, 7.04, 3.04 ], "texture": "#voxels_palette" },
				"west": { "uv": [ 4.96, 0.96, 7.04, 3.04 ], "texture": "#voxels_palette" },
				"east": { "uv": [ 4.96, 0.96, 7.04, 3.04 ], "texture": "#voxels_palette" }
			}
		},
		{
			"__comment": "Voxels-727F86",
			"from": [ 10.4056, 7.2727, 14.6573 ],
			"to": [ 10.96504, 7.496476, 14.76919 ],
			"faces": {
				"down": { "uv": [ 4.96, 0.96, 7.04, 3.04 ], "texture": "#voxels_palette" },
				"up": { "uv": [ 4.96, 0.96, 7.04, 3.04 ], "texture": "#voxels_palette" },
				"north": { "uv": [ 4.96, 0.96, 7.04, 3.04 ], "texture": "#voxels_palette" },
				"south": { "uv": [ 4.96, 0.96, 7.04, 3.04 ], "texture": "#voxels_palette" },
				"west": { "uv": [ 4.96, 0.96, 7.04, 3.04 ], "texture": "#voxels_palette" },
				"east": { "uv": [ 4.96, 0.96, 7.04, 3.04 ], "texture": "#voxels_palette" }
			}
		},
		{
			"__comment": "Voxels-727F86",
			"from": [ 10.5175, 7.2727, 14.7692 ],
			"to": [ 10.96505, 7.496476, 14.88109 ],
			"faces": {
				"down": { "uv": [ 4.96, 0.96, 7.04, 3.04 ], "texture": "#voxels_palette" },
				"up": { "uv": [ 4.96, 0.96, 7.04, 3.04 ], "texture": "#voxels_palette" },
				"north": { "uv": [ 4.96, 0.96, 7.04, 3.04 ], "texture": "#voxels_palette" },
				"south": { "uv": [ 4.96, 0.96, 7.04, 3.04 ], "texture": "#voxels_palette" },
				"west": { "uv": [ 4.96, 0.96, 7.04, 3.04 ], "texture": "#voxels_palette" },
				"east": { "uv": [ 4.96, 0.96, 7.04, 3.04 ], "texture": "#voxels_palette" }
			}
		},
		{
			"__comment": "Voxels-727F86",
			"from": [ 10.6294, 7.2727, 14.8811 ],
			"to": [ 10.96506, 7.496476, 14.99299 ],
			"faces": {
				"down": { "uv": [ 4.96, 0.96, 7.04, 3.04 ], "texture": "#voxels_palette" },
				"up": { "uv": [ 4.96, 0.96, 7.04, 3.04 ], "texture": "#voxels_palette" },
				"north": { "uv": [ 4.96, 0.96, 7.04, 3.04 ], "texture": "#voxels_palette" },
				"south": { "uv": [ 4.96, 0.96, 7.04, 3.04 ], "texture": "#voxels_palette" },
				"west": { "uv": [ 4.96, 0.96, 7.04, 3.04 ], "texture": "#voxels_palette" },
				"east": { "uv": [ 4.96, 0.96, 7.04, 3.04 ], "texture": "#voxels_palette" }
			}
		},
		{
			"__comment": "Voxels-727F86",
			"from": [ 10.7413, 7.2727, 14.993 ],
			"to": [ 10.96508, 7.496476, 15.10489 ],
			"faces": {
				"down": { "uv": [ 4.96, 0.96, 7.04, 3.04 ], "texture": "#voxels_palette" },
				"up": { "uv": [ 4.96, 0.96, 7.04, 3.04 ], "texture": "#voxels_palette" },
				"north": { "uv": [ 4.96, 0.96, 7.04, 3.04 ], "texture": "#voxels_palette" },
				"south": { "uv": [ 4.96, 0.96, 7.04, 3.04 ], "texture": "#voxels_palette" },
				"west": { "uv": [ 4.96, 0.96, 7.04, 3.04 ], "texture": "#voxels_palette" },
				"east": { "uv": [ 4.96, 0.96, 7.04, 3.04 ], "texture": "#voxels_palette" }
			}
		},
		{
			"__comment": "Voxels-727F86",
			"from": [ 10.8531, 7.2727, 15.1049 ],
			"to": [ 10.96499, 7.496476, 15.21679 ],
			"faces": {
				"down": { "uv": [ 4.96, 0.96, 7.04, 3.04 ], "texture": "#voxels_palette" },
				"up": { "uv": [ 4.96, 0.96, 7.04, 3.04 ], "texture": "#voxels_palette" },
				"north": { "uv": [ 4.96, 0.96, 7.04, 3.04 ], "texture": "#voxels_palette" },
				"south": { "uv": [ 4.96, 0.96, 7.04, 3.04 ], "texture": "#voxels_palette" },
				"west": { "uv": [ 4.96, 0.96, 7.04, 3.04 ], "texture": "#voxels_palette" },
				"east": { "uv": [ 4.96, 0.96, 7.04, 3.04 ], "texture": "#voxels_palette" }
			}
		}
	],
	"display": {
		"thirdperson_righthand": {
			"translation":  [ -2.6, -1.1, 9 ],
			"scale":  [ 1.6, 1.6, 1.6 ]
		}
	}
}