{
	"__comment": "Designed by Uran2471 with Cubik Studio - https://cubik.studio",
	"textures": {
		"particle": "items/particle",
		"texture": "items/texture",
		"no25bomb": "custom/no25bomb"
	},
	"elements": [ 	 
		{
			"__comment": "Voxels",
			"from": [ 4, 7, -5 ],
			"to": [ 13, 12, 14 ],
			"faces": {
				"down": { "uv": [ 0, 11.25, 2.25, 16 ], "texture": "#no25bomb" },
				"up": { "uv": [ 0, 11.25, 2.25, 6.5 ], "texture": "#no25bomb" },
				"north": { "uv": [ 2.25, 0.25, 0, 1.5 ], "texture": "#no25bomb" },
				"south": { "uv": [ 6.5, 12.25, 8.75, 13.5 ], "texture": "#no25bomb" },
				"west": { "uv": [ 6.5, 14.75, 11.25, 16 ], "texture": "#no25bomb" },
				"east": { "uv": [ 11.25, 13.5, 6.5, 14.75 ], "texture": "#no25bomb" }
			}
		},
		{
			"__comment": "Voxels",
			"from": [ 4, 8, -7 ],
			"to": [ 13, 11, -5 ],
			"faces": {
				"down": { "uv": [ 4.75, 7.75, 7, 8.25 ], "texture": "#no25bomb" },
				"up": { "uv": [ 4.75, 8.75, 7, 8.25 ], "texture": "#no25bomb" },
				"north": { "uv": [ 16, 13, 13.75, 13.75 ], "texture": "#no25bomb" },
				"south": { "uv": [ 13.75, 12.25, 16, 13 ], "texture": "#no25bomb" },
				"west": { "uv": [ 6.5, 0, 7, 0.75 ], "texture": "#no25bomb" },
				"east": { "uv": [ 8.75, 5.5, 8.25, 6.25 ], "texture": "#no25bomb" }
			}
		},
		{
			"__comment": "Voxels",
			"from": [ 4, 8, 14 ],
			"to": [ 13, 11, 15 ],
			"faces": {
				"down": { "uv": [ 0, 0, 2.25, 0.25 ], "texture": "#no25bomb" },
				"up": { "uv": [ 6.5, 11, 8.75, 10.75 ], "texture": "#no25bomb" },
				"north": { "uv": [ 16, 11.5, 13.75, 12.25 ], "texture": "#no25bomb" },
				"south": { "uv": [ 13.75, 10.75, 16, 11.5 ], "texture": "#no25bomb" },
				"west": { "uv": [ 4.5, 2, 4.75, 2.75 ], "texture": "#no25bomb" },
				"east": { "uv": [ 8.75, 4, 8.5, 4.75 ], "texture": "#no25bomb" }
			}
		},
		{
			"__comment": "Voxels",
			"from": [ 4, 9, 19 ],
			"to": [ 13, 10, 24 ],
			"faces": {
				"down": { "uv": [ 6.5, 11, 8.75, 12.25 ], "texture": "#no25bomb" },
				"up": { "uv": [ 8.75, 13.5, 11, 12.25 ], "texture": "#no25bomb" },
				"north": { "uv": [ 15.25, 8, 13, 8.25 ], "texture": "#no25bomb" },
				"south": { "uv": [ 8.25, 7.75, 10.5, 8 ], "texture": "#no25bomb" },
				"west": { "uv": [ 12.25, 5.75, 13.5, 6 ], "texture": "#no25bomb" },
				"east": { "uv": [ 14.75, 5.75, 13.5, 6 ], "texture": "#no25bomb" }
			}
		},
		{
			"__comment": "Voxels",
			"from": [ 4, 9, 24 ],
			"to": [ 7, 10, 32 ],
			"faces": {
				"down": { "uv": [ 4, 8.25, 4.75, 10.25 ], "texture": "#no25bomb" },
				"up": { "uv": [ 4, 8.25, 4.75, 6.25 ], "texture": "#no25bomb" },
				"north": { "uv": [ 11.25, 10.75, 10.5, 11 ], "texture": "#no25bomb" },
				"south": { "uv": [ 15.25, 9.5, 16, 9.75 ], "texture": "#no25bomb" },
				"west": { "uv": [ 12.75, 7.5, 14.75, 7.75 ], "texture": "#no25bomb" },
				"east": { "uv": [ 10.25, 7.25, 8.25, 7.5 ], "texture": "#no25bomb" }
			}
		},
		{
			"__comment": "Voxels",
			"from": [ 4, 11, -6 ],
			"to": [ 13, 12, -5 ],
			"faces": {
				"down": { "uv": [ 10.5, 7.5, 12.75, 7.75 ], "texture": "#no25bomb" },
				"up": { "uv": [ 8.25, 7.75, 10.5, 7.5 ], "texture": "#no25bomb" },
				"north": { "uv": [ 12.75, 7.75, 10.5, 8 ], "texture": "#no25bomb" },
				"south": { "uv": [ 12.75, 7.75, 15, 8 ], "texture": "#no25bomb" },
				"west": { "uv": [ 15.5, 3, 15.75, 3.25 ], "texture": "#no25bomb" },
				"east": { "uv": [ 16, 3, 15.75, 3.25 ], "texture": "#no25bomb" }
			}
		},
		{
			"__comment": "Voxels",
			"from": [ 5, 6, -6 ],
			"to": [ 12, 8, -5 ],
			"faces": {
				"down": { "uv": [ 14, 6.75, 15.75, 7 ], "texture": "#no25bomb" },
				"up": { "uv": [ 8.75, 6.75, 10.5, 6.5 ], "texture": "#no25bomb" },
				"north": { "uv": [ 6.5, 1.75, 4.75, 2.25 ], "texture": "#no25bomb" },
				"south": { "uv": [ 4.75, 1.25, 6.5, 1.75 ], "texture": "#no25bomb" },
				"west": { "uv": [ 6.75, 4.25, 7, 4.75 ], "texture": "#no25bomb" },
				"east": { "uv": [ 6.75, 2.75, 6.5, 3.25 ], "texture": "#no25bomb" }
			}
		},
		{
			"__comment": "Voxels",
			"from": [ 5, 6, -5 ],
			"to": [ 12, 7, 15 ],
			"faces": {
				"down": { "uv": [ 0, 1.5, 1.75, 6.5 ], "texture": "#no25bomb" },
				"up": { "uv": [ 2.25, 6, 4, 1 ], "texture": "#no25bomb" },
				"north": { "uv": [ 14, 6.5, 12.25, 6.75 ], "texture": "#no25bomb" },
				"south": { "uv": [ 8.75, 6.25, 10.5, 6.5 ], "texture": "#no25bomb" },
				"west": { "uv": [ 4.75, 9, 9.75, 9.25 ], "texture": "#no25bomb" },
				"east": { "uv": [ 14.75, 9, 9.75, 9.25 ], "texture": "#no25bomb" }
			}
		},
		{
			"__comment": "Voxels",
			"from": [ 5, 7, -9 ],
			"to": [ 12, 12, -7 ],
			"faces": {
				"down": { "uv": [ 10.5, 8.25, 12.25, 8.75 ], "texture": "#no25bomb" },
				"up": { "uv": [ 12.25, 8.75, 14, 8.25 ], "texture": "#no25bomb" },
				"north": { "uv": [ 15.5, 14.75, 13.75, 16 ], "texture": "#no25bomb" },
				"south": { "uv": [ 8.75, 11, 10.5, 12.25 ], "texture": "#no25bomb" },
				"west": { "uv": [ 1.75, 2.25, 2.25, 3.5 ], "texture": "#no25bomb" },
				"east": { "uv": [ 16, 14.75, 15.5, 16 ], "texture": "#no25bomb" }
			}
		},
		{
			"__comment": "Voxels",
			"from": [ 5, 7, -7 ],
			"to": [ 12, 8, -6 ],
			"faces": {
				"down": { "uv": [ 10.5, 6.25, 12.25, 6.5 ], "texture": "#no25bomb" },
				"up": { "uv": [ 12.25, 6.5, 14, 6.25 ], "texture": "#no25bomb" },
				"north": { "uv": [ 15.75, 6.25, 14, 6.5 ], "texture": "#no25bomb" },
				"south": { "uv": [ 8.75, 6, 10.5, 6.25 ], "texture": "#no25bomb" },
				"west": { "uv": [ 12.75, 2.75, 13, 3 ], "texture": "#no25bomb" },
				"east": { "uv": [ 13, 2.5, 12.75, 2.75 ], "texture": "#no25bomb" }
			}
		},
		{
			"__comment": "Voxels",
			"from": [ 5, 7, 14 ],
			"to": [ 12, 8, 17 ],
			"faces": {
				"down": { "uv": [ 4.75, 9.5, 6.5, 10.25 ], "texture": "#no25bomb" },
				"up": { "uv": [ 10, 10.25, 11.75, 9.5 ], "texture": "#no25bomb" },
				"north": { "uv": [ 12.25, 6, 10.5, 6.25 ], "texture": "#no25bomb" },
				"south": { "uv": [ 12.25, 6, 14, 6.25 ], "texture": "#no25bomb" },
				"west": { "uv": [ 8.75, 1.75, 9.5, 2 ], "texture": "#no25bomb" },
				"east": { "uv": [ 9.5, 1.5, 8.75, 1.75 ], "texture": "#no25bomb" }
			}
		},
		{
			"__comment": "Voxels",
			"from": [ 5, 8, -10 ],
			"to": [ 12, 11, -9 ],
			"faces": {
				"down": { "uv": [ 14, 6, 15.75, 6.25 ], "texture": "#no25bomb" },
				"up": { "uv": [ 8.75, 6, 10.5, 5.75 ], "texture": "#no25bomb" },
				"north": { "uv": [ 8.25, 9.5, 6.5, 10.25 ], "texture": "#no25bomb" },
				"south": { "uv": [ 8.25, 9.5, 10, 10.25 ], "texture": "#no25bomb" },
				"west": { "uv": [ 8.25, 3, 8.5, 3.75 ], "texture": "#no25bomb" },
				"east": { "uv": [ 8.75, 3, 8.5, 3.75 ], "texture": "#no25bomb" }
			}
		},
		{
			"__comment": "Voxels",
			"from": [ 5, 8, 15 ],
			"to": [ 12, 12, 17 ],
			"faces": {
				"down": { "uv": [ 4.75, 0.75, 6.5, 1.25 ], "texture": "#no25bomb" },
				"up": { "uv": [ 4.75, 0.75, 6.5, 0.25 ], "texture": "#no25bomb" },
				"north": { "uv": [ 15.5, 13.75, 13.75, 14.75 ], "texture": "#no25bomb" },
				"south": { "uv": [ 2.25, 0, 4, 1 ], "texture": "#no25bomb" },
				"west": { "uv": [ 8.25, 6.25, 8.75, 7.25 ], "texture": "#no25bomb" },
				"east": { "uv": [ 16, 13.75, 15.5, 14.75 ], "texture": "#no25bomb" }
			}
		},
		{
			"__comment": "Voxels",
			"from": [ 5, 8, 17 ],
			"to": [ 12, 11, 18 ],
			"faces": {
				"down": { "uv": [ 10.5, 5.75, 12.25, 6 ], "texture": "#no25bomb" },
				"up": { "uv": [ 8.75, 7, 10.5, 6.75 ], "texture": "#no25bomb" },
				"north": { "uv": [ 13.5, 9.5, 11.75, 10.25 ], "texture": "#no25bomb" },
				"south": { "uv": [ 13.5, 9.5, 15.25, 10.25 ], "texture": "#no25bomb" },
				"west": { "uv": [ 8.25, 2.25, 8.5, 3 ], "texture": "#no25bomb" },
				"east": { "uv": [ 8.75, 2.25, 8.5, 3 ], "texture": "#no25bomb" }
			}
		},
		{
			"__comment": "Voxels",
			"from": [ 5, 8, 31 ],
			"to": [ 6, 9, 32 ],
			"faces": {
				"down": { "uv": [ 12.75, 2.25, 13, 2.5 ], "texture": "#no25bomb" },
				"up": { "uv": [ 12.75, 2, 13, 1.75 ], "texture": "#no25bomb" },
				"north": { "uv": [ 13, 1.5, 12.75, 1.75 ], "texture": "#no25bomb" },
				"south": { "uv": [ 13, 2.75, 13.25, 3 ], "texture": "#no25bomb" },
				"west": { "uv": [ 13.5, 2.75, 13.75, 3 ], "texture": "#no25bomb" },
				"east": { "uv": [ 14, 2.75, 13.75, 3 ], "texture": "#no25bomb" }
			}
		},
		{
			"__comment": "Voxels",
			"from": [ 5, 9, 18 ],
			"to": [ 12, 10, 19 ],
			"faces": {
				"down": { "uv": [ 14, 6.5, 15.75, 6.75 ], "texture": "#no25bomb" },
				"up": { "uv": [ 4.75, 0.25, 6.5, 0 ], "texture": "#no25bomb" },
				"north": { "uv": [ 12.25, 6.5, 10.5, 6.75 ], "texture": "#no25bomb" },
				"south": { "uv": [ 10.25, 7.25, 12, 7.5 ], "texture": "#no25bomb" },
				"west": { "uv": [ 15.5, 2.75, 15.75, 3 ], "texture": "#no25bomb" },
				"east": { "uv": [ 16, 2.75, 15.75, 3 ], "texture": "#no25bomb" }
			}
		},
		{
			"__comment": "Voxels",
			"from": [ 5, 10, 31 ],
			"to": [ 6, 11, 32 ],
			"faces": {
				"down": { "uv": [ 13, 1, 13.25, 1.25 ], "texture": "#no25bomb" },
				"up": { "uv": [ 13, 1, 13.25, 0.75 ], "texture": "#no25bomb" },
				"north": { "uv": [ 13.25, 0, 13, 0.25 ], "texture": "#no25bomb" },
				"south": { "uv": [ 13.25, 2.5, 13.5, 2.75 ], "texture": "#no25bomb" },
				"west": { "uv": [ 14, 2.5, 14.25, 2.75 ], "texture": "#no25bomb" },
				"east": { "uv": [ 14.5, 2.5, 14.25, 2.75 ], "texture": "#no25bomb" }
			}
		},
		{
			"__comment": "Voxels",
			"from": [ 5, 11, -7 ],
			"to": [ 12, 13, -6 ],
			"faces": {
				"down": { "uv": [ 8.75, 10.75, 10.5, 11 ], "texture": "#no25bomb" },
				"up": { "uv": [ 14.25, 9, 16, 8.75 ], "texture": "#no25bomb" },
				"north": { "uv": [ 8.75, 8.25, 7, 8.75 ], "texture": "#no25bomb" },
				"south": { "uv": [ 8.75, 8.25, 10.5, 8.75 ], "texture": "#no25bomb" },
				"west": { "uv": [ 12.25, 2.25, 12.5, 2.75 ], "texture": "#no25bomb" },
				"east": { "uv": [ 12.5, 2.75, 12.25, 3.25 ], "texture": "#no25bomb" }
			}
		},
		{
			"__comment": "Voxels",
			"from": [ 5, 11, 14 ],
			"to": [ 12, 13, 15 ],
			"faces": {
				"down": { "uv": [ 12, 7.25, 13.75, 7.5 ], "texture": "#no25bomb" },
				"up": { "uv": [ 13.75, 7.5, 15.5, 7.25 ], "texture": "#no25bomb" },
				"north": { "uv": [ 6.5, 2.75, 4.75, 3.25 ], "texture": "#no25bomb" },
				"south": { "uv": [ 4.75, 2.25, 6.5, 2.75 ], "texture": "#no25bomb" },
				"west": { "uv": [ 12, 0.25, 12.25, 0.75 ], "texture": "#no25bomb" },
				"east": { "uv": [ 12.25, 0.75, 12, 1.25 ], "texture": "#no25bomb" }
			}
		},
		{
			"__comment": "Voxels",
			"from": [ 5, 12, -8 ],
			"to": [ 12, 13, -7 ],
			"faces": {
				"down": { "uv": [ 8.75, 7, 10.5, 7.25 ], "texture": "#no25bomb" },
				"up": { "uv": [ 10.5, 7.25, 12.25, 7 ], "texture": "#no25bomb" },
				"north": { "uv": [ 14, 7, 12.25, 7.25 ], "texture": "#no25bomb" },
				"south": { "uv": [ 14, 7, 15.75, 7.25 ], "texture": "#no25bomb" },
				"west": { "uv": [ 13.25, 0, 13.5, 0.25 ], "texture": "#no25bomb" },
				"east": { "uv": [ 13.5, 0.25, 13.25, 0.5 ], "texture": "#no25bomb" }
			}
		},
		{
			"__comment": "Voxels",
			"from": [ 5, 12, -6 ],
			"to": [ 12, 13, 14 ],
			"faces": {
				"down": { "uv": [ 2.25, 11, 4, 16 ], "texture": "#no25bomb" },
				"up": { "uv": [ 2.25, 11, 4, 6 ], "texture": "#no25bomb" },
				"north": { "uv": [ 12.25, 6.75, 10.5, 7 ], "texture": "#no25bomb" },
				"south": { "uv": [ 12.25, 6.75, 14, 7 ], "texture": "#no25bomb" },
				"west": { "uv": [ 9.75, 9.25, 14.75, 9.5 ], "texture": "#no25bomb" },
				"east": { "uv": [ 9.75, 9.25, 4.75, 9.5 ], "texture": "#no25bomb" }
			}
		},
		{
			"__comment": "Voxels",
			"from": [ 6, 5, -5 ],
			"to": [ 11, 6, 14 ],
			"faces": {
				"down": { "uv": [ 12.5, 11.25, 13.75, 16 ], "texture": "#no25bomb" },
				"up": { "uv": [ 11.25, 16, 12.5, 11.25 ], "texture": "#no25bomb" },
				"north": { "uv": [ 15.75, 5.25, 14.5, 5.5 ], "texture": "#no25bomb" },
				"south": { "uv": [ 9.5, 4, 10.75, 4.25 ], "texture": "#no25bomb" },
				"west": { "uv": [ 4.75, 8.75, 9.5, 9 ], "texture": "#no25bomb" },
				"east": { "uv": [ 14.25, 8.75, 9.5, 9 ], "texture": "#no25bomb" }
			}
		},
		{
			"__comment": "Voxels",
			"from": [ 6, 6, -9 ],
			"to": [ 11, 7, -6 ],
			"faces": {
				"down": { "uv": [ 4.75, 6.25, 6, 7 ], "texture": "#no25bomb" },
				"up": { "uv": [ 4.75, 7.75, 6, 7 ], "texture": "#no25bomb" },
				"north": { "uv": [ 16, 9, 14.75, 9.25 ], "texture": "#no25bomb" },
				"south": { "uv": [ 14.75, 7.5, 16, 7.75 ], "texture": "#no25bomb" },
				"west": { "uv": [ 9.5, 0, 10.25, 0.25 ], "texture": "#no25bomb" },
				"east": { "uv": [ 11.5, 5, 10.75, 5.25 ], "texture": "#no25bomb" }
			}
		},
		{
			"__comment": "Voxels",
			"from": [ 6, 6, 15 ],
			"to": [ 11, 7, 17 ],
			"faces": {
				"down": { "uv": [ 11.25, 10.75, 12.5, 11.25 ], "texture": "#no25bomb" },
				"up": { "uv": [ 7, 3, 8.25, 2.5 ], "texture": "#no25bomb" },
				"north": { "uv": [ 13.25, 5.5, 12, 5.75 ], "texture": "#no25bomb" },
				"south": { "uv": [ 13.25, 5.5, 14.5, 5.75 ], "texture": "#no25bomb" },
				"west": { "uv": [ 14.75, 3.5, 15.25, 3.75 ], "texture": "#no25bomb" },
				"east": { "uv": [ 14.75, 3.5, 14.25, 3.75 ], "texture": "#no25bomb" }
			}
		},
		{
			"__comment": "Voxels",
			"from": [ 6, 7, -10 ],
			"to": [ 11, 8, -9 ],
			"faces": {
				"down": { "uv": [ 13.25, 5.25, 14.5, 5.5 ], "texture": "#no25bomb" },
				"up": { "uv": [ 9.5, 1, 10.75, 0.75 ], "texture": "#no25bomb" },
				"north": { "uv": [ 10.75, 5, 9.5, 5.25 ], "texture": "#no25bomb" },
				"south": { "uv": [ 9.5, 4.25, 10.75, 4.5 ], "texture": "#no25bomb" },
				"west": { "uv": [ 13, 0.25, 13.25, 0.5 ], "texture": "#no25bomb" },
				"east": { "uv": [ 13.25, 0.5, 13, 0.75 ], "texture": "#no25bomb" }
			}
		},
		{
			"__comment": "Voxels",
			"from": [ 6, 7, 17 ],
			"to": [ 11, 8, 18 ],
			"faces": {
				"down": { "uv": [ 9.5, 3, 10.75, 3.25 ], "texture": "#no25bomb" },
				"up": { "uv": [ 9.5, 3, 10.75, 2.75 ], "texture": "#no25bomb" },
				"north": { "uv": [ 10.75, 1.5, 9.5, 1.75 ], "texture": "#no25bomb" },
				"south": { "uv": [ 9.5, 1.25, 10.75, 1.5 ], "texture": "#no25bomb" },
				"west": { "uv": [ 13, 1.25, 13.25, 1.5 ], "texture": "#no25bomb" },
				"east": { "uv": [ 13.25, 1.5, 13, 1.75 ], "texture": "#no25bomb" }
			}
		},
		{
			"__comment": "Voxels",
			"from": [ 6, 7, 31 ],
			"to": [ 7, 8, 32 ],
			"faces": {
				"down": { "uv": [ 13, 2, 13.25, 2.25 ], "texture": "#no25bomb" },
				"up": { "uv": [ 12.75, 0.75, 13, 0.5 ], "texture": "#no25bomb" },
				"north": { "uv": [ 13, 0.75, 12.75, 1 ], "texture": "#no25bomb" },
				"south": { "uv": [ 12.75, 1, 13, 1.25 ], "texture": "#no25bomb" },
				"west": { "uv": [ 12.75, 1.25, 13, 1.5 ], "texture": "#no25bomb" },
				"east": { "uv": [ 13, 2, 12.75, 2.25 ], "texture": "#no25bomb" }
			}
		},
		{
			"__comment": "Voxels",
			"from": [ 6, 8, -12 ],
			"to": [ 11, 11, -10 ],
			"faces": {
				"down": { "uv": [ 12.5, 10.75, 13.75, 11.25 ], "texture": "#no25bomb" },
				"up": { "uv": [ 7, 7.5, 8.25, 7 ], "texture": "#no25bomb" },
				"north": { "uv": [ 6, 4.75, 4.75, 5.5 ], "texture": "#no25bomb" },
				"south": { "uv": [ 4.75, 5.5, 6, 6.25 ], "texture": "#no25bomb" },
				"west": { "uv": [ 1.75, 1.5, 2.25, 2.25 ], "texture": "#no25bomb" },
				"east": { "uv": [ 6.5, 3.25, 6, 4 ], "texture": "#no25bomb" }
			}
		},
		{
			"__comment": "Voxels",
			"from": [ 6, 8, 18 ],
			"to": [ 11, 9, 20 ],
			"faces": {
				"down": { "uv": [ 7, 6, 8.25, 6.5 ], "texture": "#no25bomb" },
				"up": { "uv": [ 14, 8.75, 15.25, 8.25 ], "texture": "#no25bomb" },
				"north": { "uv": [ 12, 5.25, 10.75, 5.5 ], "texture": "#no25bomb" },
				"south": { "uv": [ 12, 5.25, 13.25, 5.5 ], "texture": "#no25bomb" },
				"west": { "uv": [ 11.5, 1, 12, 1.25 ], "texture": "#no25bomb" },
				"east": { "uv": [ 12, 1.25, 11.5, 1.5 ], "texture": "#no25bomb" }
			}
		},
		{
			"__comment": "Voxels",
			"from": [ 6, 10, 18 ],
			"to": [ 11, 11, 20 ],
			"faces": {
				"down": { "uv": [ 7, 7.5, 8.25, 8 ], "texture": "#no25bomb" },
				"up": { "uv": [ 7, 5.5, 8.25, 5 ], "texture": "#no25bomb" },
				"north": { "uv": [ 10.75, 4.75, 9.5, 5 ], "texture": "#no25bomb" },
				"south": { "uv": [ 9.5, 4.5, 10.75, 4.75 ], "texture": "#no25bomb" },
				"west": { "uv": [ 11.5, 1.5, 12, 1.75 ], "texture": "#no25bomb" },
				"east": { "uv": [ 12, 2.75, 11.5, 3 ], "texture": "#no25bomb" }
			}
		},
		{
			"__comment": "Voxels",
			"from": [ 6, 11, -11 ],
			"to": [ 11, 12, -9 ],
			"faces": {
				"down": { "uv": [ 7, 6.5, 8.25, 7 ], "texture": "#no25bomb" },
				"up": { "uv": [ 7, 6, 8.25, 5.5 ], "texture": "#no25bomb" },
				"north": { "uv": [ 10.75, 3.5, 9.5, 3.75 ], "texture": "#no25bomb" },
				"south": { "uv": [ 9.5, 3.25, 10.75, 3.5 ], "texture": "#no25bomb" },
				"west": { "uv": [ 6.5, 1.25, 7, 1.5 ], "texture": "#no25bomb" },
				"east": { "uv": [ 7, 1.5, 6.5, 1.75 ], "texture": "#no25bomb" }
			}
		},
		{
			"__comment": "Voxels",
			"from": [ 6, 11, 17 ],
			"to": [ 11, 12, 18 ],
			"faces": {
				"down": { "uv": [ 9.5, 2.5, 10.75, 2.75 ], "texture": "#no25bomb" },
				"up": { "uv": [ 9.5, 2.5, 10.75, 2.25 ], "texture": "#no25bomb" },
				"north": { "uv": [ 10.75, 2, 9.5, 2.25 ], "texture": "#no25bomb" },
				"south": { "uv": [ 9.5, 1.75, 10.75, 2 ], "texture": "#no25bomb" },
				"west": { "uv": [ 12.25, 0.5, 12.5, 0.75 ], "texture": "#no25bomb" },
				"east": { "uv": [ 12.5, 0.75, 12.25, 1 ], "texture": "#no25bomb" }
			}
		},
		{
			"__comment": "Voxels",
			"from": [ 6, 11, 31 ],
			"to": [ 7, 12, 32 ],
			"faces": {
				"down": { "uv": [ 14, 3.25, 14.25, 3.5 ], "texture": "#no25bomb" },
				"up": { "uv": [ 13.75, 3.5, 14, 3.25 ], "texture": "#no25bomb" },
				"north": { "uv": [ 16, 3.5, 15.75, 3.75 ], "texture": "#no25bomb" },
				"south": { "uv": [ 12, 0, 12.25, 0.25 ], "texture": "#no25bomb" },
				"west": { "uv": [ 15.75, 6, 16, 6.25 ], "texture": "#no25bomb" },
				"east": { "uv": [ 16, 6.25, 15.75, 6.5 ], "texture": "#no25bomb" }
			}
		},
		{
			"__comment": "Voxels",
			"from": [ 6, 12, -10 ],
			"to": [ 11, 13, -8 ],
			"faces": {
				"down": { "uv": [ 7, 4.5, 8.25, 5 ], "texture": "#no25bomb" },
				"up": { "uv": [ 7, 4.5, 8.25, 4 ], "texture": "#no25bomb" },
				"north": { "uv": [ 16, 5.75, 14.75, 6 ], "texture": "#no25bomb" },
				"south": { "uv": [ 9.5, 5.5, 10.75, 5.75 ], "texture": "#no25bomb" },
				"west": { "uv": [ 12.75, 3.5, 13.25, 3.75 ], "texture": "#no25bomb" },
				"east": { "uv": [ 12.75, 3.5, 12.25, 3.75 ], "texture": "#no25bomb" }
			}
		},
		{
			"__comment": "Voxels",
			"from": [ 6, 12, 15 ],
			"to": [ 11, 13, 17 ],
			"faces": {
				"down": { "uv": [ 7, 3.5, 8.25, 4 ], "texture": "#no25bomb" },
				"up": { "uv": [ 7, 3.5, 8.25, 3 ], "texture": "#no25bomb" },
				"north": { "uv": [ 10.75, 1, 9.5, 1.25 ], "texture": "#no25bomb" },
				"south": { "uv": [ 10.75, 5.5, 12, 5.75 ], "texture": "#no25bomb" },
				"west": { "uv": [ 10.25, 0.5, 10.75, 0.75 ], "texture": "#no25bomb" },
				"east": { "uv": [ 16, 7.25, 15.5, 7.5 ], "texture": "#no25bomb" }
			}
		},
		{
			"__comment": "Voxels",
			"from": [ 6, 13, -7 ],
			"to": [ 11, 14, 14 ],
			"faces": {
				"down": { "uv": [ 4, 10.75, 5.25, 16 ], "texture": "#no25bomb" },
				"up": { "uv": [ 5.25, 16, 6.5, 10.75 ], "texture": "#no25bomb" },
				"north": { "uv": [ 16, 9.25, 14.75, 9.5 ], "texture": "#no25bomb" },
				"south": { "uv": [ 9.5, 3.75, 10.75, 4 ], "texture": "#no25bomb" },
				"west": { "uv": [ 10, 10.25, 15.25, 10.5 ], "texture": "#no25bomb" },
				"east": { "uv": [ 15.25, 10.5, 10, 10.75 ], "texture": "#no25bomb" }
			}
		},
		{
			"__comment": "Voxels",
			"from": [ 7, 5, -7 ],
			"to": [ 10, 6, -5 ],
			"faces": {
				"down": { "uv": [ 6, 4.25, 6.75, 4.75 ], "texture": "#no25bomb" },
				"up": { "uv": [ 15.25, 10.25, 16, 9.75 ], "texture": "#no25bomb" },
				"north": { "uv": [ 12.25, 5, 11.5, 5.25 ], "texture": "#no25bomb" },
				"south": { "uv": [ 12.25, 5, 13, 5.25 ], "texture": "#no25bomb" },
				"west": { "uv": [ 6.5, 0.75, 7, 1 ], "texture": "#no25bomb" },
				"east": { "uv": [ 7, 1, 6.5, 1.25 ], "texture": "#no25bomb" }
			}
		},
		{
			"__comment": "Voxels",
			"from": [ 7, 5, 14 ],
			"to": [ 10, 6, 15 ],
			"faces": {
				"down": { "uv": [ 13, 5, 13.75, 5.25 ], "texture": "#no25bomb" },
				"up": { "uv": [ 13.75, 5.25, 14.5, 5 ], "texture": "#no25bomb" },
				"north": { "uv": [ 15.25, 5, 14.5, 5.25 ], "texture": "#no25bomb" },
				"south": { "uv": [ 15.25, 5, 16, 5.25 ], "texture": "#no25bomb" },
				"west": { "uv": [ 15.75, 7, 16, 7.25 ], "texture": "#no25bomb" },
				"east": { "uv": [ 8.75, 3.75, 8.5, 4 ], "texture": "#no25bomb" }
			}
		},
		{
			"__comment": "Voxels",
			"from": [ 7, 6, -10 ],
			"to": [ 10, 7, -9 ],
			"faces": {
				"down": { "uv": [ 10.75, 4.75, 11.5, 5 ], "texture": "#no25bomb" },
				"up": { "uv": [ 11.5, 5, 12.25, 4.75 ], "texture": "#no25bomb" },
				"north": { "uv": [ 13, 4.75, 12.25, 5 ], "texture": "#no25bomb" },
				"south": { "uv": [ 13, 4.75, 13.75, 5 ], "texture": "#no25bomb" },
				"west": { "uv": [ 12.5, 0.75, 12.75, 1 ], "texture": "#no25bomb" },
				"east": { "uv": [ 12.75, 1, 12.5, 1.25 ], "texture": "#no25bomb" }
			}
		},
		{
			"__comment": "Voxels",
			"from": [ 7, 6, 17 ],
			"to": [ 10, 7, 18 ],
			"faces": {
				"down": { "uv": [ 13.75, 4.75, 14.5, 5 ], "texture": "#no25bomb" },
				"up": { "uv": [ 14.5, 5, 15.25, 4.75 ], "texture": "#no25bomb" },
				"north": { "uv": [ 16, 4.75, 15.25, 5 ], "texture": "#no25bomb" },
				"south": { "uv": [ 10.75, 4.5, 11.5, 4.75 ], "texture": "#no25bomb" },
				"west": { "uv": [ 13.25, 0.5, 13.5, 0.75 ], "texture": "#no25bomb" },
				"east": { "uv": [ 13.5, 0.75, 13.25, 1 ], "texture": "#no25bomb" }
			}
		},
		{
			"__comment": "Voxels",
			"from": [ 7, 6, 31 ],
			"to": [ 10, 7, 32 ],
			"faces": {
				"down": { "uv": [ 11.5, 4.5, 12.25, 4.75 ], "texture": "#no25bomb" },
				"up": { "uv": [ 12.25, 4.75, 13, 4.5 ], "texture": "#no25bomb" },
				"north": { "uv": [ 13.75, 4.5, 13, 4.75 ], "texture": "#no25bomb" },
				"south": { "uv": [ 13.75, 4.5, 14.5, 4.75 ], "texture": "#no25bomb" },
				"west": { "uv": [ 13.5, 2, 13.75, 2.25 ], "texture": "#no25bomb" },
				"east": { "uv": [ 13.75, 1.75, 13.5, 2 ], "texture": "#no25bomb" }
			}
		},
		{
			"__comment": "Voxels",
			"from": [ 7, 7, -12 ],
			"to": [ 10, 8, -10 ],
			"faces": {
				"down": { "uv": [ 8.75, 5.25, 9.5, 5.75 ], "texture": "#no25bomb" },
				"up": { "uv": [ 7.5, 0.5, 8.25, 0 ], "texture": "#no25bomb" },
				"north": { "uv": [ 15.25, 4.5, 14.5, 4.75 ], "texture": "#no25bomb" },
				"south": { "uv": [ 15.25, 4.5, 16, 4.75 ], "texture": "#no25bomb" },
				"west": { "uv": [ 11, 1, 11.5, 1.25 ], "texture": "#no25bomb" },
				"east": { "uv": [ 11.5, 0.75, 11, 1 ], "texture": "#no25bomb" }
			}
		},
		{
			"__comment": "Voxels",
			"from": [ 7, 7, 18 ],
			"to": [ 10, 8, 20 ],
			"faces": {
				"down": { "uv": [ 15.25, 10.25, 16, 10.75 ], "texture": "#no25bomb" },
				"up": { "uv": [ 8.75, 3.75, 9.5, 3.25 ], "texture": "#no25bomb" },
				"north": { "uv": [ 11.5, 4.25, 10.75, 4.5 ], "texture": "#no25bomb" },
				"south": { "uv": [ 10.75, 4, 11.5, 4.25 ], "texture": "#no25bomb" },
				"west": { "uv": [ 11.5, 3.25, 12, 3.5 ], "texture": "#no25bomb" },
				"east": { "uv": [ 12, 3, 11.5, 3.25 ], "texture": "#no25bomb" }
			}
		},
		{
			"__comment": "Voxels",
			"from": [ 7, 8, -13 ],
			"to": [ 10, 11, -12 ],
			"faces": {
				"down": { "uv": [ 10.75, 3.75, 11.5, 4 ], "texture": "#no25bomb" },
				"up": { "uv": [ 10.75, 3.75, 11.5, 3.5 ], "texture": "#no25bomb" },
				"north": { "uv": [ 4.75, 1.25, 4, 2 ], "texture": "#no25bomb" },
				"south": { "uv": [ 4, 0.5, 4.75, 1.25 ], "texture": "#no25bomb" },
				"west": { "uv": [ 10.75, 2.75, 11, 3.5 ], "texture": "#no25bomb" },
				"east": { "uv": [ 11.25, 2.75, 11, 3.5 ], "texture": "#no25bomb" }
			}
		},
		{
			"__comment": "Voxels",
			"from": [ 7, 8, 20 ],
			"to": [ 10, 9, 22 ],
			"faces": {
				"down": { "uv": [ 4, 0, 4.75, 0.5 ], "texture": "#no25bomb" },
				"up": { "uv": [ 15.25, 8.75, 16, 8.25 ], "texture": "#no25bomb" },
				"north": { "uv": [ 11.5, 2.5, 10.75, 2.75 ], "texture": "#no25bomb" },
				"south": { "uv": [ 10.75, 2.25, 11.5, 2.5 ], "texture": "#no25bomb" },
				"west": { "uv": [ 15.25, 3.5, 15.75, 3.75 ], "texture": "#no25bomb" },
				"east": { "uv": [ 12.75, 3.25, 12.25, 3.5 ], "texture": "#no25bomb" }
			}
		},
		{
			"__comment": "Voxels",
			"from": [ 7, 9, -14 ],
			"to": [ 10, 10, -13 ],
			"faces": {
				"down": { "uv": [ 10.75, 2, 11.5, 2.25 ], "texture": "#no25bomb" },
				"up": { "uv": [ 10.75, 2, 11.5, 1.75 ], "texture": "#no25bomb" },
				"north": { "uv": [ 11.5, 1.5, 10.75, 1.75 ], "texture": "#no25bomb" },
				"south": { "uv": [ 10.75, 1.25, 11.5, 1.5 ], "texture": "#no25bomb" },
				"west": { "uv": [ 15.5, 2.25, 15.75, 2.5 ], "texture": "#no25bomb" },
				"east": { "uv": [ 16, 2.25, 15.75, 2.5 ], "texture": "#no25bomb" }
			}
		},
		{
			"__comment": "Voxels",
			"from": [ 7, 9, 29 ],
			"to": [ 8, 10, 32 ],
			"faces": {
				"down": { "uv": [ 11.25, 2.75, 11.5, 3.5 ], "texture": "#no25bomb" },
				"up": { "uv": [ 10.75, 1.25, 11, 0.5 ], "texture": "#no25bomb" },
				"north": { "uv": [ 7, 4, 6.75, 4.25 ], "texture": "#no25bomb" },
				"south": { "uv": [ 15.75, 7.75, 16, 8 ], "texture": "#no25bomb" },
				"west": { "uv": [ 10.75, 0.25, 11.5, 0.5 ], "texture": "#no25bomb" },
				"east": { "uv": [ 11.5, 0, 10.75, 0.25 ], "texture": "#no25bomb" }
			}
		},
		{
			"__comment": "Voxels",
			"from": [ 7, 10, 20 ],
			"to": [ 10, 11, 22 ],
			"faces": {
				"down": { "uv": [ 6, 5, 6.75, 5.5 ], "texture": "#no25bomb" },
				"up": { "uv": [ 6, 6.25, 6.75, 5.75 ], "texture": "#no25bomb" },
				"north": { "uv": [ 12.25, 4.25, 11.5, 4.5 ], "texture": "#no25bomb" },
				"south": { "uv": [ 12.25, 4.25, 13, 4.5 ], "texture": "#no25bomb" },
				"west": { "uv": [ 11, 0.5, 11.5, 0.75 ], "texture": "#no25bomb" },
				"east": { "uv": [ 12, 3.5, 11.5, 3.75 ], "texture": "#no25bomb" }
			}
		},
		{
			"__comment": "Voxels",
			"from": [ 7, 11, -12 ],
			"to": [ 10, 12, -11 ],
			"faces": {
				"down": { "uv": [ 13, 4.25, 13.75, 4.5 ], "texture": "#no25bomb" },
				"up": { "uv": [ 13.75, 4.5, 14.5, 4.25 ], "texture": "#no25bomb" },
				"north": { "uv": [ 15.25, 4.25, 14.5, 4.5 ], "texture": "#no25bomb" },
				"south": { "uv": [ 15.25, 4.25, 16, 4.5 ], "texture": "#no25bomb" },
				"west": { "uv": [ 13, 2.5, 13.25, 2.75 ], "texture": "#no25bomb" },
				"east": { "uv": [ 13.25, 2.25, 13, 2.5 ], "texture": "#no25bomb" }
			}
		},
		{
			"__comment": "Voxels",
			"from": [ 7, 11, 18 ],
			"to": [ 10, 12, 20 ],
			"faces": {
				"down": { "uv": [ 8.75, 4.75, 9.5, 5.25 ], "texture": "#no25bomb" },
				"up": { "uv": [ 8.75, 4.75, 9.5, 4.25 ], "texture": "#no25bomb" },
				"north": { "uv": [ 12.25, 4, 11.5, 4.25 ], "texture": "#no25bomb" },
				"south": { "uv": [ 12.25, 4, 13, 4.25 ], "texture": "#no25bomb" },
				"west": { "uv": [ 12.75, 3.25, 13.25, 3.5 ], "texture": "#no25bomb" },
				"east": { "uv": [ 13.75, 3.25, 13.25, 3.5 ], "texture": "#no25bomb" }
			}
		},
		{
			"__comment": "Voxels",
			"from": [ 7, 12, -11 ],
			"to": [ 10, 13, -10 ],
			"faces": {
				"down": { "uv": [ 13, 4, 13.75, 4.25 ], "texture": "#no25bomb" },
				"up": { "uv": [ 13.75, 4.25, 14.5, 4 ], "texture": "#no25bomb" },
				"north": { "uv": [ 15.25, 4, 14.5, 4.25 ], "texture": "#no25bomb" },
				"south": { "uv": [ 15.25, 4, 16, 4.25 ], "texture": "#no25bomb" },
				"west": { "uv": [ 13.5, 2.25, 13.75, 2.5 ], "texture": "#no25bomb" },
				"east": { "uv": [ 14, 2.25, 13.75, 2.5 ], "texture": "#no25bomb" }
			}
		},
		{
			"__comment": "Voxels",
			"from": [ 7, 12, 17 ],
			"to": [ 10, 13, 18 ],
			"faces": {
				"down": { "uv": [ 11.5, 3.75, 12.25, 4 ], "texture": "#no25bomb" },
				"up": { "uv": [ 12.25, 4, 13, 3.75 ], "texture": "#no25bomb" },
				"north": { "uv": [ 13.75, 3.75, 13, 4 ], "texture": "#no25bomb" },
				"south": { "uv": [ 13.75, 3.75, 14.5, 4 ], "texture": "#no25bomb" },
				"west": { "uv": [ 13.5, 1.5, 13.75, 1.75 ], "texture": "#no25bomb" },
				"east": { "uv": [ 13.75, 1.25, 13.5, 1.5 ], "texture": "#no25bomb" }
			}
		},
		{
			"__comment": "Voxels",
			"from": [ 7, 12, 31 ],
			"to": [ 10, 13, 32 ],
			"faces": {
				"down": { "uv": [ 14.5, 3.75, 15.25, 4 ], "texture": "#no25bomb" },
				"up": { "uv": [ 15.25, 4, 16, 3.75 ], "texture": "#no25bomb" },
				"north": { "uv": [ 6.75, 4, 6, 4.25 ], "texture": "#no25bomb" },
				"south": { "uv": [ 15.25, 8, 16, 8.25 ], "texture": "#no25bomb" },
				"west": { "uv": [ 15.75, 6.75, 16, 7 ], "texture": "#no25bomb" },
				"east": { "uv": [ 16, 6.5, 15.75, 6.75 ], "texture": "#no25bomb" }
			}
		},
		{
			"__comment": "Voxels",
			"from": [ 7, 13, -9 ],
			"to": [ 10, 14, -7 ],
			"faces": {
				"down": { "uv": [ 8.75, 3.75, 9.5, 4.25 ], "texture": "#no25bomb" },
				"up": { "uv": [ 8.75, 3.25, 9.5, 2.75 ], "texture": "#no25bomb" },
				"north": { "uv": [ 15.75, 7.75, 15, 8 ], "texture": "#no25bomb" },
				"south": { "uv": [ 8.75, 2.5, 9.5, 2.75 ], "texture": "#no25bomb" },
				"west": { "uv": [ 10.25, 0.25, 10.75, 0.5 ], "texture": "#no25bomb" },
				"east": { "uv": [ 10.75, 0, 10.25, 0.25 ], "texture": "#no25bomb" }
			}
		},
		{
			"__comment": "Voxels",
			"from": [ 7, 13, 14 ],
			"to": [ 10, 14, 15 ],
			"faces": {
				"down": { "uv": [ 8.75, 2.25, 9.5, 2.5 ], "texture": "#no25bomb" },
				"up": { "uv": [ 8.75, 2.25, 9.5, 2 ], "texture": "#no25bomb" },
				"north": { "uv": [ 9.5, 1.25, 8.75, 1.5 ], "texture": "#no25bomb" },
				"south": { "uv": [ 8.75, 1, 9.5, 1.25 ], "texture": "#no25bomb" },
				"west": { "uv": [ 15.75, 5.5, 16, 5.75 ], "texture": "#no25bomb" },
				"east": { "uv": [ 16, 5.25, 15.75, 5.5 ], "texture": "#no25bomb" }
			}
		},
		{
			"__comment": "Voxels",
			"from": [ 8, 5, 19 ],
			"to": [ 9, 7, 31 ],
			"faces": {
				"down": { "uv": [ 1.75, 3.5, 2, 6.5 ], "texture": "#no25bomb" },
				"up": { "uv": [ 2, 6.5, 2.25, 3.5 ], "texture": "#no25bomb" },
				"north": { "uv": [ 7, 5.75, 6.75, 6.25 ], "texture": "#no25bomb" },
				"south": { "uv": [ 6.75, 5, 7, 5.5 ], "texture": "#no25bomb" },
				"west": { "uv": [ 7, 10.25, 10, 10.75 ], "texture": "#no25bomb" },
				"east": { "uv": [ 7, 10.25, 4, 10.75 ], "texture": "#no25bomb" }
			}
		},
		{
			"__comment": "Voxels",
			"from": [ 8, 5, 31 ],
			"to": [ 9, 6, 32 ],
			"faces": {
				"down": { "uv": [ 14.25, 3.25, 14.5, 3.5 ], "texture": "#no25bomb" },
				"up": { "uv": [ 14.5, 3.5, 14.75, 3.25 ], "texture": "#no25bomb" },
				"north": { "uv": [ 15, 3.25, 14.75, 3.5 ], "texture": "#no25bomb" },
				"south": { "uv": [ 15, 3.25, 15.25, 3.5 ], "texture": "#no25bomb" },
				"west": { "uv": [ 15.25, 3.25, 15.5, 3.5 ], "texture": "#no25bomb" },
				"east": { "uv": [ 15.75, 3.25, 15.5, 3.5 ], "texture": "#no25bomb" }
			}
		},
		{
			"__comment": "Voxels",
			"from": [ 8, 6, 18 ],
			"to": [ 9, 7, 19 ],
			"faces": {
				"down": { "uv": [ 15.75, 3.25, 16, 3.5 ], "texture": "#no25bomb" },
				"up": { "uv": [ 12.25, 2.25, 12.5, 2 ], "texture": "#no25bomb" },
				"north": { "uv": [ 12.5, 1.75, 12.25, 2 ], "texture": "#no25bomb" },
				"south": { "uv": [ 12.25, 1.5, 12.5, 1.75 ], "texture": "#no25bomb" },
				"west": { "uv": [ 12.25, 1.25, 12.5, 1.5 ], "texture": "#no25bomb" },
				"east": { "uv": [ 12.5, 1, 12.25, 1.25 ], "texture": "#no25bomb" }
			}
		},
		{
			"__comment": "Voxels",
			"from": [ 8, 7, 20 ],
			"to": [ 9, 8, 32 ],
			"faces": {
				"down": { "uv": [ 4, 2, 4.25, 5 ], "texture": "#no25bomb" },
				"up": { "uv": [ 4.25, 5, 4.5, 2 ], "texture": "#no25bomb" },
				"north": { "uv": [ 12.5, 0.25, 12.25, 0.5 ], "texture": "#no25bomb" },
				"south": { "uv": [ 12.25, 0, 12.5, 0.25 ], "texture": "#no25bomb" },
				"west": { "uv": [ 7, 8, 10, 8.25 ], "texture": "#no25bomb" },
				"east": { "uv": [ 13, 8, 10, 8.25 ], "texture": "#no25bomb" }
			}
		},
		{
			"__comment": "Voxels",
			"from": [ 8, 8, -14 ],
			"to": [ 9, 9, -13 ],
			"faces": {
				"down": { "uv": [ 12.5, 3, 12.75, 3.25 ], "texture": "#no25bomb" },
				"up": { "uv": [ 13, 3.25, 13.25, 3 ], "texture": "#no25bomb" },
				"north": { "uv": [ 12.75, 2.75, 12.5, 3 ], "texture": "#no25bomb" },
				"south": { "uv": [ 12.5, 2.5, 12.75, 2.75 ], "texture": "#no25bomb" },
				"west": { "uv": [ 12.5, 2.25, 12.75, 2.5 ], "texture": "#no25bomb" },
				"east": { "uv": [ 13.25, 1.75, 13, 2 ], "texture": "#no25bomb" }
			}
		},
		{
			"__comment": "Voxels",
			"from": [ 8, 8, 22 ],
			"to": [ 9, 9, 24 ],
			"faces": {
				"down": { "uv": [ 11.5, 2.25, 11.75, 2.75 ], "texture": "#no25bomb" },
				"up": { "uv": [ 11.75, 2.75, 12, 2.25 ], "texture": "#no25bomb" },
				"north": { "uv": [ 12.75, 2, 12.5, 2.25 ], "texture": "#no25bomb" },
				"south": { "uv": [ 12.5, 1.75, 12.75, 2 ], "texture": "#no25bomb" },
				"west": { "uv": [ 6.5, 2, 7, 2.25 ], "texture": "#no25bomb" },
				"east": { "uv": [ 7, 1.75, 6.5, 2 ], "texture": "#no25bomb" }
			}
		},
		{
			"__comment": "Voxels",
			"from": [ 8, 8, 29 ],
			"to": [ 9, 9, 32 ],
			"faces": {
				"down": { "uv": [ 8.25, 1.5, 8.5, 2.25 ], "texture": "#no25bomb" },
				"up": { "uv": [ 8.5, 2.25, 8.75, 1.5 ], "texture": "#no25bomb" },
				"north": { "uv": [ 12.75, 1.5, 12.5, 1.75 ], "texture": "#no25bomb" },
				"south": { "uv": [ 12.5, 1.25, 12.75, 1.5 ], "texture": "#no25bomb" },
				"west": { "uv": [ 8.75, 0.75, 9.5, 1 ], "texture": "#no25bomb" },
				"east": { "uv": [ 9.5, 0.5, 8.75, 0.75 ], "texture": "#no25bomb" }
			}
		},
		{
			"__comment": "Voxels",
			"from": [ 8, 9, -16 ],
			"to": [ 9, 10, -14 ],
			"faces": {
				"down": { "uv": [ 7, 0, 7.25, 0.5 ], "texture": "#no25bomb" },
				"up": { "uv": [ 7.25, 0.5, 7.5, 0 ], "texture": "#no25bomb" },
				"north": { "uv": [ 12.75, 0.5, 12.5, 0.75 ], "texture": "#no25bomb" },
				"south": { "uv": [ 12.5, 0.25, 12.75, 0.5 ], "texture": "#no25bomb" },
				"west": { "uv": [ 6.5, 2.5, 7, 2.75 ], "texture": "#no25bomb" },
				"east": { "uv": [ 7, 2.25, 6.5, 2.5 ], "texture": "#no25bomb" }
			}
		},
		{
			"__comment": "Voxels",
			"from": [ 8, 9, 24 ],
			"to": [ 9, 10, 25 ],
			"faces": {
				"down": { "uv": [ 12.5, 0, 12.75, 0.25 ], "texture": "#no25bomb" },
				"up": { "uv": [ 12.75, 3.25, 13, 3 ], "texture": "#no25bomb" },
				"north": { "uv": [ 13.5, 2.75, 13.25, 3 ], "texture": "#no25bomb" },
				"south": { "uv": [ 13.25, 3, 13.5, 3.25 ], "texture": "#no25bomb" },
				"west": { "uv": [ 13.5, 3, 13.75, 3.25 ], "texture": "#no25bomb" },
				"east": { "uv": [ 14, 3, 13.75, 3.25 ], "texture": "#no25bomb" }
			}
		},
		{
			"__comment": "Voxels",
			"from": [ 8, 10, -14 ],
			"to": [ 9, 11, -13 ],
			"faces": {
				"down": { "uv": [ 14, 3, 14.25, 3.25 ], "texture": "#no25bomb" },
				"up": { "uv": [ 14.25, 3.25, 14.5, 3 ], "texture": "#no25bomb" },
				"north": { "uv": [ 14.75, 3, 14.5, 3.25 ], "texture": "#no25bomb" },
				"south": { "uv": [ 14.75, 3, 15, 3.25 ], "texture": "#no25bomb" },
				"west": { "uv": [ 15, 3, 15.25, 3.25 ], "texture": "#no25bomb" },
				"east": { "uv": [ 15.5, 3, 15.25, 3.25 ], "texture": "#no25bomb" }
			}
		},
		{
			"__comment": "Voxels",
			"from": [ 8, 10, 22 ],
			"to": [ 9, 14, 24 ],
			"faces": {
				"down": { "uv": [ 11.5, 1.75, 11.75, 2.25 ], "texture": "#no25bomb" },
				"up": { "uv": [ 11.75, 2.25, 12, 1.75 ], "texture": "#no25bomb" },
				"north": { "uv": [ 8.25, 0.5, 8, 1.5 ], "texture": "#no25bomb" },
				"south": { "uv": [ 8.25, 3.75, 8.5, 4.75 ], "texture": "#no25bomb" },
				"west": { "uv": [ 7.5, 1.5, 8, 2.5 ], "texture": "#no25bomb" },
				"east": { "uv": [ 8, 0.5, 7.5, 1.5 ], "texture": "#no25bomb" }
			}
		},
		{
			"__comment": "Voxels",
			"from": [ 8, 10, 29 ],
			"to": [ 9, 14, 31 ],
			"faces": {
				"down": { "uv": [ 11.5, 0.5, 11.75, 1 ], "texture": "#no25bomb" },
				"up": { "uv": [ 11.75, 1, 12, 0.5 ], "texture": "#no25bomb" },
				"north": { "uv": [ 8.25, 1.5, 8, 2.5 ], "texture": "#no25bomb" },
				"south": { "uv": [ 4.5, 2.75, 4.75, 3.75 ], "texture": "#no25bomb" },
				"west": { "uv": [ 7, 0.5, 7.5, 1.5 ], "texture": "#no25bomb" },
				"east": { "uv": [ 7.5, 1.5, 7, 2.5 ], "texture": "#no25bomb" }
			}
		},
		{
			"__comment": "Voxels",
			"from": [ 8, 10, 31 ],
			"to": [ 9, 12, 32 ],
			"faces": {
				"down": { "uv": [ 12.75, 0.25, 13, 0.5 ], "texture": "#no25bomb" },
				"up": { "uv": [ 12.75, 0.25, 13, 0 ], "texture": "#no25bomb" },
				"north": { "uv": [ 11.75, 0, 11.5, 0.5 ], "texture": "#no25bomb" },
				"south": { "uv": [ 6.75, 2.75, 7, 3.25 ], "texture": "#no25bomb" },
				"west": { "uv": [ 11.75, 0, 12, 0.5 ], "texture": "#no25bomb" },
				"east": { "uv": [ 12.25, 3.25, 12, 3.75 ], "texture": "#no25bomb" }
			}
		},
		{
			"__comment": "Voxels",
			"from": [ 8, 11, -13 ],
			"to": [ 9, 12, -12 ],
			"faces": {
				"down": { "uv": [ 14, 2.75, 14.25, 3 ], "texture": "#no25bomb" },
				"up": { "uv": [ 14.25, 3, 14.5, 2.75 ], "texture": "#no25bomb" },
				"north": { "uv": [ 14.75, 2.75, 14.5, 3 ], "texture": "#no25bomb" },
				"south": { "uv": [ 14.75, 2.75, 15, 3 ], "texture": "#no25bomb" },
				"west": { "uv": [ 15, 2.75, 15.25, 3 ], "texture": "#no25bomb" },
				"east": { "uv": [ 15.5, 2.75, 15.25, 3 ], "texture": "#no25bomb" }
			}
		},
		{
			"__comment": "Voxels",
			"from": [ 8, 11, 20 ],
			"to": [ 9, 14, 22 ],
			"faces": {
				"down": { "uv": [ 12, 2.75, 12.25, 3.25 ], "texture": "#no25bomb" },
				"up": { "uv": [ 12, 2.75, 12.25, 2.25 ], "texture": "#no25bomb" },
				"north": { "uv": [ 8.5, 0.75, 8.25, 1.5 ], "texture": "#no25bomb" },
				"south": { "uv": [ 8.5, 0.75, 8.75, 1.5 ], "texture": "#no25bomb" },
				"west": { "uv": [ 8.25, 4.75, 8.75, 5.5 ], "texture": "#no25bomb" },
				"east": { "uv": [ 7, 3.25, 6.5, 4 ], "texture": "#no25bomb" }
			}
		},
		{
			"__comment": "Voxels",
			"from": [ 8, 11, 24 ],
			"to": [ 9, 14, 29 ],
			"faces": {
				"down": { "uv": [ 4.5, 3.75, 4.75, 5 ], "texture": "#no25bomb" },
				"up": { "uv": [ 11, 13.5, 11.25, 12.25 ], "texture": "#no25bomb" },
				"north": { "uv": [ 8.5, 0, 8.25, 0.75 ], "texture": "#no25bomb" },
				"south": { "uv": [ 8.5, 0, 8.75, 0.75 ], "texture": "#no25bomb" },
				"west": { "uv": [ 4.75, 4, 6, 4.75 ], "texture": "#no25bomb" },
				"east": { "uv": [ 6, 3.25, 4.75, 4 ], "texture": "#no25bomb" }
			}
		},
		{
			"__comment": "Voxels",
			"from": [ 8, 12, 18 ],
			"to": [ 9, 13, 20 ],
			"faces": {
				"down": { "uv": [ 12, 1.75, 12.25, 2.25 ], "texture": "#no25bomb" },
				"up": { "uv": [ 12, 1.75, 12.25, 1.25 ], "texture": "#no25bomb" },
				"north": { "uv": [ 13.75, 2.5, 13.5, 2.75 ], "texture": "#no25bomb" },
				"south": { "uv": [ 13.75, 2.5, 14, 2.75 ], "texture": "#no25bomb" },
				"west": { "uv": [ 13.25, 3.5, 13.75, 3.75 ], "texture": "#no25bomb" },
				"east": { "uv": [ 14.25, 3.5, 13.75, 3.75 ], "texture": "#no25bomb" }
			}
		},
		{
			"__comment": "Voxels",
			"from": [ 8, 13, 19 ],
			"to": [ 9, 14, 20 ],
			"faces": {
				"down": { "uv": [ 14.5, 2.5, 14.75, 2.75 ], "texture": "#no25bomb" },
				"up": { "uv": [ 14.75, 2.75, 15, 2.5 ], "texture": "#no25bomb" },
				"north": { "uv": [ 15.25, 2.5, 15, 2.75 ], "texture": "#no25bomb" },
				"south": { "uv": [ 15.25, 2.5, 15.5, 2.75 ], "texture": "#no25bomb" },
				"west": { "uv": [ 15.5, 2.5, 15.75, 2.75 ], "texture": "#no25bomb" },
				"east": { "uv": [ 16, 2.5, 15.75, 2.75 ], "texture": "#no25bomb" }
			}
		},
		{
			"__comment": "Voxels",
			"from": [ 8, 13, 31 ],
			"to": [ 9, 14, 32 ],
			"faces": {
				"down": { "uv": [ 13.25, 2.25, 13.5, 2.5 ], "texture": "#no25bomb" },
				"up": { "uv": [ 13.25, 2.25, 13.5, 2 ], "texture": "#no25bomb" },
				"north": { "uv": [ 13.5, 1.75, 13.25, 2 ], "texture": "#no25bomb" },
				"south": { "uv": [ 13.25, 1.5, 13.5, 1.75 ], "texture": "#no25bomb" },
				"west": { "uv": [ 13.25, 1.25, 13.5, 1.5 ], "texture": "#no25bomb" },
				"east": { "uv": [ 13.5, 1, 13.25, 1.25 ], "texture": "#no25bomb" }
			}
		},
		{
			"__comment": "Voxels",
			"from": [ 9, 9, 29 ],
			"to": [ 13, 10, 32 ],
			"faces": {
				"down": { "uv": [ 6, 6.25, 7, 7 ], "texture": "#no25bomb" },
				"up": { "uv": [ 6, 7.75, 7, 7 ], "texture": "#no25bomb" },
				"north": { "uv": [ 7, 4.75, 6, 5 ], "texture": "#no25bomb" },
				"south": { "uv": [ 6, 5.5, 7, 5.75 ], "texture": "#no25bomb" },
				"west": { "uv": [ 8.75, 0.25, 9.5, 0.5 ], "texture": "#no25bomb" },
				"east": { "uv": [ 9.5, 0, 8.75, 0.25 ], "texture": "#no25bomb" }
			}
		},
		{
			"__comment": "Voxels",
			"from": [ 10, 7, 31 ],
			"to": [ 11, 8, 32 ],
			"faces": {
				"down": { "uv": [ 14, 2.25, 14.25, 2.5 ], "texture": "#no25bomb" },
				"up": { "uv": [ 14.25, 2.5, 14.5, 2.25 ], "texture": "#no25bomb" },
				"north": { "uv": [ 14.75, 2.25, 14.5, 2.5 ], "texture": "#no25bomb" },
				"south": { "uv": [ 14.75, 2.25, 15, 2.5 ], "texture": "#no25bomb" },
				"west": { "uv": [ 15, 2.25, 15.25, 2.5 ], "texture": "#no25bomb" },
				"east": { "uv": [ 15.5, 2.25, 15.25, 2.5 ], "texture": "#no25bomb" }
			}
		},
		{
			"__comment": "Voxels",
			"from": [ 10, 9, 24 ],
			"to": [ 13, 10, 29 ],
			"faces": {
				"down": { "uv": [ 10.5, 11, 11.25, 12.25 ], "texture": "#no25bomb" },
				"up": { "uv": [ 4, 6.25, 4.75, 5 ], "texture": "#no25bomb" },
				"north": { "uv": [ 10.25, 0.5, 9.5, 0.75 ], "texture": "#no25bomb" },
				"south": { "uv": [ 9.5, 0.25, 10.25, 0.5 ], "texture": "#no25bomb" },
				"west": { "uv": [ 9.5, 5.25, 10.75, 5.5 ], "texture": "#no25bomb" },
				"east": { "uv": [ 15.75, 5.5, 14.5, 5.75 ], "texture": "#no25bomb" }
			}
		},
		{
			"__comment": "Voxels",
			"from": [ 10, 11, 31 ],
			"to": [ 11, 12, 32 ],
			"faces": {
				"down": { "uv": [ 13.5, 1, 13.75, 1.25 ], "texture": "#no25bomb" },
				"up": { "uv": [ 13.5, 1, 13.75, 0.75 ], "texture": "#no25bomb" },
				"north": { "uv": [ 13.75, 0.5, 13.5, 0.75 ], "texture": "#no25bomb" },
				"south": { "uv": [ 13.5, 0.25, 13.75, 0.5 ], "texture": "#no25bomb" },
				"west": { "uv": [ 13.5, 0, 13.75, 0.25 ], "texture": "#no25bomb" },
				"east": { "uv": [ 14, 2, 13.75, 2.25 ], "texture": "#no25bomb" }
			}
		},
		{
			"__comment": "Voxels",
			"from": [ 11, 8, 31 ],
			"to": [ 12, 9, 32 ],
			"faces": {
				"down": { "uv": [ 14, 2, 14.25, 2.25 ], "texture": "#no25bomb" },
				"up": { "uv": [ 14.25, 2.25, 14.5, 2 ], "texture": "#no25bomb" },
				"north": { "uv": [ 14.75, 2, 14.5, 2.25 ], "texture": "#no25bomb" },
				"south": { "uv": [ 14.75, 2, 15, 2.25 ], "texture": "#no25bomb" },
				"west": { "uv": [ 15, 2, 15.25, 2.25 ], "texture": "#no25bomb" },
				"east": { "uv": [ 15.5, 2, 15.25, 2.25 ], "texture": "#no25bomb" }
			}
		},
		{
			"__comment": "Voxels",
			"from": [ 11, 10, 31 ],
			"to": [ 12, 11, 32 ],
			"faces": {
				"down": { "uv": [ 15.5, 2, 15.75, 2.25 ], "texture": "#no25bomb" },
				"up": { "uv": [ 15.75, 2.25, 16, 2 ], "texture": "#no25bomb" },
				"north": { "uv": [ 14, 1.75, 13.75, 2 ], "texture": "#no25bomb" },
				"south": { "uv": [ 13.75, 1.5, 14, 1.75 ], "texture": "#no25bomb" },
				"west": { "uv": [ 13.75, 1.25, 14, 1.5 ], "texture": "#no25bomb" },
				"east": { "uv": [ 14, 1, 13.75, 1.25 ], "texture": "#no25bomb" }
			}
		}
	],
	"display": {
		"thirdperson_righthand": {
			"translation":  [ 0, -2.2, 0 ],
			"scale":  [ 0.583, 0.583, 0.583 ]
		},
		"thirdperson_lefthand": {
			"translation":  [ 0, -2.2, 0 ],
			"scale":  [ 0.583, 0.583, 0.583 ]
		}
	}
}