{
	"credit": "Made with Blockbench",
	"textures": {
		"0": "gun_ammo/exposed_copper",
		"particle": "gun_ammo/exposed_copper"
	},
	"elements": [
		{
			"name": "octagon",
			"from": [9.35, 3.53934, -7.001],
			"to": [9.75, 4.56066, -6.001],
			"rotation": {"angle": 0, "axis": "y", "origin": [8.75, 4, 0]},
			"faces": {
				"north": {"uv": [0, 0, 1, 1], "texture": "#0"},
				"east": {"uv": [0, 2, 1, 3], "texture": "#0"},
				"south": {"uv": [0, 2, 1, 3], "texture": "#0"},
				"west": {"uv": [0, 0, 1, 1], "texture": "#0"},
				"up": {"uv": [0, 0, 1, 1], "texture": "#0"},
				"down": {"uv": [0, 0, 1, 1], "texture": "#0"}
			}
		},
		{
			"name": "octagon",
			"from": [6.25, 3.53934, -7.001],
			"to": [6.65, 4.56066, -6.001],
			"rotation": {"angle": 0, "axis": "y", "origin": [8.75, 4, 0]},
			"faces": {
				"north": {"uv": [0, 4, 1, 5], "texture": "#0"},
				"east": {"uv": [0, 0, 1, 1], "texture": "#0"},
				"south": {"uv": [0, 4, 1, 5], "texture": "#0"},
				"west": {"uv": [0, 4, 1, 5], "texture": "#0"},
				"up": {"uv": [0, 0, 1, 1], "texture": "#0"},
				"down": {"uv": [0, 0, 1, 1], "texture": "#0"}
			}
		},
		{
			"name": "octagon",
			"from": [6.25, 3.53934, -7],
			"to": [6.65, 4.16066, -6],
			"rotation": {"angle": 45, "axis": "z", "origin": [7, 3.85, 0]},
			"faces": {
				"north": {"uv": [0, 0, 1, 1], "rotation": 180, "texture": "#0"},
				"east": {"uv": [0, 0, 1, 1], "rotation": 180, "texture": "#0"},
				"south": {"uv": [0, 0, 1, 1], "rotation": 180, "texture": "#0"},
				"west": {"uv": [5, 0, 6, 1], "rotation": 180, "texture": "#0"},
				"up": {"uv": [0, 0, 1, 1], "rotation": 180, "texture": "#0"},
				"down": {"uv": [0, 0, 1, 1], "rotation": 180, "texture": "#0"}
			}
		},
		{
			"name": "octagon",
			"from": [6.68934, 3.1, -7.001],
			"to": [9.31066, 3.5, -6.001],
			"rotation": {"angle": 0, "axis": "y", "origin": [9, 3.85, 0]},
			"faces": {
				"north": {"uv": [0, 0, 1, 1], "rotation": 180, "texture": "#0"},
				"east": {"uv": [0, 0, 1, 1], "rotation": 180, "texture": "#0"},
				"south": {"uv": [0, 4, 2.5, 5], "rotation": 180, "texture": "#0"},
				"west": {"uv": [0, 0, 1, 1], "rotation": 180, "texture": "#0"},
				"up": {"uv": [0, 0, 1, 1], "rotation": 180, "texture": "#0"},
				"down": {"uv": [0, 4, 2.5, 5], "rotation": 180, "texture": "#0"}
			}
		},
		{
			"name": "octagon",
			"from": [8.68934, 3.1, -7],
			"to": [9.31066, 3.5, -6],
			"rotation": {"angle": 45, "axis": "z", "origin": [9, 3.85, 0]},
			"faces": {
				"north": {"uv": [0, 2, 1, 3], "rotation": 90, "texture": "#0"},
				"east": {"uv": [0, 0, 1, 1], "rotation": 180, "texture": "#0"},
				"south": {"uv": [0, 0, 1, 1], "rotation": 180, "texture": "#0"},
				"west": {"uv": [0, 0, 1, 1], "rotation": 180, "texture": "#0"},
				"up": {"uv": [0, 0, 1, 1], "rotation": 180, "texture": "#0"},
				"down": {"uv": [2, 3, 3, 4], "rotation": 180, "texture": "#0"}
			}
		},
		{
			"name": "octagon",
			"from": [6.68934, 4.6, -7],
			"to": [7.31066, 5, -6],
			"rotation": {"angle": 45, "axis": "z", "origin": [7, 4.25, 0]},
			"faces": {
				"north": {"uv": [0, 0, 1, 1], "texture": "#0"},
				"east": {"uv": [0, 0, 1, 1], "texture": "#0"},
				"south": {"uv": [3, 0, 4, 1], "texture": "#0"},
				"west": {"uv": [0, 0, 1, 1], "texture": "#0"},
				"up": {"uv": [0, 2, 1, 3], "texture": "#0"},
				"down": {"uv": [0, 0, 1, 1], "texture": "#0"}
			}
		},
		{
			"name": "octagon",
			"from": [9.35, 3.93934, -7],
			"to": [9.75, 4.56066, -6],
			"rotation": {"angle": 45, "axis": "z", "origin": [9, 4.25, 0]},
			"faces": {
				"north": {"uv": [0, 1, 1, 2], "texture": "#0"},
				"east": {"uv": [1, 5, 2, 6], "texture": "#0"},
				"south": {"uv": [0, 0, 1, 1], "texture": "#0"},
				"west": {"uv": [0, 0, 1, 1], "texture": "#0"},
				"up": {"uv": [0, 0, 1, 1], "texture": "#0"},
				"down": {"uv": [0, 0, 1, 1], "texture": "#0"}
			}
		},
		{
			"name": "octagon",
			"from": [6.68934, 4.6, -7.001],
			"to": [9.31066, 5, -6.001],
			"rotation": {"angle": 0, "axis": "y", "origin": [7, 4.25, 0]},
			"faces": {
				"north": {"uv": [7, 3, 9.5, 4], "texture": "#0"},
				"east": {"uv": [0, 0, 1, 1], "texture": "#0"},
				"south": {"uv": [7, 2, 9.5, 3], "texture": "#0"},
				"west": {"uv": [0, 0, 1, 1], "texture": "#0"},
				"up": {"uv": [7, 2, 9.5, 3], "texture": "#0"},
				"down": {"uv": [0, 0, 1, 1], "texture": "#0"}
			}
		},
		{
			"name": "octagon",
			"from": [8.43934, 3.25, -8],
			"to": [9.06066, 3.65, 8],
			"rotation": {"angle": 45, "axis": "z", "origin": [8.75, 4, 0]},
			"faces": {
				"north": {"uv": [3, 3, 4, 4], "texture": "#0"},
				"east": {"uv": [0, 0, 1, 1], "texture": "#0"},
				"south": {"uv": [0, 0, 1, 1], "texture": "#0"},
				"west": {"uv": [0, 0, 1, 1], "texture": "#0"},
				"up": {"uv": [0, 0, 1, 1], "texture": "#0"},
				"down": {"uv": [6, 0, 7, 16], "texture": "#0"}
			}
		},
		{
			"name": "octagon",
			"from": [8.43934, 3.25, -8.001],
			"to": [9.06066, 3.65, 7.999],
			"rotation": {"angle": 0, "axis": "y", "origin": [8.75, 4, 0]},
			"faces": {
				"north": {"uv": [0, 0, 1, 1], "texture": "#0"},
				"east": {"uv": [0, 0, 1, 1], "texture": "#0"},
				"south": {"uv": [0, 0, 1, 1], "texture": "#0"},
				"west": {"uv": [0, 0, 1, 1], "texture": "#0"},
				"up": {"uv": [0, 0, 1, 1], "texture": "#0"},
				"down": {"uv": [1, 0, 2, 16], "texture": "#0"}
			}
		},
		{
			"name": "octagon",
			"from": [8.43934, 4.35, -8],
			"to": [9.06066, 4.75, 8],
			"rotation": {"angle": 45, "axis": "z", "origin": [8.75, 4, 0]},
			"faces": {
				"north": {"uv": [0, 0, 1, 1], "texture": "#0"},
				"east": {"uv": [0, 0, 1, 1], "texture": "#0"},
				"south": {"uv": [0, 0, 1, 1], "texture": "#0"},
				"west": {"uv": [0, 0, 1, 1], "texture": "#0"},
				"up": {"uv": [4, 0, 5, 16], "texture": "#0"},
				"down": {"uv": [0, 0, 1, 1], "texture": "#0"}
			}
		},
		{
			"name": "octagon",
			"from": [8.43934, 4.35, -8.001],
			"to": [9.06066, 4.75, 7.999],
			"rotation": {"angle": 0, "axis": "y", "origin": [8.75, 4, 0]},
			"faces": {
				"north": {"uv": [0, 2, 1, 3], "texture": "#0"},
				"east": {"uv": [0, 0, 1, 1], "texture": "#0"},
				"south": {"uv": [0, 0, 1, 1], "texture": "#0"},
				"west": {"uv": [0, 0, 1, 1], "texture": "#0"},
				"up": {"uv": [14, 0, 15, 16], "texture": "#0"},
				"down": {"uv": [0, 0, 1, 1], "texture": "#0"}
			}
		},
		{
			"name": "octagon",
			"from": [8, 3.68934, -8],
			"to": [8.4, 4.31066, 8],
			"rotation": {"angle": 45, "axis": "z", "origin": [8.75, 4, 0]},
			"faces": {
				"north": {"uv": [0, 1, 1, 2], "texture": "#0"},
				"east": {"uv": [0, 0, 1, 1], "texture": "#0"},
				"south": {"uv": [0, 0, 1, 1], "texture": "#0"},
				"west": {"uv": [0, 15, 16, 16], "texture": "#0"},
				"up": {"uv": [0, 0, 1, 1], "texture": "#0"},
				"down": {"uv": [0, 0, 1, 1], "texture": "#0"}
			}
		},
		{
			"name": "octagon",
			"from": [8, 3.68934, -8.001],
			"to": [8.4, 4.31066, 7.999],
			"rotation": {"angle": 0, "axis": "y", "origin": [8.75, 4, 0]},
			"faces": {
				"north": {"uv": [0, 1, 1, 2], "texture": "#0"},
				"east": {"uv": [0, 0, 1, 1], "texture": "#0"},
				"south": {"uv": [0, 0, 1, 1], "texture": "#0"},
				"west": {"uv": [0, 11, 16, 12], "texture": "#0"},
				"up": {"uv": [0, 0, 1, 1], "texture": "#0"},
				"down": {"uv": [0, 0, 1, 1], "texture": "#0"}
			}
		},
		{
			"name": "octagon",
			"from": [9.1, 3.68934, -8],
			"to": [9.5, 4.31066, 8],
			"rotation": {"angle": 45, "axis": "z", "origin": [8.75, 4, 0]},
			"faces": {
				"north": {"uv": [3, 0, 4, 1], "texture": "#0"},
				"east": {"uv": [0, 13, 16, 14], "texture": "#0"},
				"south": {"uv": [0, 0, 1, 1], "texture": "#0"},
				"west": {"uv": [0, 0, 1, 1], "texture": "#0"},
				"up": {"uv": [0, 0, 1, 1], "texture": "#0"},
				"down": {"uv": [0, 0, 1, 1], "texture": "#0"}
			}
		},
		{
			"name": "octagon",
			"from": [9.1, 3.68934, -8.001],
			"to": [9.5, 4.31066, 7.999],
			"rotation": {"angle": 0, "axis": "y", "origin": [8.75, 4, 0]},
			"faces": {
				"north": {"uv": [4, 2, 5, 3], "texture": "#0"},
				"east": {"uv": [1, 9, 16, 10], "texture": "#0"},
				"south": {"uv": [0, 2, 1, 3], "texture": "#0"},
				"west": {"uv": [0, 0, 1, 1], "texture": "#0"},
				"up": {"uv": [0, 0, 1, 1], "texture": "#0"},
				"down": {"uv": [0, 0, 1, 1], "texture": "#0"}
			}
		},
		{
			"name": "octagon",
			"from": [6.93934, 3.25, -8],
			"to": [7.56066, 3.65, 8],
			"rotation": {"angle": 45, "axis": "z", "origin": [7.25, 4, 0]},
			"faces": {
				"north": {"uv": [0, 1, 1, 2], "texture": "#0"},
				"east": {"uv": [0, 0, 1, 1], "texture": "#0"},
				"south": {"uv": [0, 0, 1, 1], "texture": "#0"},
				"west": {"uv": [0, 0, 1, 1], "texture": "#0"},
				"up": {"uv": [0, 0, 1, 1], "texture": "#0"},
				"down": {"uv": [5, 0, 6, 16], "texture": "#0"}
			}
		},
		{
			"name": "octagon",
			"from": [6.93934, 3.25, -8.001],
			"to": [7.56066, 3.65, 7.999],
			"rotation": {"angle": 0, "axis": "z", "origin": [7.25, 4, 0]},
			"faces": {
				"north": {"uv": [3, 0, 4, 1], "texture": "#0"},
				"east": {"uv": [0, 0, 1, 1], "texture": "#0"},
				"south": {"uv": [0, 0, 1, 1], "texture": "#0"},
				"west": {"uv": [0, 0, 1, 1], "texture": "#0"},
				"up": {"uv": [0, 0, 1, 1], "texture": "#0"},
				"down": {"uv": [1, 0, 2, 16], "texture": "#0"}
			}
		},
		{
			"name": "octagon",
			"from": [6.93934, 4.35, -8],
			"to": [7.56066, 4.75, 8],
			"rotation": {"angle": 45, "axis": "z", "origin": [7.25, 4, 0]},
			"faces": {
				"north": {"uv": [1, 2, 2, 3], "texture": "#0"},
				"east": {"uv": [0, 0, 1, 1], "texture": "#0"},
				"south": {"uv": [0, 4, 1, 5], "texture": "#0"},
				"west": {"uv": [0, 0, 1, 1], "texture": "#0"},
				"up": {"uv": [3, 0, 4, 16], "texture": "#0"},
				"down": {"uv": [0, 0, 1, 1], "texture": "#0"}
			}
		},
		{
			"name": "octagon",
			"from": [6.93934, 4.35, -8.001],
			"to": [7.56066, 4.75, 7.999],
			"rotation": {"angle": 0, "axis": "z", "origin": [7.25, 4, 0]},
			"faces": {
				"north": {"uv": [9, 6, 10, 7], "texture": "#0"},
				"east": {"uv": [0, 0, 1, 1], "texture": "#0"},
				"south": {"uv": [0, 0, 1, 1], "texture": "#0"},
				"west": {"uv": [0, 0, 1, 1], "texture": "#0"},
				"up": {"uv": [15, 0, 16, 16], "texture": "#0"},
				"down": {"uv": [0, 0, 1, 1], "texture": "#0"}
			}
		},
		{
			"name": "octagon",
			"from": [6.5, 3.68934, -8],
			"to": [6.9, 4.31066, 8],
			"rotation": {"angle": 45, "axis": "z", "origin": [7.25, 4, 0]},
			"faces": {
				"north": {"uv": [0, 0, 1, 1], "texture": "#0"},
				"east": {"uv": [0, 0, 1, 1], "texture": "#0"},
				"south": {"uv": [0, 0, 1, 1], "texture": "#0"},
				"west": {"uv": [0, 13, 16, 14], "texture": "#0"},
				"up": {"uv": [0, 0, 1, 1], "texture": "#0"},
				"down": {"uv": [0, 0, 1, 1], "texture": "#0"}
			}
		},
		{
			"name": "octagon",
			"from": [6.5, 3.68934, -8.001],
			"to": [6.9, 4.31066, 7.999],
			"rotation": {"angle": 0, "axis": "z", "origin": [7.25, 4, 0]},
			"faces": {
				"north": {"uv": [10, 6, 11, 7], "texture": "#0"},
				"east": {"uv": [0, 0, 1, 1], "texture": "#0"},
				"south": {"uv": [0, 1, 1, 2], "texture": "#0"},
				"west": {"uv": [0, 11, 16, 12], "texture": "#0"},
				"up": {"uv": [0, 0, 1, 1], "texture": "#0"},
				"down": {"uv": [0, 0, 1, 1], "texture": "#0"}
			}
		},
		{
			"name": "octagon",
			"from": [7.6, 3.68934, -8],
			"to": [8, 4.31066, 8],
			"rotation": {"angle": 45, "axis": "z", "origin": [7.25, 4, 0]},
			"faces": {
				"north": {"uv": [0, 0, 1, 1], "texture": "#0"},
				"east": {"uv": [0, 13, 16, 14], "texture": "#0"},
				"south": {"uv": [0, 0, 1, 1], "texture": "#0"},
				"west": {"uv": [0, 0, 1, 1], "texture": "#0"},
				"up": {"uv": [0, 0, 1, 1], "texture": "#0"},
				"down": {"uv": [0, 0, 1, 1], "texture": "#0"}
			}
		},
		{
			"name": "octagon",
			"from": [7.6, 3.68934, -8.001],
			"to": [8, 4.31066, 7.999],
			"rotation": {"angle": 0, "axis": "z", "origin": [7.25, 4, 0]},
			"faces": {
				"north": {"uv": [4, 3, 5, 4], "texture": "#0"},
				"east": {"uv": [1, 9, 16, 10], "texture": "#0"},
				"south": {"uv": [0, 0, 1, 1], "texture": "#0"},
				"west": {"uv": [0, 0, 1, 1], "texture": "#0"},
				"up": {"uv": [0, 0, 1, 1], "texture": "#0"},
				"down": {"uv": [0, 0, 1, 1], "texture": "#0"}
			}
		},
		{
			"from": [7.002, -6, 11],
			"to": [9.002, 0, 12],
			"rotation": {"angle": -22.5, "axis": "x", "origin": [0, 0, 0]},
			"faces": {
				"north": {"uv": [1, 1, 3, 7], "texture": "#0"},
				"east": {"uv": [1, 1, 2, 7], "texture": "#0"},
				"south": {"uv": [1, 1, 3, 7], "texture": "#0"},
				"west": {"uv": [2, 1, 3, 7], "texture": "#0"},
				"up": {"uv": [1, 6, 3, 7], "texture": "#0"},
				"down": {"uv": [1, 3, 3, 4], "texture": "#0"}
			}
		},
		{
			"from": [7, -6, 12],
			"to": [9, -5, 13],
			"rotation": {"angle": -22.5, "axis": "x", "origin": [0, 0, 0]},
			"faces": {
				"north": {"uv": [4, 2, 6, 3], "texture": "#0"},
				"east": {"uv": [4, 2, 5, 3], "texture": "#0"},
				"south": {"uv": [4, 2, 6, 3], "texture": "#0"},
				"west": {"uv": [4, 1, 5, 2], "texture": "#0"},
				"up": {"uv": [4, 1, 6, 2], "texture": "#0"},
				"down": {"uv": [4, 1, 6, 2], "texture": "#0"}
			}
		},
		{
			"from": [7.001, -6, 13],
			"to": [9.001, -1, 13.5],
			"rotation": {"angle": -22.5, "axis": "x", "origin": [0, 0, 0]},
			"faces": {
				"north": {"uv": [1, 4, 3, 9], "texture": "#0"},
				"east": {"uv": [1, 4, 1.5, 9], "texture": "#0"},
				"south": {"uv": [1, 4, 3, 9], "texture": "#0"},
				"west": {"uv": [1, 4, 1.5, 9], "texture": "#0"},
				"up": {"uv": [1, 8, 3, 8.5], "texture": "#0"},
				"down": {"uv": [1, 4, 3, 4.5], "texture": "#0"}
			}
		},
		{
			"from": [6.75, 3, 8],
			"to": [9.25, 5, 13],
			"faces": {
				"north": {"uv": [1, 4, 3.5, 6], "texture": "#0"},
				"east": {"uv": [1, 4, 6, 6], "texture": "#0"},
				"south": {"uv": [1, 4, 3.5, 6], "texture": "#0"},
				"west": {"uv": [1, 4, 6, 6], "texture": "#0"},
				"up": {"uv": [1, 4, 3.5, 9], "texture": "#0"},
				"down": {"uv": [1, 4, 3.5, 9], "texture": "#0"}
			}
		},
		{
			"from": [7.35, 5, -6.75],
			"to": [8.45, 5.35, -6.25],
			"faces": {
				"north": {"uv": [3, 1, 4.1, 1.35], "texture": "#0"},
				"east": {"uv": [0, 0, 0.5, 0.35], "texture": "#0"},
				"south": {"uv": [1, 2, 2.1, 2.35], "texture": "#0"},
				"west": {"uv": [7, 3, 7.5, 3.35], "texture": "#0"},
				"up": {"uv": [3, 0, 4.1, 0.5], "texture": "#0"},
				"down": {"uv": [0, 0, 1.1, 0.5], "texture": "#0"}
			}
		},
		{
			"from": [6.85, 2.85, 7],
			"to": [9.15, 3.25, 9],
			"faces": {
				"north": {"uv": [9, 9, 11.3, 9.4], "texture": "#0"},
				"east": {"uv": [9, 9, 11, 9.4], "texture": "#0"},
				"south": {"uv": [9, 10, 11.3, 10.4], "texture": "#0"},
				"west": {"uv": [9, 8, 11, 8.4], "texture": "#0"},
				"up": {"uv": [9, 8, 11.3, 10], "texture": "#0"},
				"down": {"uv": [9, 8, 11.3, 10], "texture": "#0"}
			}
		},
		{
			"from": [7.75, 1.55742, 9.41581],
			"to": [8.25, 3.05742, 10.41581],
			"rotation": {"angle": 0, "axis": "y", "origin": [8.5, 5.70742, 11.16581]},
			"faces": {
				"north": {"uv": [4, 3, 4.5, 4.5], "texture": "#0"},
				"east": {"uv": [4, 3, 5, 4.5], "texture": "#0"},
				"south": {"uv": [4, 2, 4.5, 3.5], "texture": "#0"},
				"west": {"uv": [4, 2, 5, 3.5], "texture": "#0"},
				"up": {"uv": [4, 2, 4.5, 3], "texture": "#0"},
				"down": {"uv": [4, 3, 4.5, 4], "texture": "#0"}
			}
		},
		{
			"from": [7.5, 4.3, 11.6],
			"to": [8.5, 5.3, 21.6],
			"faces": {
				"north": {"uv": [1, 1, 2, 2], "texture": "#0"},
				"east": {"uv": [1, 1, 11, 2], "texture": "#0"},
				"south": {"uv": [1, 1, 2, 2], "texture": "#0"},
				"west": {"uv": [1, 1, 11, 2], "texture": "#0"},
				"up": {"uv": [1, 1, 2, 11], "texture": "#0"},
				"down": {"uv": [1, 1, 2, 11], "texture": "#0"}
			}
		},
		{
			"from": [7, 0.84207, 21.60445],
			"to": [9, 5.84207, 22.60445],
			"rotation": {"angle": 0, "axis": "y", "origin": [8, 3.44207, 20.30445]},
			"faces": {
				"north": {"uv": [4, 1, 6, 6], "texture": "#0"},
				"east": {"uv": [5, 1, 6, 6], "texture": "#0"},
				"south": {"uv": [4, 1, 6, 6], "texture": "#0"},
				"west": {"uv": [4, 1, 5, 6], "texture": "#0"},
				"up": {"uv": [4, 5, 6, 6], "texture": "#0"},
				"down": {"uv": [4, 1, 6, 2], "texture": "#0"}
			}
		}
	],
	"display": {
		"thirdperson_righthand": {
			"translation": [0, 4.25, -1],
			"scale": [0.85, 0.85, 0.85]
		},
		"thirdperson_lefthand": {
			"translation": [0, 4.25, -1],
			"scale": [0.85, 0.85, 0.85]
		},
		"firstperson_righthand": {
			"translation": [0, 7.5, -0.75]
		},
		"firstperson_lefthand": {
			"translation": [0, 7.5, -0.75]
		},
		"ground": {
			"rotation": [0, 0, 90],
			"translation": [-4, -2.5, 1],
			"scale": [0.95, 0.95, 0.95]
		},
		"gui": {
			"rotation": [22, 35, 0],
			"translation": [0, 5, 0],
			"scale": [1.15, 1.15, 1.15]
		},
		"head": {
			"translation": [3.75, 3.5, -6.75]
		},
		"fixed": {
			"rotation": [0, -90, 0],
			"translation": [-0.25, 3.75, 0]
		}
	},
	"groups": [
		{
			"name": "octagon",
			"origin": [8, 8, 8],
			"color": 0,
			"children": [0, 1, 2, 3, 4, 5, 6, 7]
		},
		{
			"name": "octagon",
			"origin": [8, 8, 8],
			"color": 0,
			"children": [8, 9, 10, 11, 12, 13, 14, 15]
		},
		{
			"name": "octagon",
			"origin": [8, 8, 8],
			"color": 0,
			"children": [16, 17, 18, 19, 20, 21, 22, 23]
		},
		24,
		25,
		26,
		27,
		28,
		29,
		30,
		31,
		32
	]
}