{
	"__comment": "Designed by Uran2471 with Cubik Studio - https://cubik.studio",
	"textures": {
		"particle": "blocks/particle",
		"500lb-mc-bomb": "custom/500lb-mc-bomb"
	},
	"elements": [ 	 
		{
			"__comment": "Voxels",
			"from": [ 4, 4, -8 ],
			"to": [ 13, 9, 10 ],
			"faces": {
				"down": { "uv": [ 0, 13.75, 1.125, 16 ], "texture": "#500lb-mc-bomb" },
				"up": { "uv": [ 0, 13.75, 1.125, 11.5 ], "texture": "#500lb-mc-bomb" },
				"north": { "uv": [ 1.125, 8.25, 0, 8.875 ], "texture": "#500lb-mc-bomb" },
				"south": { "uv": [ 3, 14.125, 4.125, 14.75 ], "texture": "#500lb-mc-bomb" },
				"west": { "uv": [ 2.625, 15.375, 4.875, 16 ], "texture": "#500lb-mc-bomb" },
				"east": { "uv": [ 4.875, 14.75, 2.625, 15.375 ], "texture": "#500lb-mc-bomb" }
			}
		},
		{
			"__comment": "Voxels",
			"from": [ 4, 4, 24 ],
			"to": [ 5, 9, 32 ],
			"faces": {
				"down": { "uv": [ 5, 8, 5.125, 9 ], "texture": "#500lb-mc-bomb" },
				"up": { "uv": [ 5, 10, 5.125, 9 ], "texture": "#500lb-mc-bomb" },
				"north": { "uv": [ 7.625, 14.625, 7.5, 15.25 ], "texture": "#500lb-mc-bomb" },
				"south": { "uv": [ 7.5, 14, 7.625, 14.625 ], "texture": "#500lb-mc-bomb" },
				"west": { "uv": [ 3.625, 13.5, 4.625, 14.125 ], "texture": "#500lb-mc-bomb" },
				"east": { "uv": [ 4.625, 12.875, 3.625, 13.5 ], "texture": "#500lb-mc-bomb" }
			}
		},
		{
			"__comment": "Voxels",
			"from": [ 4, 5, -10 ],
			"to": [ 13, 8, -8 ],
			"faces": {
				"down": { "uv": [ 3.5, 8.375, 4.625, 8.625 ], "texture": "#500lb-mc-bomb" },
				"up": { "uv": [ 3.5, 8.375, 4.625, 8.125 ], "texture": "#500lb-mc-bomb" },
				"north": { "uv": [ 4.875, 10.375, 3.75, 10.75 ], "texture": "#500lb-mc-bomb" },
				"south": { "uv": [ 2.625, 10, 3.75, 10.375 ], "texture": "#500lb-mc-bomb" },
				"west": { "uv": [ 4.625, 10.875, 4.875, 11.25 ], "texture": "#500lb-mc-bomb" },
				"east": { "uv": [ 4.875, 13.125, 4.625, 13.5 ], "texture": "#500lb-mc-bomb" }
			}
		},
		{
			"__comment": "Voxels",
			"from": [ 4, 5, 10 ],
			"to": [ 13, 9, 11 ],
			"faces": {
				"down": { "uv": [ 6, 12, 7.125, 12.125 ], "texture": "#500lb-mc-bomb" },
				"up": { "uv": [ 5.625, 12, 6.75, 11.875 ], "texture": "#500lb-mc-bomb" },
				"north": { "uv": [ 4.75, 12.375, 3.625, 12.875 ], "texture": "#500lb-mc-bomb" },
				"south": { "uv": [ 2.625, 10.75, 3.75, 11.25 ], "texture": "#500lb-mc-bomb" },
				"west": { "uv": [ 4.75, 12.375, 4.875, 12.875 ], "texture": "#500lb-mc-bomb" },
				"east": { "uv": [ 7.625, 11, 7.5, 11.5 ], "texture": "#500lb-mc-bomb" }
			}
		},
		{
			"__comment": "Voxels",
			"from": [ 4, 5, 11 ],
			"to": [ 13, 8, 12 ],
			"faces": {
				"down": { "uv": [ 4.875, 12, 6, 12.125 ], "texture": "#500lb-mc-bomb" },
				"up": { "uv": [ 5.625, 11.875, 6.75, 11.75 ], "texture": "#500lb-mc-bomb" },
				"north": { "uv": [ 3.75, 9.625, 2.625, 10 ], "texture": "#500lb-mc-bomb" },
				"south": { "uv": [ 3.75, 9.625, 4.875, 10 ], "texture": "#500lb-mc-bomb" },
				"west": { "uv": [ 7.625, 13.75, 7.75, 14.125 ], "texture": "#500lb-mc-bomb" },
				"east": { "uv": [ 7.875, 13.75, 7.75, 14.125 ], "texture": "#500lb-mc-bomb" }
			}
		},
		{
			"__comment": "Voxels",
			"from": [ 4, 6, -11 ],
			"to": [ 13, 8, -10 ],
			"faces": {
				"down": { "uv": [ 5.625, 11.625, 6.75, 11.75 ], "texture": "#500lb-mc-bomb" },
				"up": { "uv": [ 4.875, 11.625, 6, 11.5 ], "texture": "#500lb-mc-bomb" },
				"north": { "uv": [ 4.625, 8.625, 3.5, 8.875 ], "texture": "#500lb-mc-bomb" },
				"south": { "uv": [ 6, 14.75, 7.125, 15 ], "texture": "#500lb-mc-bomb" },
				"west": { "uv": [ 4.75, 14.125, 4.875, 14.375 ], "texture": "#500lb-mc-bomb" },
				"east": { "uv": [ 4.75, 13.5, 4.625, 13.75 ], "texture": "#500lb-mc-bomb" }
			}
		},
		{
			"__comment": "Voxels",
			"from": [ 4, 6, 12 ],
			"to": [ 13, 8, 13 ],
			"faces": {
				"down": { "uv": [ 3.625, 12.25, 4.75, 12.375 ], "texture": "#500lb-mc-bomb" },
				"up": { "uv": [ 3.5, 8.125, 4.625, 8 ], "texture": "#500lb-mc-bomb" },
				"north": { "uv": [ 1.125, 8, 0, 8.25 ], "texture": "#500lb-mc-bomb" },
				"south": { "uv": [ 4.875, 14.75, 6, 15 ], "texture": "#500lb-mc-bomb" },
				"west": { "uv": [ 4.75, 13.5, 4.875, 13.75 ], "texture": "#500lb-mc-bomb" },
				"east": { "uv": [ 4.75, 12.875, 4.625, 13.125 ], "texture": "#500lb-mc-bomb" }
			}
		},
		{
			"__comment": "Voxels",
			"from": [ 4, 6, 18 ],
			"to": [ 13, 7, 21 ],
			"faces": {
				"down": { "uv": [ 3.75, 10, 4.875, 10.375 ], "texture": "#500lb-mc-bomb" },
				"up": { "uv": [ 2.625, 10.75, 3.75, 10.375 ], "texture": "#500lb-mc-bomb" },
				"north": { "uv": [ 6, 12.375, 4.875, 12.5 ], "texture": "#500lb-mc-bomb" },
				"south": { "uv": [ 6, 12.375, 7.125, 12.5 ], "texture": "#500lb-mc-bomb" },
				"west": { "uv": [ 7, 11.5, 7.375, 11.625 ], "texture": "#500lb-mc-bomb" },
				"east": { "uv": [ 7.375, 11, 7, 11.125 ], "texture": "#500lb-mc-bomb" }
			}
		},
		{
			"__comment": "Voxels",
			"from": [ 4, 6, 21 ],
			"to": [ 6, 7, 24 ],
			"faces": {
				"down": { "uv": [ 4.625, 13.75, 4.875, 14.125 ], "texture": "#500lb-mc-bomb" },
				"up": { "uv": [ 2.375, 9, 2.625, 8.625 ], "texture": "#500lb-mc-bomb" },
				"north": { "uv": [ 1.125, 8.875, 0.875, 9 ], "texture": "#500lb-mc-bomb" },
				"south": { "uv": [ 2.375, 8.5, 2.625, 8.625 ], "texture": "#500lb-mc-bomb" },
				"west": { "uv": [ 7.125, 10.875, 7.5, 11 ], "texture": "#500lb-mc-bomb" },
				"east": { "uv": [ 7.375, 10.75, 7, 10.875 ], "texture": "#500lb-mc-bomb" }
			}
		},
		{
			"__comment": "Voxels",
			"from": [ 4, 8, -9 ],
			"to": [ 13, 9, -8 ],
			"faces": {
				"down": { "uv": [ 4.875, 12.25, 6, 12.375 ], "texture": "#500lb-mc-bomb" },
				"up": { "uv": [ 6, 12.375, 7.125, 12.25 ], "texture": "#500lb-mc-bomb" },
				"north": { "uv": [ 6, 12.125, 4.875, 12.25 ], "texture": "#500lb-mc-bomb" },
				"south": { "uv": [ 6, 12.125, 7.125, 12.25 ], "texture": "#500lb-mc-bomb" },
				"west": { "uv": [ 4.75, 12.25, 4.875, 12.375 ], "texture": "#500lb-mc-bomb" },
				"east": { "uv": [ 11.875, 15.625, 11.75, 15.75 ], "texture": "#500lb-mc-bomb" }
			}
		},
		{
			"__comment": "Voxels",
			"from": [ 5, 3, -9 ],
			"to": [ 12, 5, -8 ],
			"faces": {
				"down": { "uv": [ 5.125, 8.625, 6, 8.75 ], "texture": "#500lb-mc-bomb" },
				"up": { "uv": [ 5.125, 9.125, 6, 9 ], "texture": "#500lb-mc-bomb" },
				"north": { "uv": [ 5.75, 13.75, 4.875, 14 ], "texture": "#500lb-mc-bomb" },
				"south": { "uv": [ 4.875, 14, 5.75, 14.25 ], "texture": "#500lb-mc-bomb" },
				"west": { "uv": [ 4.625, 8.625, 4.75, 8.875 ], "texture": "#500lb-mc-bomb" },
				"east": { "uv": [ 4.75, 8.375, 4.625, 8.625 ], "texture": "#500lb-mc-bomb" }
			}
		},
		{
			"__comment": "Voxels",
			"from": [ 5, 3, -8 ],
			"to": [ 12, 4, 11 ],
			"faces": {
				"down": { "uv": [ 1.125, 11, 2, 13.375 ], "texture": "#500lb-mc-bomb" },
				"up": { "uv": [ 1.125, 11, 2, 8.625 ], "texture": "#500lb-mc-bomb" },
				"north": { "uv": [ 6, 9.5, 5.125, 9.625 ], "texture": "#500lb-mc-bomb" },
				"south": { "uv": [ 6, 9.625, 6.875, 9.75 ], "texture": "#500lb-mc-bomb" },
				"west": { "uv": [ 4.875, 15.125, 7.25, 15.25 ], "texture": "#500lb-mc-bomb" },
				"east": { "uv": [ 7.25, 15, 4.875, 15.125 ], "texture": "#500lb-mc-bomb" }
			}
		},
		{
			"__comment": "Voxels",
			"from": [ 5, 3, 24 ],
			"to": [ 6, 4, 32 ],
			"faces": {
				"down": { "uv": [ 2.375, 9, 2.5, 10 ], "texture": "#500lb-mc-bomb" },
				"up": { "uv": [ 2.5, 11, 2.625, 10 ], "texture": "#500lb-mc-bomb" },
				"north": { "uv": [ 14.875, 15.625, 14.75, 15.75 ], "texture": "#500lb-mc-bomb" },
				"south": { "uv": [ 14.625, 15.625, 14.75, 15.75 ], "texture": "#500lb-mc-bomb" },
				"west": { "uv": [ 4.875, 11.125, 5.875, 11.25 ], "texture": "#500lb-mc-bomb" },
				"east": { "uv": [ 6.875, 11.375, 5.875, 11.5 ], "texture": "#500lb-mc-bomb" }
			}
		},
		{
			"__comment": "Voxels",
			"from": [ 5, 4, -11 ],
			"to": [ 12, 6, -10 ],
			"faces": {
				"down": { "uv": [ 6, 10.5, 6.875, 10.625 ], "texture": "#500lb-mc-bomb" },
				"up": { "uv": [ 5.125, 10.625, 6, 10.5 ], "texture": "#500lb-mc-bomb" },
				"north": { "uv": [ 7.5, 14.25, 6.625, 14.5 ], "texture": "#500lb-mc-bomb" },
				"south": { "uv": [ 5.75, 13.75, 6.625, 14 ], "texture": "#500lb-mc-bomb" },
				"west": { "uv": [ 8, 12.5, 8.125, 12.75 ], "texture": "#500lb-mc-bomb" },
				"east": { "uv": [ 8.125, 12.75, 8, 13 ], "texture": "#500lb-mc-bomb" }
			}
		},
		{
			"__comment": "Voxels",
			"from": [ 5, 4, -10 ],
			"to": [ 12, 5, -9 ],
			"faces": {
				"down": { "uv": [ 2.625, 8, 3.5, 8.125 ], "texture": "#500lb-mc-bomb" },
				"up": { "uv": [ 1.125, 8.125, 2, 8 ], "texture": "#500lb-mc-bomb" },
				"north": { "uv": [ 6, 8, 5.125, 8.125 ], "texture": "#500lb-mc-bomb" },
				"south": { "uv": [ 5.125, 8.125, 6, 8.25 ], "texture": "#500lb-mc-bomb" },
				"west": { "uv": [ 13.5, 15.625, 13.625, 15.75 ], "texture": "#500lb-mc-bomb" },
				"east": { "uv": [ 13.5, 15.625, 13.375, 15.75 ], "texture": "#500lb-mc-bomb" }
			}
		},
		{
			"__comment": "Voxels",
			"from": [ 5, 4, 10 ],
			"to": [ 12, 5, 13 ],
			"faces": {
				"down": { "uv": [ 2.625, 8.125, 3.5, 8.5 ], "texture": "#500lb-mc-bomb" },
				"up": { "uv": [ 3.5, 9.25, 4.375, 8.875 ], "texture": "#500lb-mc-bomb" },
				"north": { "uv": [ 6.875, 9.125, 6, 9.25 ], "texture": "#500lb-mc-bomb" },
				"south": { "uv": [ 5.125, 8.375, 6, 8.5 ], "texture": "#500lb-mc-bomb" },
				"west": { "uv": [ 7.625, 15.25, 8, 15.375 ], "texture": "#500lb-mc-bomb" },
				"east": { "uv": [ 8, 14.125, 7.625, 14.25 ], "texture": "#500lb-mc-bomb" }
			}
		},
		{
			"__comment": "Voxels",
			"from": [ 5, 5, -12 ],
			"to": [ 12, 9, -11 ],
			"faces": {
				"down": { "uv": [ 5.125, 8.5, 6, 8.625 ], "texture": "#500lb-mc-bomb" },
				"up": { "uv": [ 5.125, 10, 6, 9.875 ], "texture": "#500lb-mc-bomb" },
				"north": { "uv": [ 2, 8.125, 1.125, 8.625 ], "texture": "#500lb-mc-bomb" },
				"south": { "uv": [ 3.75, 10.75, 4.625, 11.25 ], "texture": "#500lb-mc-bomb" },
				"west": { "uv": [ 7.5, 10.5, 7.625, 11 ], "texture": "#500lb-mc-bomb" },
				"east": { "uv": [ 7.625, 10, 7.5, 10.5 ], "texture": "#500lb-mc-bomb" }
			}
		},
		{
			"__comment": "Voxels",
			"from": [ 5, 5, 12 ],
			"to": [ 12, 6, 15 ],
			"faces": {
				"down": { "uv": [ 3.5, 9.25, 4.375, 9.625 ], "texture": "#500lb-mc-bomb" },
				"up": { "uv": [ 2.625, 9.625, 3.5, 9.25 ], "texture": "#500lb-mc-bomb" },
				"north": { "uv": [ 6.875, 9, 6, 9.125 ], "texture": "#500lb-mc-bomb" },
				"south": { "uv": [ 6, 8.875, 6.875, 9 ], "texture": "#500lb-mc-bomb" },
				"west": { "uv": [ 7.625, 13.125, 8, 13.25 ], "texture": "#500lb-mc-bomb" },
				"east": { "uv": [ 8, 12.5, 7.625, 12.625 ], "texture": "#500lb-mc-bomb" }
			}
		},
		{
			"__comment": "Voxels",
			"from": [ 5, 6, -13 ],
			"to": [ 12, 8, -12 ],
			"faces": {
				"down": { "uv": [ 6.125, 10.75, 7, 10.875 ], "texture": "#500lb-mc-bomb" },
				"up": { "uv": [ 5.125, 8.375, 6, 8.25 ], "texture": "#500lb-mc-bomb" },
				"north": { "uv": [ 6.625, 14, 5.75, 14.25 ], "texture": "#500lb-mc-bomb" },
				"south": { "uv": [ 6.625, 14, 7.5, 14.25 ], "texture": "#500lb-mc-bomb" },
				"west": { "uv": [ 8, 13.5, 8.125, 13.75 ], "texture": "#500lb-mc-bomb" },
				"east": { "uv": [ 8.125, 14.75, 8, 15 ], "texture": "#500lb-mc-bomb" }
			}
		},
		{
			"__comment": "Voxels",
			"from": [ 5, 6, 13 ],
			"to": [ 12, 9, 14 ],
			"faces": {
				"down": { "uv": [ 6, 9.375, 6.875, 9.5 ], "texture": "#500lb-mc-bomb" },
				"up": { "uv": [ 6, 9.375, 6.875, 9.25 ], "texture": "#500lb-mc-bomb" },
				"north": { "uv": [ 3.5, 8.5, 2.625, 8.875 ], "texture": "#500lb-mc-bomb" },
				"south": { "uv": [ 2.625, 8.875, 3.5, 9.25 ], "texture": "#500lb-mc-bomb" },
				"west": { "uv": [ 7.75, 9.375, 7.875, 9.75 ], "texture": "#500lb-mc-bomb" },
				"east": { "uv": [ 8, 13.75, 7.875, 14.125 ], "texture": "#500lb-mc-bomb" }
			}
		},
		{
			"__comment": "Voxels",
			"from": [ 5, 6, 14 ],
			"to": [ 12, 8, 15 ],
			"faces": {
				"down": { "uv": [ 5.125, 10.625, 6, 10.75 ], "texture": "#500lb-mc-bomb" },
				"up": { "uv": [ 6, 10.75, 6.875, 10.625 ], "texture": "#500lb-mc-bomb" },
				"north": { "uv": [ 6.625, 14.25, 5.75, 14.5 ], "texture": "#500lb-mc-bomb" },
				"south": { "uv": [ 4.875, 14.25, 5.75, 14.5 ], "texture": "#500lb-mc-bomb" },
				"west": { "uv": [ 8, 13.75, 8.125, 14 ], "texture": "#500lb-mc-bomb" },
				"east": { "uv": [ 8.125, 14, 8, 14.25 ], "texture": "#500lb-mc-bomb" }
			}
		},
		{
			"__comment": "Voxels",
			"from": [ 5, 6, 15 ],
			"to": [ 12, 7, 16 ],
			"faces": {
				"down": { "uv": [ 5.125, 10.375, 6, 10.5 ], "texture": "#500lb-mc-bomb" },
				"up": { "uv": [ 6, 10.5, 6.875, 10.375 ], "texture": "#500lb-mc-bomb" },
				"north": { "uv": [ 6, 10.25, 5.125, 10.375 ], "texture": "#500lb-mc-bomb" },
				"south": { "uv": [ 6, 10.25, 6.875, 10.375 ], "texture": "#500lb-mc-bomb" },
				"west": { "uv": [ 8, 8, 8.125, 8.125 ], "texture": "#500lb-mc-bomb" },
				"east": { "uv": [ 8.125, 8.125, 8, 8.25 ], "texture": "#500lb-mc-bomb" }
			}
		},
		{
			"__comment": "Voxels",
			"from": [ 5, 6, 17 ],
			"to": [ 12, 7, 18 ],
			"faces": {
				"down": { "uv": [ 5.125, 10.125, 6, 10.25 ], "texture": "#500lb-mc-bomb" },
				"up": { "uv": [ 6, 10.25, 6.875, 10.125 ], "texture": "#500lb-mc-bomb" },
				"north": { "uv": [ 6, 10, 5.125, 10.125 ], "texture": "#500lb-mc-bomb" },
				"south": { "uv": [ 6, 10, 6.875, 10.125 ], "texture": "#500lb-mc-bomb" },
				"west": { "uv": [ 8, 10.25, 8.125, 10.375 ], "texture": "#500lb-mc-bomb" },
				"east": { "uv": [ 8.125, 10.375, 8, 10.5 ], "texture": "#500lb-mc-bomb" }
			}
		},
		{
			"__comment": "Voxels",
			"from": [ 5, 6, 24 ],
			"to": [ 6, 7, 27 ],
			"faces": {
				"down": { "uv": [ 4.75, 8, 4.875, 8.375 ], "texture": "#500lb-mc-bomb" },
				"up": { "uv": [ 7.5, 10, 7.625, 9.625 ], "texture": "#500lb-mc-bomb" },
				"north": { "uv": [ 12.375, 15.625, 12.25, 15.75 ], "texture": "#500lb-mc-bomb" },
				"south": { "uv": [ 12.125, 15.625, 12.25, 15.75 ], "texture": "#500lb-mc-bomb" },
				"west": { "uv": [ 15.125, 15.75, 15.5, 15.875 ], "texture": "#500lb-mc-bomb" },
				"east": { "uv": [ 15.875, 15.75, 15.5, 15.875 ], "texture": "#500lb-mc-bomb" }
			}
		},
		{
			"__comment": "Voxels",
			"from": [ 5, 8, -11 ],
			"to": [ 12, 9, -9 ],
			"faces": {
				"down": { "uv": [ 6.625, 13.5, 7.5, 13.75 ], "texture": "#500lb-mc-bomb" },
				"up": { "uv": [ 5.75, 13.75, 6.625, 13.5 ], "texture": "#500lb-mc-bomb" },
				"north": { "uv": [ 6.875, 9.875, 6, 10 ], "texture": "#500lb-mc-bomb" },
				"south": { "uv": [ 5.125, 9.75, 6, 9.875 ], "texture": "#500lb-mc-bomb" },
				"west": { "uv": [ 8.625, 15.625, 8.875, 15.75 ], "texture": "#500lb-mc-bomb" },
				"east": { "uv": [ 8.625, 15.625, 8.375, 15.75 ], "texture": "#500lb-mc-bomb" }
			}
		},
		{
			"__comment": "Voxels",
			"from": [ 5, 8, 11 ],
			"to": [ 12, 10, 12 ],
			"faces": {
				"down": { "uv": [ 6, 9.75, 6.875, 9.875 ], "texture": "#500lb-mc-bomb" },
				"up": { "uv": [ 5.125, 9.75, 6, 9.625 ], "texture": "#500lb-mc-bomb" },
				"north": { "uv": [ 5.75, 13.5, 4.875, 13.75 ], "texture": "#500lb-mc-bomb" },
				"south": { "uv": [ 6.625, 13.75, 7.5, 14 ], "texture": "#500lb-mc-bomb" },
				"west": { "uv": [ 8, 15.5, 8.125, 15.75 ], "texture": "#500lb-mc-bomb" },
				"east": { "uv": [ 7.5, 12.5, 7.375, 12.75 ], "texture": "#500lb-mc-bomb" }
			}
		},
		{
			"__comment": "Voxels",
			"from": [ 5, 8, 12 ],
			"to": [ 12, 9, 13 ],
			"faces": {
				"down": { "uv": [ 6, 9.5, 6.875, 9.625 ], "texture": "#500lb-mc-bomb" },
				"up": { "uv": [ 5.125, 9.5, 6, 9.375 ], "texture": "#500lb-mc-bomb" },
				"north": { "uv": [ 6, 9.25, 5.125, 9.375 ], "texture": "#500lb-mc-bomb" },
				"south": { "uv": [ 5.125, 9.125, 6, 9.25 ], "texture": "#500lb-mc-bomb" },
				"west": { "uv": [ 8, 10.625, 8.125, 10.75 ], "texture": "#500lb-mc-bomb" },
				"east": { "uv": [ 8.125, 10.5, 8, 10.625 ], "texture": "#500lb-mc-bomb" }
			}
		},
		{
			"__comment": "Voxels",
			"from": [ 5, 9, -10 ],
			"to": [ 12, 10, 11 ],
			"faces": {
				"down": { "uv": [ 0, 8.875, 0.875, 11.5 ], "texture": "#500lb-mc-bomb" },
				"up": { "uv": [ 1.125, 16, 2, 13.375 ], "texture": "#500lb-mc-bomb" },
				"north": { "uv": [ 6, 8.875, 5.125, 9 ], "texture": "#500lb-mc-bomb" },
				"south": { "uv": [ 5.125, 8.75, 6, 8.875 ], "texture": "#500lb-mc-bomb" },
				"west": { "uv": [ 4.875, 15.875, 7.5, 16 ], "texture": "#500lb-mc-bomb" },
				"east": { "uv": [ 7.5, 15.75, 4.875, 15.875 ], "texture": "#500lb-mc-bomb" }
			}
		},
		{
			"__comment": "Voxels",
			"from": [ 5, 9, 24 ],
			"to": [ 6, 10, 32 ],
			"faces": {
				"down": { "uv": [ 2.5, 9, 2.625, 10 ], "texture": "#500lb-mc-bomb" },
				"up": { "uv": [ 2.375, 11, 2.5, 10 ], "texture": "#500lb-mc-bomb" },
				"north": { "uv": [ 8.125, 8.5, 8, 8.625 ], "texture": "#500lb-mc-bomb" },
				"south": { "uv": [ 10.375, 15.625, 10.5, 15.75 ], "texture": "#500lb-mc-bomb" },
				"west": { "uv": [ 6, 11, 7, 11.125 ], "texture": "#500lb-mc-bomb" },
				"east": { "uv": [ 6.875, 11.25, 5.875, 11.375 ], "texture": "#500lb-mc-bomb" }
			}
		},
		{
			"__comment": "Voxels",
			"from": [ 6, 2, 24 ],
			"to": [ 11, 3, 32 ],
			"faces": {
				"down": { "uv": [ 2.625, 11.25, 3.25, 12.25 ], "texture": "#500lb-mc-bomb" },
				"up": { "uv": [ 3.875, 12.25, 4.5, 11.25 ], "texture": "#500lb-mc-bomb" },
				"north": { "uv": [ 7.5, 9.75, 6.875, 9.875 ], "texture": "#500lb-mc-bomb" },
				"south": { "uv": [ 6.875, 9.625, 7.5, 9.75 ], "texture": "#500lb-mc-bomb" },
				"west": { "uv": [ 5.125, 10.875, 6.125, 11 ], "texture": "#500lb-mc-bomb" },
				"east": { "uv": [ 7.125, 10.875, 6.125, 11 ], "texture": "#500lb-mc-bomb" }
			}
		},
		{
			"__comment": "Voxels",
			"from": [ 6, 3, -11 ],
			"to": [ 11, 4, -9 ],
			"faces": {
				"down": { "uv": [ 5.5, 13.25, 6.125, 13.5 ], "texture": "#500lb-mc-bomb" },
				"up": { "uv": [ 5.5, 12.75, 6.125, 12.5 ], "texture": "#500lb-mc-bomb" },
				"north": { "uv": [ 7.5, 9.5, 6.875, 9.625 ], "texture": "#500lb-mc-bomb" },
				"south": { "uv": [ 6.875, 9.375, 7.5, 9.5 ], "texture": "#500lb-mc-bomb" },
				"west": { "uv": [ 7.625, 8.375, 7.875, 8.5 ], "texture": "#500lb-mc-bomb" },
				"east": { "uv": [ 7.5, 8.625, 7.25, 8.75 ], "texture": "#500lb-mc-bomb" }
			}
		},
		{
			"__comment": "Voxels",
			"from": [ 6, 3, 11 ],
			"to": [ 11, 4, 13 ],
			"faces": {
				"down": { "uv": [ 4.125, 14.125, 4.75, 14.375 ], "texture": "#500lb-mc-bomb" },
				"up": { "uv": [ 6.75, 13, 7.375, 12.75 ], "texture": "#500lb-mc-bomb" },
				"north": { "uv": [ 7.5, 9.25, 6.875, 9.375 ], "texture": "#500lb-mc-bomb" },
				"south": { "uv": [ 6.875, 9.125, 7.5, 9.25 ], "texture": "#500lb-mc-bomb" },
				"west": { "uv": [ 7.75, 9, 8, 9.125 ], "texture": "#500lb-mc-bomb" },
				"east": { "uv": [ 8, 9.125, 7.75, 9.25 ], "texture": "#500lb-mc-bomb" }
			}
		},
		{
			"__comment": "Voxels",
			"from": [ 6, 4, -12 ],
			"to": [ 11, 5, -11 ],
			"faces": {
				"down": { "uv": [ 6.875, 9, 7.5, 9.125 ], "texture": "#500lb-mc-bomb" },
				"up": { "uv": [ 6.875, 9, 7.5, 8.875 ], "texture": "#500lb-mc-bomb" },
				"north": { "uv": [ 7.5, 8.375, 6.875, 8.5 ], "texture": "#500lb-mc-bomb" },
				"south": { "uv": [ 6.875, 8.25, 7.5, 8.375 ], "texture": "#500lb-mc-bomb" },
				"west": { "uv": [ 13.25, 15.625, 13.375, 15.75 ], "texture": "#500lb-mc-bomb" },
				"east": { "uv": [ 14.5, 15.625, 14.375, 15.75 ], "texture": "#500lb-mc-bomb" }
			}
		},
		{
			"__comment": "Voxels",
			"from": [ 6, 4, 13 ],
			"to": [ 11, 5, 15 ],
			"faces": {
				"down": { "uv": [ 6.75, 13, 7.375, 13.25 ], "texture": "#500lb-mc-bomb" },
				"up": { "uv": [ 4.875, 13, 5.5, 12.75 ], "texture": "#500lb-mc-bomb" },
				"north": { "uv": [ 7.5, 8.125, 6.875, 8.25 ], "texture": "#500lb-mc-bomb" },
				"south": { "uv": [ 6.875, 8, 7.5, 8.125 ], "texture": "#500lb-mc-bomb" },
				"west": { "uv": [ 7.75, 9.25, 8, 9.375 ], "texture": "#500lb-mc-bomb" },
				"east": { "uv": [ 7.5, 8.5, 7.25, 8.625 ], "texture": "#500lb-mc-bomb" }
			}
		},
		{
			"__comment": "Voxels",
			"from": [ 6, 5, -13 ],
			"to": [ 11, 6, -12 ],
			"faces": {
				"down": { "uv": [ 9.125, 15.875, 9.75, 16 ], "texture": "#500lb-mc-bomb" },
				"up": { "uv": [ 9.75, 16, 10.375, 15.875 ], "texture": "#500lb-mc-bomb" },
				"north": { "uv": [ 11, 15.875, 10.375, 16 ], "texture": "#500lb-mc-bomb" },
				"south": { "uv": [ 11, 15.875, 11.625, 16 ], "texture": "#500lb-mc-bomb" },
				"west": { "uv": [ 11, 15.625, 11.125, 15.75 ], "texture": "#500lb-mc-bomb" },
				"east": { "uv": [ 14.625, 15.625, 14.5, 15.75 ], "texture": "#500lb-mc-bomb" }
			}
		},
		{
			"__comment": "Voxels",
			"from": [ 6, 5, 15 ],
			"to": [ 11, 6, 17 ],
			"faces": {
				"down": { "uv": [ 5.5, 13, 6.125, 13.25 ], "texture": "#500lb-mc-bomb" },
				"up": { "uv": [ 6.125, 13.5, 6.75, 13.25 ], "texture": "#500lb-mc-bomb" },
				"north": { "uv": [ 12.25, 15.875, 11.625, 16 ], "texture": "#500lb-mc-bomb" },
				"south": { "uv": [ 12.25, 15.875, 12.875, 16 ], "texture": "#500lb-mc-bomb" },
				"west": { "uv": [ 7.25, 8.75, 7.5, 8.875 ], "texture": "#500lb-mc-bomb" },
				"east": { "uv": [ 7.5, 15, 7.25, 15.125 ], "texture": "#500lb-mc-bomb" }
			}
		},
		{
			"__comment": "Voxels",
			"from": [ 6, 6, -14 ],
			"to": [ 11, 8, -13 ],
			"faces": {
				"down": { "uv": [ 12.875, 15.875, 13.5, 16 ], "texture": "#500lb-mc-bomb" },
				"up": { "uv": [ 13.5, 16, 14.125, 15.875 ], "texture": "#500lb-mc-bomb" },
				"north": { "uv": [ 5.5, 12.5, 4.875, 12.75 ], "texture": "#500lb-mc-bomb" },
				"south": { "uv": [ 6.125, 12.75, 6.75, 13 ], "texture": "#500lb-mc-bomb" },
				"west": { "uv": [ 7.375, 13.25, 7.5, 13.5 ], "texture": "#500lb-mc-bomb" },
				"east": { "uv": [ 4.875, 8.375, 4.75, 8.625 ], "texture": "#500lb-mc-bomb" }
			}
		},
		{
			"__comment": "Voxels",
			"from": [ 6, 6, 16 ],
			"to": [ 11, 9, 17 ],
			"faces": {
				"down": { "uv": [ 14.125, 15.875, 14.75, 16 ], "texture": "#500lb-mc-bomb" },
				"up": { "uv": [ 14.75, 16, 15.375, 15.875 ], "texture": "#500lb-mc-bomb" },
				"north": { "uv": [ 3.625, 12.75, 3, 13.125 ], "texture": "#500lb-mc-bomb" },
				"south": { "uv": [ 3, 12.375, 3.625, 12.75 ], "texture": "#500lb-mc-bomb" },
				"west": { "uv": [ 4.625, 8, 4.75, 8.375 ], "texture": "#500lb-mc-bomb" },
				"east": { "uv": [ 4.875, 8.875, 4.75, 9.25 ], "texture": "#500lb-mc-bomb" }
			}
		},
		{
			"__comment": "Voxels",
			"from": [ 6, 7, 15 ],
			"to": [ 11, 9, 16 ],
			"faces": {
				"down": { "uv": [ 15.375, 15.875, 16, 16 ], "texture": "#500lb-mc-bomb" },
				"up": { "uv": [ 7.625, 15.875, 8.25, 15.75 ], "texture": "#500lb-mc-bomb" },
				"north": { "uv": [ 5.5, 13, 4.875, 13.25 ], "texture": "#500lb-mc-bomb" },
				"south": { "uv": [ 6.75, 13.25, 7.375, 13.5 ], "texture": "#500lb-mc-bomb" },
				"west": { "uv": [ 7.375, 12.75, 7.5, 13 ], "texture": "#500lb-mc-bomb" },
				"east": { "uv": [ 7.5, 13, 7.375, 13.25 ], "texture": "#500lb-mc-bomb" }
			}
		},
		{
			"__comment": "Voxels",
			"from": [ 6, 7, 17 ],
			"to": [ 11, 8, 18 ],
			"faces": {
				"down": { "uv": [ 8.25, 15.75, 8.875, 15.875 ], "texture": "#500lb-mc-bomb" },
				"up": { "uv": [ 8.875, 15.875, 9.5, 15.75 ], "texture": "#500lb-mc-bomb" },
				"north": { "uv": [ 10.125, 15.75, 9.5, 15.875 ], "texture": "#500lb-mc-bomb" },
				"south": { "uv": [ 10.125, 15.75, 10.75, 15.875 ], "texture": "#500lb-mc-bomb" },
				"west": { "uv": [ 8, 10, 8.125, 10.125 ], "texture": "#500lb-mc-bomb" },
				"east": { "uv": [ 8.125, 8.375, 8, 8.5 ], "texture": "#500lb-mc-bomb" }
			}
		},
		{
			"__comment": "Voxels",
			"from": [ 6, 8, -13 ],
			"to": [ 11, 9, -12 ],
			"faces": {
				"down": { "uv": [ 10.75, 15.75, 11.375, 15.875 ], "texture": "#500lb-mc-bomb" },
				"up": { "uv": [ 11.375, 15.875, 12, 15.75 ], "texture": "#500lb-mc-bomb" },
				"north": { "uv": [ 12.625, 15.75, 12, 15.875 ], "texture": "#500lb-mc-bomb" },
				"south": { "uv": [ 12.625, 15.75, 13.25, 15.875 ], "texture": "#500lb-mc-bomb" },
				"west": { "uv": [ 7.375, 15.625, 7.5, 15.75 ], "texture": "#500lb-mc-bomb" },
				"east": { "uv": [ 7.5, 15.5, 7.375, 15.625 ], "texture": "#500lb-mc-bomb" }
			}
		},
		{
			"__comment": "Voxels",
			"from": [ 6, 8, 14 ],
			"to": [ 11, 9, 15 ],
			"faces": {
				"down": { "uv": [ 2, 8, 2.625, 8.125 ], "texture": "#500lb-mc-bomb" },
				"up": { "uv": [ 3, 12.375, 3.625, 12.25 ], "texture": "#500lb-mc-bomb" },
				"north": { "uv": [ 7.5, 11.375, 6.875, 11.5 ], "texture": "#500lb-mc-bomb" },
				"south": { "uv": [ 6.875, 11.25, 7.5, 11.375 ], "texture": "#500lb-mc-bomb" },
				"west": { "uv": [ 15, 15.625, 15.125, 15.75 ], "texture": "#500lb-mc-bomb" },
				"east": { "uv": [ 15, 15.625, 14.875, 15.75 ], "texture": "#500lb-mc-bomb" }
			}
		},
		{
			"__comment": "Voxels",
			"from": [ 6, 9, -12 ],
			"to": [ 11, 10, -10 ],
			"faces": {
				"down": { "uv": [ 6.125, 12.5, 6.75, 12.75 ], "texture": "#500lb-mc-bomb" },
				"up": { "uv": [ 4.875, 13.5, 5.5, 13.25 ], "texture": "#500lb-mc-bomb" },
				"north": { "uv": [ 7.5, 11.125, 6.875, 11.25 ], "texture": "#500lb-mc-bomb" },
				"south": { "uv": [ 6.875, 10.625, 7.5, 10.75 ], "texture": "#500lb-mc-bomb" },
				"west": { "uv": [ 9.875, 15.625, 10.125, 15.75 ], "texture": "#500lb-mc-bomb" },
				"east": { "uv": [ 10.375, 15.625, 10.125, 15.75 ], "texture": "#500lb-mc-bomb" }
			}
		},
		{
			"__comment": "Voxels",
			"from": [ 6, 9, 12 ],
			"to": [ 11, 10, 14 ],
			"faces": {
				"down": { "uv": [ 6.875, 14.5, 7.5, 14.75 ], "texture": "#500lb-mc-bomb" },
				"up": { "uv": [ 5.5, 13, 6.125, 12.75 ], "texture": "#500lb-mc-bomb" },
				"north": { "uv": [ 7.5, 10.5, 6.875, 10.625 ], "texture": "#500lb-mc-bomb" },
				"south": { "uv": [ 6.875, 10.375, 7.5, 10.5 ], "texture": "#500lb-mc-bomb" },
				"west": { "uv": [ 4.625, 10.75, 4.875, 10.875 ], "texture": "#500lb-mc-bomb" },
				"east": { "uv": [ 7.5, 15.125, 7.25, 15.25 ], "texture": "#500lb-mc-bomb" }
			}
		},
		{
			"__comment": "Voxels",
			"from": [ 6, 10, -9 ],
			"to": [ 11, 11, 11 ],
			"faces": {
				"down": { "uv": [ 2, 11, 2.625, 13.5 ], "texture": "#500lb-mc-bomb" },
				"up": { "uv": [ 2, 16, 2.625, 13.5 ], "texture": "#500lb-mc-bomb" },
				"north": { "uv": [ 7.5, 10.25, 6.875, 10.375 ], "texture": "#500lb-mc-bomb" },
				"south": { "uv": [ 6.875, 10.125, 7.5, 10.25 ], "texture": "#500lb-mc-bomb" },
				"west": { "uv": [ 4.875, 15.375, 7.375, 15.5 ], "texture": "#500lb-mc-bomb" },
				"east": { "uv": [ 7.375, 15.25, 4.875, 15.375 ], "texture": "#500lb-mc-bomb" }
			}
		},
		{
			"__comment": "Voxels",
			"from": [ 6, 10, 24 ],
			"to": [ 11, 11, 32 ],
			"faces": {
				"down": { "uv": [ 3, 13.125, 3.625, 14.125 ], "texture": "#500lb-mc-bomb" },
				"up": { "uv": [ 3.25, 12.25, 3.875, 11.25 ], "texture": "#500lb-mc-bomb" },
				"north": { "uv": [ 7.5, 10, 6.875, 10.125 ], "texture": "#500lb-mc-bomb" },
				"south": { "uv": [ 6.875, 9.875, 7.5, 10 ], "texture": "#500lb-mc-bomb" },
				"west": { "uv": [ 4.875, 11.25, 5.875, 11.375 ], "texture": "#500lb-mc-bomb" },
				"east": { "uv": [ 6.125, 10.75, 5.125, 10.875 ], "texture": "#500lb-mc-bomb" }
			}
		},
		{
			"__comment": "Voxels",
			"from": [ 7, 2, -9 ],
			"to": [ 10, 3, 11 ],
			"faces": {
				"down": { "uv": [ 2.625, 12.25, 3, 14.75 ], "texture": "#500lb-mc-bomb" },
				"up": { "uv": [ 2, 11, 2.375, 8.5 ], "texture": "#500lb-mc-bomb" },
				"north": { "uv": [ 8, 15.125, 7.625, 15.25 ], "texture": "#500lb-mc-bomb" },
				"south": { "uv": [ 7.625, 15, 8, 15.125 ], "texture": "#500lb-mc-bomb" },
				"west": { "uv": [ 4.875, 15.625, 7.375, 15.75 ], "texture": "#500lb-mc-bomb" },
				"east": { "uv": [ 7.375, 15.5, 4.875, 15.625 ], "texture": "#500lb-mc-bomb" }
			}
		},
		{
			"__comment": "Voxels",
			"from": [ 7, 3, -12 ],
			"to": [ 10, 4, -11 ],
			"faces": {
				"down": { "uv": [ 7.625, 14.625, 8, 14.75 ], "texture": "#500lb-mc-bomb" },
				"up": { "uv": [ 7.625, 14.625, 8, 14.5 ], "texture": "#500lb-mc-bomb" },
				"north": { "uv": [ 8, 14.375, 7.625, 14.5 ], "texture": "#500lb-mc-bomb" },
				"south": { "uv": [ 7.625, 14.25, 8, 14.375 ], "texture": "#500lb-mc-bomb" },
				"west": { "uv": [ 13.125, 15.625, 13.25, 15.75 ], "texture": "#500lb-mc-bomb" },
				"east": { "uv": [ 12.875, 15.625, 12.75, 15.75 ], "texture": "#500lb-mc-bomb" }
			}
		},
		{
			"__comment": "Voxels",
			"from": [ 7, 3, 13 ],
			"to": [ 10, 4, 14 ],
			"faces": {
				"down": { "uv": [ 7.625, 13.625, 8, 13.75 ], "texture": "#500lb-mc-bomb" },
				"up": { "uv": [ 7.625, 13.625, 8, 13.5 ], "texture": "#500lb-mc-bomb" },
				"north": { "uv": [ 8, 13.375, 7.625, 13.5 ], "texture": "#500lb-mc-bomb" },
				"south": { "uv": [ 7.625, 13.25, 8, 13.375 ], "texture": "#500lb-mc-bomb" },
				"west": { "uv": [ 12.625, 15.625, 12.75, 15.75 ], "texture": "#500lb-mc-bomb" },
				"east": { "uv": [ 12.625, 15.625, 12.5, 15.75 ], "texture": "#500lb-mc-bomb" }
			}
		},
		{
			"__comment": "Voxels",
			"from": [ 7, 4, -13 ],
			"to": [ 10, 5, -12 ],
			"faces": {
				"down": { "uv": [ 7.625, 13, 8, 13.125 ], "texture": "#500lb-mc-bomb" },
				"up": { "uv": [ 7.625, 13, 8, 12.875 ], "texture": "#500lb-mc-bomb" },
				"north": { "uv": [ 8, 12.75, 7.625, 12.875 ], "texture": "#500lb-mc-bomb" },
				"south": { "uv": [ 7.625, 12.625, 8, 12.75 ], "texture": "#500lb-mc-bomb" },
				"west": { "uv": [ 12.375, 15.625, 12.5, 15.75 ], "texture": "#500lb-mc-bomb" },
				"east": { "uv": [ 11.75, 15.625, 11.625, 15.75 ], "texture": "#500lb-mc-bomb" }
			}
		},
		{
			"__comment": "Voxels",
			"from": [ 7, 4, 15 ],
			"to": [ 10, 5, 17 ],
			"faces": {
				"down": { "uv": [ 6.5, 8.625, 6.875, 8.875 ], "texture": "#500lb-mc-bomb" },
				"up": { "uv": [ 6.125, 8.375, 6.5, 8.125 ], "texture": "#500lb-mc-bomb" },
				"north": { "uv": [ 8, 12.125, 7.625, 12.25 ], "texture": "#500lb-mc-bomb" },
				"south": { "uv": [ 7.625, 12, 8, 12.125 ], "texture": "#500lb-mc-bomb" },
				"west": { "uv": [ 7.625, 8.25, 7.875, 8.375 ], "texture": "#500lb-mc-bomb" },
				"east": { "uv": [ 7.875, 8.125, 7.625, 8.25 ], "texture": "#500lb-mc-bomb" }
			}
		},
		{
			"__comment": "Voxels",
			"from": [ 7, 5, -14 ],
			"to": [ 10, 6, -13 ],
			"faces": {
				"down": { "uv": [ 7.625, 11.625, 8, 11.75 ], "texture": "#500lb-mc-bomb" },
				"up": { "uv": [ 7.625, 11.625, 8, 11.5 ], "texture": "#500lb-mc-bomb" },
				"north": { "uv": [ 8, 11.375, 7.625, 11.5 ], "texture": "#500lb-mc-bomb" },
				"south": { "uv": [ 7.625, 11.25, 8, 11.375 ], "texture": "#500lb-mc-bomb" },
				"west": { "uv": [ 10.875, 15.625, 11, 15.75 ], "texture": "#500lb-mc-bomb" },
				"east": { "uv": [ 10.625, 15.625, 10.5, 15.75 ], "texture": "#500lb-mc-bomb" }
			}
		},
		{
			"__comment": "Voxels",
			"from": [ 7, 5, 17 ],
			"to": [ 10, 6, 20 ],
			"faces": {
				"down": { "uv": [ 5.25, 11.625, 5.625, 12 ], "texture": "#500lb-mc-bomb" },
				"up": { "uv": [ 4.875, 12, 5.25, 11.625 ], "texture": "#500lb-mc-bomb" },
				"north": { "uv": [ 8, 10.625, 7.625, 10.75 ], "texture": "#500lb-mc-bomb" },
				"south": { "uv": [ 7.625, 10.5, 8, 10.625 ], "texture": "#500lb-mc-bomb" },
				"west": { "uv": [ 7.625, 10.375, 8, 10.5 ], "texture": "#500lb-mc-bomb" },
				"east": { "uv": [ 8, 10.25, 7.625, 10.375 ], "texture": "#500lb-mc-bomb" }
			}
		},
		{
			"__comment": "Voxels",
			"from": [ 7, 6, -16 ],
			"to": [ 10, 7, -15 ],
			"faces": {
				"down": { "uv": [ 7.625, 10.125, 8, 10.25 ], "texture": "#500lb-mc-bomb" },
				"up": { "uv": [ 7.625, 10.125, 8, 10 ], "texture": "#500lb-mc-bomb" },
				"north": { "uv": [ 8, 9.875, 7.625, 10 ], "texture": "#500lb-mc-bomb" },
				"south": { "uv": [ 7.625, 9.75, 8, 9.875 ], "texture": "#500lb-mc-bomb" },
				"west": { "uv": [ 8, 8.625, 8.125, 8.75 ], "texture": "#500lb-mc-bomb" },
				"east": { "uv": [ 8.125, 10.125, 8, 10.25 ], "texture": "#500lb-mc-bomb" }
			}
		},
		{
			"__comment": "Voxels",
			"from": [ 7, 7, 18 ],
			"to": [ 10, 8, 21 ],
			"faces": {
				"down": { "uv": [ 4.375, 8.875, 4.75, 9.25 ], "texture": "#500lb-mc-bomb" },
				"up": { "uv": [ 4.375, 9.625, 4.75, 9.25 ], "texture": "#500lb-mc-bomb" },
				"north": { "uv": [ 8, 8.875, 7.625, 9 ], "texture": "#500lb-mc-bomb" },
				"south": { "uv": [ 7.625, 8.75, 8, 8.875 ], "texture": "#500lb-mc-bomb" },
				"west": { "uv": [ 7.625, 8.625, 8, 8.75 ], "texture": "#500lb-mc-bomb" },
				"east": { "uv": [ 8, 8.5, 7.625, 8.625 ], "texture": "#500lb-mc-bomb" }
			}
		},
		{
			"__comment": "Voxels",
			"from": [ 7, 8, -14 ],
			"to": [ 10, 9, -13 ],
			"faces": {
				"down": { "uv": [ 7.125, 12.375, 7.5, 12.5 ], "texture": "#500lb-mc-bomb" },
				"up": { "uv": [ 7.125, 12.375, 7.5, 12.25 ], "texture": "#500lb-mc-bomb" },
				"north": { "uv": [ 7.5, 12.125, 7.125, 12.25 ], "texture": "#500lb-mc-bomb" },
				"south": { "uv": [ 7.125, 12, 7.5, 12.125 ], "texture": "#500lb-mc-bomb" },
				"west": { "uv": [ 8, 10.75, 8.125, 10.875 ], "texture": "#500lb-mc-bomb" },
				"east": { "uv": [ 8.125, 10.875, 8, 11 ], "texture": "#500lb-mc-bomb" }
			}
		},
		{
			"__comment": "Voxels",
			"from": [ 7, 8, 17 ],
			"to": [ 10, 9, 18 ],
			"faces": {
				"down": { "uv": [ 6.125, 8, 6.5, 8.125 ], "texture": "#500lb-mc-bomb" },
				"up": { "uv": [ 6.5, 8.25, 6.875, 8.125 ], "texture": "#500lb-mc-bomb" },
				"north": { "uv": [ 6.875, 8, 6.5, 8.125 ], "texture": "#500lb-mc-bomb" },
				"south": { "uv": [ 13.25, 15.75, 13.625, 15.875 ], "texture": "#500lb-mc-bomb" },
				"west": { "uv": [ 14, 15.625, 14.125, 15.75 ], "texture": "#500lb-mc-bomb" },
				"east": { "uv": [ 14, 15.625, 13.875, 15.75 ], "texture": "#500lb-mc-bomb" }
			}
		},
		{
			"__comment": "Voxels",
			"from": [ 7, 9, -13 ],
			"to": [ 10, 10, -12 ],
			"faces": {
				"down": { "uv": [ 13.625, 15.75, 14, 15.875 ], "texture": "#500lb-mc-bomb" },
				"up": { "uv": [ 14, 15.875, 14.375, 15.75 ], "texture": "#500lb-mc-bomb" },
				"north": { "uv": [ 14.75, 15.75, 14.375, 15.875 ], "texture": "#500lb-mc-bomb" },
				"south": { "uv": [ 14.75, 15.75, 15.125, 15.875 ], "texture": "#500lb-mc-bomb" },
				"west": { "uv": [ 12, 15.625, 12.125, 15.75 ], "texture": "#500lb-mc-bomb" },
				"east": { "uv": [ 11.375, 15.625, 11.25, 15.75 ], "texture": "#500lb-mc-bomb" }
			}
		},
		{
			"__comment": "Voxels",
			"from": [ 7, 9, 14 ],
			"to": [ 10, 10, 15 ],
			"faces": {
				"down": { "uv": [ 7.625, 15.625, 8, 15.75 ], "texture": "#500lb-mc-bomb" },
				"up": { "uv": [ 7.625, 15.625, 8, 15.5 ], "texture": "#500lb-mc-bomb" },
				"north": { "uv": [ 8, 15.375, 7.625, 15.5 ], "texture": "#500lb-mc-bomb" },
				"south": { "uv": [ 7.625, 14.875, 8, 15 ], "texture": "#500lb-mc-bomb" },
				"west": { "uv": [ 11.125, 15.625, 11.25, 15.75 ], "texture": "#500lb-mc-bomb" },
				"east": { "uv": [ 8.125, 8.25, 8, 8.375 ], "texture": "#500lb-mc-bomb" }
			}
		},
		{
			"__comment": "Voxels",
			"from": [ 7, 10, -11 ],
			"to": [ 10, 11, -9 ],
			"faces": {
				"down": { "uv": [ 7.125, 11.625, 7.5, 11.875 ], "texture": "#500lb-mc-bomb" },
				"up": { "uv": [ 6.5, 8.5, 6.875, 8.25 ], "texture": "#500lb-mc-bomb" },
				"north": { "uv": [ 8, 11.875, 7.625, 12 ], "texture": "#500lb-mc-bomb" },
				"south": { "uv": [ 7.625, 11.75, 8, 11.875 ], "texture": "#500lb-mc-bomb" },
				"west": { "uv": [ 7.625, 8, 7.875, 8.125 ], "texture": "#500lb-mc-bomb" },
				"east": { "uv": [ 8.375, 15.625, 8.125, 15.75 ], "texture": "#500lb-mc-bomb" }
			}
		},
		{
			"__comment": "Voxels",
			"from": [ 7, 10, 11 ],
			"to": [ 10, 11, 13 ],
			"faces": {
				"down": { "uv": [ 6.125, 8.625, 6.5, 8.875 ], "texture": "#500lb-mc-bomb" },
				"up": { "uv": [ 6.875, 8.875, 7.25, 8.625 ], "texture": "#500lb-mc-bomb" },
				"north": { "uv": [ 8, 12.25, 7.625, 12.375 ], "texture": "#500lb-mc-bomb" },
				"south": { "uv": [ 7.625, 14.75, 8, 14.875 ], "texture": "#500lb-mc-bomb" },
				"west": { "uv": [ 8.875, 15.625, 9.125, 15.75 ], "texture": "#500lb-mc-bomb" },
				"east": { "uv": [ 9.375, 15.625, 9.125, 15.75 ], "texture": "#500lb-mc-bomb" }
			}
		},
		{
			"__comment": "Voxels",
			"from": [ 8, 3, 17 ],
			"to": [ 9, 5, 22 ],
			"faces": {
				"down": { "uv": [ 7.5, 13.375, 7.625, 14 ], "texture": "#500lb-mc-bomb" },
				"up": { "uv": [ 7.5, 13.375, 7.625, 12.75 ], "texture": "#500lb-mc-bomb" },
				"north": { "uv": [ 8.125, 15.25, 8, 15.5 ], "texture": "#500lb-mc-bomb" },
				"south": { "uv": [ 8, 15, 8.125, 15.25 ], "texture": "#500lb-mc-bomb" },
				"west": { "uv": [ 6.75, 12.5, 7.375, 12.75 ], "texture": "#500lb-mc-bomb" },
				"east": { "uv": [ 6.75, 13, 6.125, 13.25 ], "texture": "#500lb-mc-bomb" }
			}
		},
		{
			"__comment": "Voxels",
			"from": [ 8, 3, 22 ],
			"to": [ 9, 4, 28 ],
			"faces": {
				"down": { "uv": [ 7.5, 15.25, 7.625, 16 ], "texture": "#500lb-mc-bomb" },
				"up": { "uv": [ 6, 8.875, 6.125, 8.125 ], "texture": "#500lb-mc-bomb" },
				"north": { "uv": [ 13.75, 15.625, 13.625, 15.75 ], "texture": "#500lb-mc-bomb" },
				"south": { "uv": [ 13.75, 15.625, 13.875, 15.75 ], "texture": "#500lb-mc-bomb" },
				"west": { "uv": [ 6.5, 8.5, 7.25, 8.625 ], "texture": "#500lb-mc-bomb" },
				"east": { "uv": [ 7.5, 11.875, 6.75, 12 ], "texture": "#500lb-mc-bomb" }
			}
		},
		{
			"__comment": "Voxels",
			"from": [ 8, 5, -16 ],
			"to": [ 9, 6, -15 ],
			"faces": {
				"down": { "uv": [ 14.125, 15.625, 14.25, 15.75 ], "texture": "#500lb-mc-bomb" },
				"up": { "uv": [ 14.25, 15.75, 14.375, 15.625 ], "texture": "#500lb-mc-bomb" },
				"north": { "uv": [ 15.25, 15.625, 15.125, 15.75 ], "texture": "#500lb-mc-bomb" },
				"south": { "uv": [ 15.25, 15.625, 15.375, 15.75 ], "texture": "#500lb-mc-bomb" },
				"west": { "uv": [ 15.375, 15.625, 15.5, 15.75 ], "texture": "#500lb-mc-bomb" },
				"east": { "uv": [ 7.5, 15.375, 7.375, 15.5 ], "texture": "#500lb-mc-bomb" }
			}
		},
		{
			"__comment": "Voxels",
			"from": [ 8, 5, 20 ],
			"to": [ 9, 6, 21 ],
			"faces": {
				"down": { "uv": [ 7.375, 15.25, 7.5, 15.375 ], "texture": "#500lb-mc-bomb" },
				"up": { "uv": [ 7.375, 11.625, 7.5, 11.5 ], "texture": "#500lb-mc-bomb" },
				"north": { "uv": [ 5, 8, 4.875, 8.125 ], "texture": "#500lb-mc-bomb" },
				"south": { "uv": [ 7.375, 11, 7.5, 11.125 ], "texture": "#500lb-mc-bomb" },
				"west": { "uv": [ 7.375, 10.75, 7.5, 10.875 ], "texture": "#500lb-mc-bomb" },
				"east": { "uv": [ 6.125, 8, 6, 8.125 ], "texture": "#500lb-mc-bomb" }
			}
		},
		{
			"__comment": "Voxels",
			"from": [ 8, 6, -15 ],
			"to": [ 9, 7, -14 ],
			"faces": {
				"down": { "uv": [ 7.5, 8, 7.625, 8.125 ], "texture": "#500lb-mc-bomb" },
				"up": { "uv": [ 15.875, 15.875, 16, 15.75 ], "texture": "#500lb-mc-bomb" },
				"north": { "uv": [ 8, 8.375, 7.875, 8.5 ], "texture": "#500lb-mc-bomb" },
				"south": { "uv": [ 7.875, 8.25, 8, 8.375 ], "texture": "#500lb-mc-bomb" },
				"west": { "uv": [ 7.875, 8.125, 8, 8.25 ], "texture": "#500lb-mc-bomb" },
				"east": { "uv": [ 8, 8, 7.875, 8.125 ], "texture": "#500lb-mc-bomb" }
			}
		},
		{
			"__comment": "Voxels",
			"from": [ 8, 6, 21 ],
			"to": [ 9, 7, 22 ],
			"faces": {
				"down": { "uv": [ 8, 12.375, 8.125, 12.5 ], "texture": "#500lb-mc-bomb" },
				"up": { "uv": [ 8, 12.375, 8.125, 12.25 ], "texture": "#500lb-mc-bomb" },
				"north": { "uv": [ 8.125, 12.125, 8, 12.25 ], "texture": "#500lb-mc-bomb" },
				"south": { "uv": [ 8, 12, 8.125, 12.125 ], "texture": "#500lb-mc-bomb" },
				"west": { "uv": [ 8, 11.875, 8.125, 12 ], "texture": "#500lb-mc-bomb" },
				"east": { "uv": [ 8.125, 11.75, 8, 11.875 ], "texture": "#500lb-mc-bomb" }
			}
		},
		{
			"__comment": "Voxels",
			"from": [ 8, 7, -16 ],
			"to": [ 9, 8, -15 ],
			"faces": {
				"down": { "uv": [ 8, 11.625, 8.125, 11.75 ], "texture": "#500lb-mc-bomb" },
				"up": { "uv": [ 8, 11.625, 8.125, 11.5 ], "texture": "#500lb-mc-bomb" },
				"north": { "uv": [ 8.125, 11.375, 8, 11.5 ], "texture": "#500lb-mc-bomb" },
				"south": { "uv": [ 8, 11.25, 8.125, 11.375 ], "texture": "#500lb-mc-bomb" },
				"west": { "uv": [ 8, 11.125, 8.125, 11.25 ], "texture": "#500lb-mc-bomb" },
				"east": { "uv": [ 8.125, 11, 8, 11.125 ], "texture": "#500lb-mc-bomb" }
			}
		},
		{
			"__comment": "Voxels",
			"from": [ 8, 8, 18 ],
			"to": [ 9, 11, 21 ],
			"faces": {
				"down": { "uv": [ 4.75, 9.25, 4.875, 9.625 ], "texture": "#500lb-mc-bomb" },
				"up": { "uv": [ 4.75, 14.75, 4.875, 14.375 ], "texture": "#500lb-mc-bomb" },
				"north": { "uv": [ 7.75, 9, 7.625, 9.375 ], "texture": "#500lb-mc-bomb" },
				"south": { "uv": [ 7.875, 9.375, 8, 9.75 ], "texture": "#500lb-mc-bomb" },
				"west": { "uv": [ 4.5, 11.5, 4.875, 11.875 ], "texture": "#500lb-mc-bomb" },
				"east": { "uv": [ 4.875, 11.875, 4.5, 12.25 ], "texture": "#500lb-mc-bomb" }
			}
		},
		{
			"__comment": "Voxels",
			"from": [ 8, 9, 15 ],
			"to": [ 9, 10, 16 ],
			"faces": {
				"down": { "uv": [ 15.5, 15.625, 15.625, 15.75 ], "texture": "#500lb-mc-bomb" },
				"up": { "uv": [ 11.875, 15.75, 12, 15.625 ], "texture": "#500lb-mc-bomb" },
				"north": { "uv": [ 8.125, 9.875, 8, 10 ], "texture": "#500lb-mc-bomb" },
				"south": { "uv": [ 8, 9.75, 8.125, 9.875 ], "texture": "#500lb-mc-bomb" },
				"west": { "uv": [ 8, 9.625, 8.125, 9.75 ], "texture": "#500lb-mc-bomb" },
				"east": { "uv": [ 8.125, 9.5, 8, 9.625 ], "texture": "#500lb-mc-bomb" }
			}
		},
		{
			"__comment": "Voxels",
			"from": [ 8, 9, 17 ],
			"to": [ 9, 10, 18 ],
			"faces": {
				"down": { "uv": [ 8, 9.375, 8.125, 9.5 ], "texture": "#500lb-mc-bomb" },
				"up": { "uv": [ 8, 9.375, 8.125, 9.25 ], "texture": "#500lb-mc-bomb" },
				"north": { "uv": [ 8.125, 9.125, 8, 9.25 ], "texture": "#500lb-mc-bomb" },
				"south": { "uv": [ 8, 9, 8.125, 9.125 ], "texture": "#500lb-mc-bomb" },
				"west": { "uv": [ 8, 8.875, 8.125, 9 ], "texture": "#500lb-mc-bomb" },
				"east": { "uv": [ 8.125, 8.75, 8, 8.875 ], "texture": "#500lb-mc-bomb" }
			}
		},
		{
			"__comment": "Voxels",
			"from": [ 8, 9, 21 ],
			"to": [ 9, 11, 24 ],
			"faces": {
				"down": { "uv": [ 7.625, 9.375, 7.75, 9.75 ], "texture": "#500lb-mc-bomb" },
				"up": { "uv": [ 7.875, 11.125, 8, 10.75 ], "texture": "#500lb-mc-bomb" },
				"north": { "uv": [ 8.125, 14.5, 8, 14.75 ], "texture": "#500lb-mc-bomb" },
				"south": { "uv": [ 8, 14.25, 8.125, 14.5 ], "texture": "#500lb-mc-bomb" },
				"west": { "uv": [ 4.5, 11.25, 4.875, 11.5 ], "texture": "#500lb-mc-bomb" },
				"east": { "uv": [ 7.125, 11.625, 6.75, 11.875 ], "texture": "#500lb-mc-bomb" }
			}
		},
		{
			"__comment": "Voxels",
			"from": [ 8, 9, 24 ],
			"to": [ 9, 10, 27 ],
			"faces": {
				"down": { "uv": [ 7.75, 10.75, 7.875, 11.125 ], "texture": "#500lb-mc-bomb" },
				"up": { "uv": [ 7.625, 11.125, 7.75, 10.75 ], "texture": "#500lb-mc-bomb" },
				"north": { "uv": [ 10.75, 15.625, 10.625, 15.75 ], "texture": "#500lb-mc-bomb" },
				"south": { "uv": [ 10.75, 15.625, 10.875, 15.75 ], "texture": "#500lb-mc-bomb" },
				"west": { "uv": [ 7.625, 11.125, 8, 11.25 ], "texture": "#500lb-mc-bomb" },
				"east": { "uv": [ 8, 12.375, 7.625, 12.5 ], "texture": "#500lb-mc-bomb" }
			}
		},
		{
			"__comment": "Voxels",
			"from": [ 11, 3, 24 ],
			"to": [ 12, 4, 32 ],
			"faces": {
				"down": { "uv": [ 4.875, 8.125, 5, 9.125 ], "texture": "#500lb-mc-bomb" },
				"up": { "uv": [ 4.875, 10.125, 5, 9.125 ], "texture": "#500lb-mc-bomb" },
				"north": { "uv": [ 11.5, 15.625, 11.375, 15.75 ], "texture": "#500lb-mc-bomb" },
				"south": { "uv": [ 11.5, 15.625, 11.625, 15.75 ], "texture": "#500lb-mc-bomb" },
				"west": { "uv": [ 5.875, 11.125, 6.875, 11.25 ], "texture": "#500lb-mc-bomb" },
				"east": { "uv": [ 7, 11.5, 6, 11.625 ], "texture": "#500lb-mc-bomb" }
			}
		},
		{
			"__comment": "Voxels",
			"from": [ 11, 6, 21 ],
			"to": [ 13, 7, 27 ],
			"faces": {
				"down": { "uv": [ 0.875, 10.75, 1.125, 11.5 ], "texture": "#500lb-mc-bomb" },
				"up": { "uv": [ 0.875, 10.75, 1.125, 10 ], "texture": "#500lb-mc-bomb" },
				"north": { "uv": [ 9.625, 15.625, 9.375, 15.75 ], "texture": "#500lb-mc-bomb" },
				"south": { "uv": [ 9.625, 15.625, 9.875, 15.75 ], "texture": "#500lb-mc-bomb" },
				"west": { "uv": [ 8.375, 15.875, 9.125, 16 ], "texture": "#500lb-mc-bomb" },
				"east": { "uv": [ 8.375, 15.875, 7.625, 16 ], "texture": "#500lb-mc-bomb" }
			}
		},
		{
			"__comment": "Voxels",
			"from": [ 11, 9, 24 ],
			"to": [ 12, 10, 32 ],
			"faces": {
				"down": { "uv": [ 5, 10, 5.125, 11 ], "texture": "#500lb-mc-bomb" },
				"up": { "uv": [ 4.875, 11.125, 5, 10.125 ], "texture": "#500lb-mc-bomb" },
				"north": { "uv": [ 13, 15.625, 12.875, 15.75 ], "texture": "#500lb-mc-bomb" },
				"south": { "uv": [ 13, 15.625, 13.125, 15.75 ], "texture": "#500lb-mc-bomb" },
				"west": { "uv": [ 5, 11, 6, 11.125 ], "texture": "#500lb-mc-bomb" },
				"east": { "uv": [ 5.875, 11.375, 4.875, 11.5 ], "texture": "#500lb-mc-bomb" }
			}
		},
		{
			"__comment": "Voxels",
			"from": [ 12, 4, 24 ],
			"to": [ 13, 6, 32 ],
			"faces": {
				"down": { "uv": [ 0.875, 9, 1, 10 ], "texture": "#500lb-mc-bomb" },
				"up": { "uv": [ 1, 10, 1.125, 9 ], "texture": "#500lb-mc-bomb" },
				"north": { "uv": [ 8.125, 13.25, 8, 13.5 ], "texture": "#500lb-mc-bomb" },
				"south": { "uv": [ 8, 13, 8.125, 13.25 ], "texture": "#500lb-mc-bomb" },
				"west": { "uv": [ 4.875, 14.5, 5.875, 14.75 ], "texture": "#500lb-mc-bomb" },
				"east": { "uv": [ 6.875, 14.5, 5.875, 14.75 ], "texture": "#500lb-mc-bomb" }
			}
		},
		{
			"__comment": "Voxels",
			"from": [ 12, 6, 27 ],
			"to": [ 13, 9, 32 ],
			"faces": {
				"down": { "uv": [ 7.5, 12.125, 7.625, 12.75 ], "texture": "#500lb-mc-bomb" },
				"up": { "uv": [ 7.5, 12.125, 7.625, 11.5 ], "texture": "#500lb-mc-bomb" },
				"north": { "uv": [ 7.625, 8.125, 7.5, 8.5 ], "texture": "#500lb-mc-bomb" },
				"south": { "uv": [ 7.5, 8.5, 7.625, 8.875 ], "texture": "#500lb-mc-bomb" },
				"west": { "uv": [ 2, 8.125, 2.625, 8.5 ], "texture": "#500lb-mc-bomb" },
				"east": { "uv": [ 4.75, 14.375, 4.125, 14.75 ], "texture": "#500lb-mc-bomb" }
			}
		},
		{
			"__comment": "Voxels",
			"from": [ 12, 7, 24 ],
			"to": [ 13, 9, 27 ],
			"faces": {
				"down": { "uv": [ 7.5, 8.875, 7.625, 9.25 ], "texture": "#500lb-mc-bomb" },
				"up": { "uv": [ 7.5, 9.625, 7.625, 9.25 ], "texture": "#500lb-mc-bomb" },
				"north": { "uv": [ 4.875, 12.875, 4.75, 13.125 ], "texture": "#500lb-mc-bomb" },
				"south": { "uv": [ 4.75, 8.625, 4.875, 8.875 ], "texture": "#500lb-mc-bomb" },
				"west": { "uv": [ 6.125, 8.375, 6.5, 8.625 ], "texture": "#500lb-mc-bomb" },
				"east": { "uv": [ 7.5, 14.75, 7.125, 15 ], "texture": "#500lb-mc-bomb" }
			}
		}
	],
	"display": {
		"thirdperson_righthand": {
			"translation":  [ 0, -1.125, 0 ],
			"scale":  [ 0.5976, 0.5976, 0.5976 ]
		},
		"thirdperson_lefthand": {
			"translation":  [ 0, -1.125, 0 ],
			"scale":  [ 0.5976, 0.5976, 0.5976 ]
		}
	}
}