{
	"__comment": "Designed by Uran2471 with Cubik Studio - https://cubik.studio",
	"textures": {
		"particle": "blocks/particle",
		"texture": "blocks/texture",
		"d3a-rightwing": "custom/d3a-rightwing"
	},
	"elements": [ 	 
		{
			"__comment": "rightwing",
			"from": [ 22.5, 7.25, -3 ],
			"to": [ 23.5, 8.25, 5.5 ],
			"faces": {
				"down": { "uv": [ 0, 8, 0.5, 12.25 ], "texture": "#d3a-rightwing" },
				"up": { "uv": [ 0.5, 12.25, 1, 8 ], "texture": "#d3a-rightwing" },
				"north": { "uv": [ 4, 13, 3.5, 13.5 ], "texture": "#d3a-rightwing" },
				"south": { "uv": [ 3.5, 13.5, 4, 14 ], "texture": "#d3a-rightwing" },
				"west": { "uv": [ 4, 15.5, 8.25, 16 ], "texture": "#d3a-rightwing" },
				"east": { "uv": [ 8.25, 15, 4, 15.5 ], "texture": "#d3a-rightwing" }
			}
		},
		{
			"__comment": "rightwing1",
			"from": [ 22.5, 7.25, 5.5 ],
			"to": [ 23, 7.75, 6 ],
			"faces": {
				"down": { "uv": [ 8, 12.75, 8.25, 13 ], "texture": "#d3a-rightwing" },
				"up": { "uv": [ 9, 12, 9.25, 11.75 ], "texture": "#d3a-rightwing" },
				"north": { "uv": [ 9, 11.5, 8.75, 11.75 ], "texture": "#d3a-rightwing" },
				"south": { "uv": [ 9, 11.5, 9.25, 11.75 ], "texture": "#d3a-rightwing" },
				"west": { "uv": [ 8.75, 11.25, 9, 11.5 ], "texture": "#d3a-rightwing" },
				"east": { "uv": [ 9.25, 11.25, 9, 11.5 ], "texture": "#d3a-rightwing" }
			}
		},
		{
			"__comment": "rightwing2",
			"from": [ 23, 7.75, 5.5 ],
			"to": [ 25.5, 8.25, 6 ],
			"faces": {
				"down": { "uv": [ 2.75, 9.25, 4, 9.5 ], "texture": "#d3a-rightwing" },
				"up": { "uv": [ 14.75, 15, 16, 14.75 ], "texture": "#d3a-rightwing" },
				"north": { "uv": [ 14.5, 14.5, 13.25, 14.75 ], "texture": "#d3a-rightwing" },
				"south": { "uv": [ 2.75, 10, 4, 10.25 ], "texture": "#d3a-rightwing" },
				"west": { "uv": [ 8.75, 11, 9, 11.25 ], "texture": "#d3a-rightwing" },
				"east": { "uv": [ 9, 9.75, 8.75, 10 ], "texture": "#d3a-rightwing" }
			}
		},
		{
			"__comment": "rightwing3",
			"from": [ 23.5, 7.25, -2.5 ],
			"to": [ 24, 8.25, 5 ],
			"faces": {
				"down": { "uv": [ 8.25, 12.25, 8.5, 16 ], "texture": "#d3a-rightwing" },
				"up": { "uv": [ 4, 12.5, 4.25, 8.75 ], "texture": "#d3a-rightwing" },
				"north": { "uv": [ 3.75, 12.5, 3.5, 13 ], "texture": "#d3a-rightwing" },
				"south": { "uv": [ 8.25, 8.75, 8.5, 9.25 ], "texture": "#d3a-rightwing" },
				"west": { "uv": [ 4, 14.5, 7.75, 15 ], "texture": "#d3a-rightwing" },
				"east": { "uv": [ 7.75, 14, 4, 14.5 ], "texture": "#d3a-rightwing" }
			}
		},
		{
			"__comment": "rightwing4",
			"from": [ 23.5, 7.75, -3 ],
			"to": [ 25, 8.25, -2.5 ],
			"faces": {
				"down": { "uv": [ 12.25, 14.25, 13, 14.5 ], "texture": "#d3a-rightwing" },
				"up": { "uv": [ 13, 14.5, 13.75, 14.25 ], "texture": "#d3a-rightwing" },
				"north": { "uv": [ 12.25, 14.25, 11.5, 14.5 ], "texture": "#d3a-rightwing" },
				"south": { "uv": [ 10.75, 14.25, 11.5, 14.5 ], "texture": "#d3a-rightwing" },
				"west": { "uv": [ 9, 12.25, 9.25, 12.5 ], "texture": "#d3a-rightwing" },
				"east": { "uv": [ 9.25, 10.75, 9, 11 ], "texture": "#d3a-rightwing" }
			}
		},
		{
			"__comment": "rightwing5",
			"from": [ 23.5, 7.75, 5 ],
			"to": [ 26.5, 8.25, 5.5 ],
			"faces": {
				"down": { "uv": [ 10.25, 14.5, 11.75, 14.75 ], "texture": "#d3a-rightwing" },
				"up": { "uv": [ 11.75, 14.75, 13.25, 14.5 ], "texture": "#d3a-rightwing" },
				"north": { "uv": [ 2.5, 8, 1, 8.25 ], "texture": "#d3a-rightwing" },
				"south": { "uv": [ 2.5, 9, 4, 9.25 ], "texture": "#d3a-rightwing" },
				"west": { "uv": [ 8.75, 10.5, 9, 10.75 ], "texture": "#d3a-rightwing" },
				"east": { "uv": [ 9.25, 10, 9, 10.25 ], "texture": "#d3a-rightwing" }
			}
		},
		{
			"__comment": "rightwing6",
			"from": [ 23.5, 8.25, 0 ],
			"to": [ 31.5, 8.75, 2 ],
			"faces": {
				"down": { "uv": [ 0, 14, 4, 15 ], "texture": "#d3a-rightwing" },
				"up": { "uv": [ 0, 16, 4, 15 ], "texture": "#d3a-rightwing" },
				"north": { "uv": [ 8, 12.75, 4, 13 ], "texture": "#d3a-rightwing" },
				"south": { "uv": [ 4, 12.5, 8, 12.75 ], "texture": "#d3a-rightwing" },
				"west": { "uv": [ 7.25, 13.25, 8.25, 13.5 ], "texture": "#d3a-rightwing" },
				"east": { "uv": [ 8.25, 13.5, 7.25, 13.75 ], "texture": "#d3a-rightwing" }
			}
		},
		{
			"__comment": "rightwing7",
			"from": [ 24, 7.25, -2 ],
			"to": [ 24.5, 8.25, 4 ],
			"faces": {
				"down": { "uv": [ 8.5, 13, 8.75, 16 ], "texture": "#d3a-rightwing" },
				"up": { "uv": [ 8.25, 12.25, 8.5, 9.25 ], "texture": "#d3a-rightwing" },
				"north": { "uv": [ 4.25, 8.25, 4, 8.75 ], "texture": "#d3a-rightwing" },
				"south": { "uv": [ 8, 14, 8.25, 14.5 ], "texture": "#d3a-rightwing" },
				"west": { "uv": [ 1, 11.25, 4, 11.75 ], "texture": "#d3a-rightwing" },
				"east": { "uv": [ 4, 11.75, 1, 12.25 ], "texture": "#d3a-rightwing" }
			}
		},
		{
			"__comment": "rightwing8",
			"from": [ 24, 7.75, -2.5 ],
			"to": [ 26.5, 8.25, -2 ],
			"faces": {
				"down": { "uv": [ 2.75, 9.5, 4, 9.75 ], "texture": "#d3a-rightwing" },
				"up": { "uv": [ 2.75, 10, 4, 9.75 ], "texture": "#d3a-rightwing" },
				"north": { "uv": [ 10, 14.25, 8.75, 14.5 ], "texture": "#d3a-rightwing" },
				"south": { "uv": [ 14.5, 14.5, 15.75, 14.75 ], "texture": "#d3a-rightwing" },
				"west": { "uv": [ 8.25, 8.25, 8.5, 8.5 ], "texture": "#d3a-rightwing" },
				"east": { "uv": [ 8.5, 8.5, 8.25, 8.75 ], "texture": "#d3a-rightwing" }
			}
		},
		{
			"__comment": "rightwing9",
			"from": [ 24, 7.75, 4 ],
			"to": [ 27.5, 8.25, 4.5 ],
			"faces": {
				"down": { "uv": [ 14, 15, 15.75, 15.25 ], "texture": "#d3a-rightwing" },
				"up": { "uv": [ 14, 15.5, 15.75, 15.25 ], "texture": "#d3a-rightwing" },
				"north": { "uv": [ 10.5, 15, 8.75, 15.25 ], "texture": "#d3a-rightwing" },
				"south": { "uv": [ 10.5, 15, 12.25, 15.25 ], "texture": "#d3a-rightwing" },
				"west": { "uv": [ 8, 11.5, 8.25, 11.75 ], "texture": "#d3a-rightwing" },
				"east": { "uv": [ 8.25, 11.75, 8, 12 ], "texture": "#d3a-rightwing" }
			}
		},
		{
			"__comment": "rightwing10",
			"from": [ 24, 7.75, 4.5 ],
			"to": [ 27, 8.25, 5 ],
			"faces": {
				"down": { "uv": [ 2.5, 8.75, 4, 9 ], "texture": "#d3a-rightwing" },
				"up": { "uv": [ 2.5, 8.75, 4, 8.5 ], "texture": "#d3a-rightwing" },
				"north": { "uv": [ 4, 8.25, 2.5, 8.5 ], "texture": "#d3a-rightwing" },
				"south": { "uv": [ 2.5, 8, 4, 8.25 ], "texture": "#d3a-rightwing" },
				"west": { "uv": [ 4, 8, 4.25, 8.25 ], "texture": "#d3a-rightwing" },
				"east": { "uv": [ 8.25, 12.5, 8, 12.75 ], "texture": "#d3a-rightwing" }
			}
		},
		{
			"__comment": "rightwing11",
			"from": [ 24, 8.25, -1 ],
			"to": [ 30.5, 8.75, 0 ],
			"faces": {
				"down": { "uv": [ 4, 13.5, 7.25, 14 ], "texture": "#d3a-rightwing" },
				"up": { "uv": [ 4, 13.5, 7.25, 13 ], "texture": "#d3a-rightwing" },
				"north": { "uv": [ 7.5, 11, 4.25, 11.25 ], "texture": "#d3a-rightwing" },
				"south": { "uv": [ 4.25, 10.75, 7.5, 11 ], "texture": "#d3a-rightwing" },
				"west": { "uv": [ 15, 14.25, 15.5, 14.5 ], "texture": "#d3a-rightwing" },
				"east": { "uv": [ 15, 14.25, 14.5, 14.5 ], "texture": "#d3a-rightwing" }
			}
		},
		{
			"__comment": "rightwing12",
			"from": [ 24, 8.25, 2 ],
			"to": [ 31.5, 8.75, 2.5 ],
			"faces": {
				"down": { "uv": [ 4.25, 12.25, 8, 12.5 ], "texture": "#d3a-rightwing" },
				"up": { "uv": [ 4.25, 12.25, 8, 12 ], "texture": "#d3a-rightwing" },
				"north": { "uv": [ 8, 11.75, 4.25, 12 ], "texture": "#d3a-rightwing" },
				"south": { "uv": [ 4.25, 11.5, 8, 11.75 ], "texture": "#d3a-rightwing" },
				"west": { "uv": [ 8.5, 8, 8.75, 8.25 ], "texture": "#d3a-rightwing" },
				"east": { "uv": [ 8.75, 8.25, 8.5, 8.5 ], "texture": "#d3a-rightwing" }
			}
		},
		{
			"__comment": "rightwing13",
			"from": [ 24.5, 7.25, -1 ],
			"to": [ 25, 8.25, 3 ],
			"faces": {
				"down": { "uv": [ 8.5, 11, 8.75, 13 ], "texture": "#d3a-rightwing" },
				"up": { "uv": [ 8.5, 11, 8.75, 9 ], "texture": "#d3a-rightwing" },
				"north": { "uv": [ 8, 14, 7.75, 14.5 ], "texture": "#d3a-rightwing" },
				"south": { "uv": [ 3.75, 12.5, 4, 13 ], "texture": "#d3a-rightwing" },
				"west": { "uv": [ 1, 10.75, 3, 11.25 ], "texture": "#d3a-rightwing" },
				"east": { "uv": [ 3, 10.25, 1, 10.75 ], "texture": "#d3a-rightwing" }
			}
		},
		{
			"__comment": "rightwing14",
			"from": [ 24.5, 7.75, -2 ],
			"to": [ 27.5, 8.25, -1 ],
			"faces": {
				"down": { "uv": [ 1, 8.75, 2.5, 9.25 ], "texture": "#d3a-rightwing" },
				"up": { "uv": [ 1, 8.75, 2.5, 8.25 ], "texture": "#d3a-rightwing" },
				"north": { "uv": [ 8.25, 8.75, 6.75, 9 ], "texture": "#d3a-rightwing" },
				"south": { "uv": [ 6.75, 8.5, 8.25, 8.75 ], "texture": "#d3a-rightwing" },
				"west": { "uv": [ 3.5, 12.25, 4, 12.5 ], "texture": "#d3a-rightwing" },
				"east": { "uv": [ 8.25, 14.75, 7.75, 15 ], "texture": "#d3a-rightwing" }
			}
		},
		{
			"__comment": "rightwing15",
			"from": [ 24.5, 7.75, 3 ],
			"to": [ 28, 8.25, 4 ],
			"faces": {
				"down": { "uv": [ 1, 9.25, 2.75, 9.75 ], "texture": "#d3a-rightwing" },
				"up": { "uv": [ 1, 10.25, 2.75, 9.75 ], "texture": "#d3a-rightwing" },
				"north": { "uv": [ 12.75, 15.5, 11, 15.75 ], "texture": "#d3a-rightwing" },
				"south": { "uv": [ 12.25, 15, 14, 15.25 ], "texture": "#d3a-rightwing" },
				"west": { "uv": [ 15.5, 15.75, 16, 16 ], "texture": "#d3a-rightwing" },
				"east": { "uv": [ 8.25, 14.5, 7.75, 14.75 ], "texture": "#d3a-rightwing" }
			}
		},
		{
			"__comment": "rightwing16",
			"from": [ 24.5, 8.25, 2.5 ],
			"to": [ 31, 8.75, 3 ],
			"faces": {
				"down": { "uv": [ 4.25, 10.25, 7.5, 10.5 ], "texture": "#d3a-rightwing" },
				"up": { "uv": [ 4.25, 10.75, 7.5, 10.5 ], "texture": "#d3a-rightwing" },
				"north": { "uv": [ 7.5, 10, 4.25, 10.25 ], "texture": "#d3a-rightwing" },
				"south": { "uv": [ 4.25, 11.25, 7.5, 11.5 ], "texture": "#d3a-rightwing" },
				"west": { "uv": [ 8, 12.25, 8.25, 12.5 ], "texture": "#d3a-rightwing" },
				"east": { "uv": [ 8.25, 12, 8, 12.25 ], "texture": "#d3a-rightwing" }
			}
		},
		{
			"__comment": "rightwing17",
			"from": [ 25, 7.75, -1 ],
			"to": [ 28.5, 8.25, 2.5 ],
			"faces": {
				"down": { "uv": [ 0, 12.25, 1.75, 14 ], "texture": "#d3a-rightwing" },
				"up": { "uv": [ 1.75, 14, 3.5, 12.25 ], "texture": "#d3a-rightwing" },
				"north": { "uv": [ 14, 15.25, 12.25, 15.5 ], "texture": "#d3a-rightwing" },
				"south": { "uv": [ 10.5, 15.25, 12.25, 15.5 ], "texture": "#d3a-rightwing" },
				"west": { "uv": [ 8.75, 15.25, 10.5, 15.5 ], "texture": "#d3a-rightwing" },
				"east": { "uv": [ 14.5, 15.5, 12.75, 15.75 ], "texture": "#d3a-rightwing" }
			}
		},
		{
			"__comment": "rightwing18",
			"from": [ 25, 7.75, 2.5 ],
			"to": [ 28, 8.25, 3 ],
			"faces": {
				"down": { "uv": [ 6.75, 8.25, 8.25, 8.5 ], "texture": "#d3a-rightwing" },
				"up": { "uv": [ 6.75, 8.25, 8.25, 8 ], "texture": "#d3a-rightwing" },
				"north": { "uv": [ 16, 15.5, 14.5, 15.75 ], "texture": "#d3a-rightwing" },
				"south": { "uv": [ 8.75, 14.75, 10.25, 15 ], "texture": "#d3a-rightwing" },
				"west": { "uv": [ 8.25, 8, 8.5, 8.25 ], "texture": "#d3a-rightwing" },
				"east": { "uv": [ 8.75, 8.75, 8.5, 9 ], "texture": "#d3a-rightwing" }
			}
		},
		{
			"__comment": "rightwing19",
			"from": [ 25, 8.25, -1.5 ],
			"to": [ 30, 8.75, -1 ],
			"faces": {
				"down": { "uv": [ 4.25, 8.25, 6.75, 8.5 ], "texture": "#d3a-rightwing" },
				"up": { "uv": [ 4.25, 8.75, 6.75, 8.5 ], "texture": "#d3a-rightwing" },
				"north": { "uv": [ 6.75, 8.75, 4.25, 9 ], "texture": "#d3a-rightwing" },
				"south": { "uv": [ 4.25, 8, 6.75, 8.25 ], "texture": "#d3a-rightwing" },
				"west": { "uv": [ 8.5, 8.5, 8.75, 8.75 ], "texture": "#d3a-rightwing" },
				"east": { "uv": [ 9, 11.75, 8.75, 12 ], "texture": "#d3a-rightwing" }
			}
		},
		{
			"__comment": "rightwing20",
			"from": [ 25, 8.25, 3 ],
			"to": [ 31, 8.75, 3.5 ],
			"faces": {
				"down": { "uv": [ 4.25, 9, 7.25, 9.25 ], "texture": "#d3a-rightwing" },
				"up": { "uv": [ 4.25, 9.5, 7.25, 9.25 ], "texture": "#d3a-rightwing" },
				"north": { "uv": [ 7.25, 9.75, 4.25, 10 ], "texture": "#d3a-rightwing" },
				"south": { "uv": [ 4.25, 9.5, 7.25, 9.75 ], "texture": "#d3a-rightwing" },
				"west": { "uv": [ 8.75, 10.25, 9, 10.5 ], "texture": "#d3a-rightwing" },
				"east": { "uv": [ 9.25, 10.5, 9, 10.75 ], "texture": "#d3a-rightwing" }
			}
		},
		{
			"__comment": "rightwing21",
			"from": [ 25.5, 8.25, 3.5 ],
			"to": [ 30, 8.75, 4 ],
			"faces": {
				"down": { "uv": [ 8.75, 15.75, 11, 16 ], "texture": "#d3a-rightwing" },
				"up": { "uv": [ 11, 16, 13.25, 15.75 ], "texture": "#d3a-rightwing" },
				"north": { "uv": [ 15.5, 15.75, 13.25, 16 ], "texture": "#d3a-rightwing" },
				"south": { "uv": [ 8.75, 15.5, 11, 15.75 ], "texture": "#d3a-rightwing" },
				"west": { "uv": [ 8.75, 12, 9, 12.25 ], "texture": "#d3a-rightwing" },
				"east": { "uv": [ 9.25, 12, 9, 12.25 ], "texture": "#d3a-rightwing" }
			}
		},
		{
			"__comment": "rightwing22",
			"from": [ 26, 8.25, -2 ],
			"to": [ 28, 8.75, -1.5 ],
			"faces": {
				"down": { "uv": [ 7.25, 9.5, 8.25, 9.75 ], "texture": "#d3a-rightwing" },
				"up": { "uv": [ 7.25, 10, 8.25, 9.75 ], "texture": "#d3a-rightwing" },
				"north": { "uv": [ 8.25, 13, 7.25, 13.25 ], "texture": "#d3a-rightwing" },
				"south": { "uv": [ 7.25, 13.75, 8.25, 14 ], "texture": "#d3a-rightwing" },
				"west": { "uv": [ 9, 9.75, 9.25, 10 ], "texture": "#d3a-rightwing" },
				"east": { "uv": [ 9, 9.5, 8.75, 9.75 ], "texture": "#d3a-rightwing" }
			}
		},
		{
			"__comment": "rightwing23",
			"from": [ 26.5, 8.25, 4 ],
			"to": [ 29.5, 8.75, 4.5 ],
			"faces": {
				"down": { "uv": [ 10.25, 14.75, 11.75, 15 ], "texture": "#d3a-rightwing" },
				"up": { "uv": [ 11.75, 15, 13.25, 14.75 ], "texture": "#d3a-rightwing" },
				"north": { "uv": [ 14.75, 14.75, 13.25, 15 ], "texture": "#d3a-rightwing" },
				"south": { "uv": [ 8.75, 14.5, 10.25, 14.75 ], "texture": "#d3a-rightwing" },
				"west": { "uv": [ 15.75, 15.25, 16, 15.5 ], "texture": "#d3a-rightwing" },
				"east": { "uv": [ 16, 15, 15.75, 15.25 ], "texture": "#d3a-rightwing" }
			}
		},
		{
			"__comment": "rightwing24",
			"from": [ 27.5, 7.75, -1.5 ],
			"to": [ 28, 8.25, -1 ],
			"faces": {
				"down": { "uv": [ 15.75, 14.5, 16, 14.75 ], "texture": "#d3a-rightwing" },
				"up": { "uv": [ 8.75, 13, 9, 12.75 ], "texture": "#d3a-rightwing" },
				"north": { "uv": [ 9.25, 12.75, 9, 13 ], "texture": "#d3a-rightwing" },
				"south": { "uv": [ 8.75, 12.5, 9, 12.75 ], "texture": "#d3a-rightwing" },
				"west": { "uv": [ 9, 12.5, 9.25, 12.75 ], "texture": "#d3a-rightwing" },
				"east": { "uv": [ 9, 12.25, 8.75, 12.5 ], "texture": "#d3a-rightwing" }
			}
		},
		{
			"__comment": "rightwing25",
			"from": [ 30, 8.75, 0.5 ],
			"to": [ 32, 9.25, 1.5 ],
			"faces": {
				"down": { "uv": [ 3, 10.75, 4, 11.25 ], "texture": "#d3a-rightwing" },
				"up": { "uv": [ 3, 10.75, 4, 10.25 ], "texture": "#d3a-rightwing" },
				"north": { "uv": [ 8.25, 9.25, 7.25, 9.5 ], "texture": "#d3a-rightwing" },
				"south": { "uv": [ 7.25, 9, 8.25, 9.25 ], "texture": "#d3a-rightwing" },
				"west": { "uv": [ 15.5, 14.25, 16, 14.5 ], "texture": "#d3a-rightwing" },
				"east": { "uv": [ 9.25, 14, 8.75, 14.25 ], "texture": "#d3a-rightwing" }
			}
		},
		{
			"__comment": "rightwing26",
			"from": [ 30.5, 8.25, -0.5 ],
			"to": [ 31.5, 8.75, 0 ],
			"faces": {
				"down": { "uv": [ 8.75, 13.75, 9.25, 14 ], "texture": "#d3a-rightwing" },
				"up": { "uv": [ 8.75, 13.75, 9.25, 13.5 ], "texture": "#d3a-rightwing" },
				"north": { "uv": [ 9.25, 13.25, 8.75, 13.5 ], "texture": "#d3a-rightwing" },
				"south": { "uv": [ 8.75, 13, 9.25, 13.25 ], "texture": "#d3a-rightwing" },
				"west": { "uv": [ 9, 11, 9.25, 11.25 ], "texture": "#d3a-rightwing" },
				"east": { "uv": [ 9, 10.75, 8.75, 11 ], "texture": "#d3a-rightwing" }
			}
		},
		{
			"__comment": "rightwing27",
			"from": [ 30.5, 8.75, 0 ],
			"to": [ 32, 9.25, 0.5 ],
			"faces": {
				"down": { "uv": [ 10, 14.25, 10.75, 14.5 ], "texture": "#d3a-rightwing" },
				"up": { "uv": [ 13.75, 14.5, 14.5, 14.25 ], "texture": "#d3a-rightwing" },
				"north": { "uv": [ 8.25, 11.25, 7.5, 11.5 ], "texture": "#d3a-rightwing" },
				"south": { "uv": [ 7.5, 11, 8.25, 11.25 ], "texture": "#d3a-rightwing" },
				"west": { "uv": [ 9, 10.25, 9.25, 10.5 ], "texture": "#d3a-rightwing" },
				"east": { "uv": [ 9, 10, 8.75, 10.25 ], "texture": "#d3a-rightwing" }
			}
		},
		{
			"__comment": "rightwing28",
			"from": [ 30.5, 8.75, 1.5 ],
			"to": [ 32, 9.25, 2 ],
			"faces": {
				"down": { "uv": [ 7.5, 10.75, 8.25, 11 ], "texture": "#d3a-rightwing" },
				"up": { "uv": [ 7.5, 10.75, 8.25, 10.5 ], "texture": "#d3a-rightwing" },
				"north": { "uv": [ 8.25, 10.25, 7.5, 10.5 ], "texture": "#d3a-rightwing" },
				"south": { "uv": [ 7.5, 10, 8.25, 10.25 ], "texture": "#d3a-rightwing" },
				"west": { "uv": [ 9, 9.5, 9.25, 9.75 ], "texture": "#d3a-rightwing" },
				"east": { "uv": [ 9, 9.25, 8.75, 9.5 ], "texture": "#d3a-rightwing" }
			}
		}
	],
	"display": {
		"thirdperson_righthand": {
			"translation":  [ 19, -2, 18 ],
			"scale":  [ 4, 4, 4 ]
		}
	}
}