{
	"__comment": "Designed by Uran2471 with Cubik Studio - https://cubik.studio",
	"textures": {
		"particle": "blocks/particle",
		"texture": "bomb",
		"voxels_atlas": "custom/type50mod2bomb"
	},
	"elements": [ 	 
		{
			"__comment": "Voxels",
			"from": [ 4, 7, -6 ],
			"to": [ 13, 10, 3 ],
			"faces": {
				"down": { "uv": [ 0, 13.75, 2.25, 16 ], "texture": "#voxels_atlas" },
				"up": { "uv": [ 2.25, 16, 4.5, 13.75 ], "texture": "#voxels_atlas" },
				"north": { "uv": [ 4.75, 11.5, 2.5, 12.25 ], "texture": "#voxels_atlas" },
				"south": { "uv": [ 4.75, 11.5, 7, 12.25 ], "texture": "#voxels_atlas" },
				"west": { "uv": [ 7, 11.5, 9.25, 12.25 ], "texture": "#voxels_atlas" },
				"east": { "uv": [ 11.5, 11.5, 9.25, 12.25 ], "texture": "#voxels_atlas" }
			}
		},
		{
			"__comment": "Voxels",
			"from": [ 4, 8, -7 ],
			"to": [ 13, 9, -6 ],
			"faces": {
				"down": { "uv": [ 13.75, 9.5, 16, 9.75 ], "texture": "#voxels_atlas" },
				"up": { "uv": [ 7, 10, 9.25, 9.75 ], "texture": "#voxels_atlas" },
				"north": { "uv": [ 11.5, 9.75, 9.25, 10 ], "texture": "#voxels_atlas" },
				"south": { "uv": [ 9.25, 9.5, 11.5, 9.75 ], "texture": "#voxels_atlas" },
				"west": { "uv": [ 7.75, 1.25, 8, 1.5 ], "texture": "#voxels_atlas" },
				"east": { "uv": [ 8, 5.25, 7.75, 5.5 ], "texture": "#voxels_atlas" }
			}
		},
		{
			"__comment": "Voxels",
			"from": [ 4, 8, 3 ],
			"to": [ 13, 9, 5 ],
			"faces": {
				"down": { "uv": [ 8.75, 11, 11, 11.5 ], "texture": "#voxels_atlas" },
				"up": { "uv": [ 6.5, 11.5, 8.75, 11 ], "texture": "#voxels_atlas" },
				"north": { "uv": [ 13.75, 9.75, 11.5, 10 ], "texture": "#voxels_atlas" },
				"south": { "uv": [ 11.5, 9.5, 13.75, 9.75 ], "texture": "#voxels_atlas" },
				"west": { "uv": [ 13.25, 6.75, 13.75, 7 ], "texture": "#voxels_atlas" },
				"east": { "uv": [ 13.25, 6.75, 12.75, 7 ], "texture": "#voxels_atlas" }
			}
		},
		{
			"__comment": "Voxels",
			"from": [ 5, 5, -5 ],
			"to": [ 12, 7, 2 ],
			"faces": {
				"down": { "uv": [ 13.25, 14.25, 15, 16 ], "texture": "#voxels_atlas" },
				"up": { "uv": [ 11.5, 16, 13.25, 14.25 ], "texture": "#voxels_atlas" },
				"north": { "uv": [ 12.75, 11, 11, 11.5 ], "texture": "#voxels_atlas" },
				"south": { "uv": [ 12.75, 11, 14.5, 11.5 ], "texture": "#voxels_atlas" },
				"west": { "uv": [ 3.75, 6, 5.5, 6.5 ], "texture": "#voxels_atlas" },
				"east": { "uv": [ 5.5, 5.5, 3.75, 6 ], "texture": "#voxels_atlas" }
			}
		},
		{
			"__comment": "Voxels",
			"from": [ 5, 6, -8 ],
			"to": [ 12, 10, -7 ],
			"faces": {
				"down": { "uv": [ 9.75, 13.75, 11.5, 14 ], "texture": "#voxels_atlas" },
				"up": { "uv": [ 7.5, 9.25, 9.25, 9 ], "texture": "#voxels_atlas" },
				"north": { "uv": [ 14.25, 12.75, 12.5, 13.75 ], "texture": "#voxels_atlas" },
				"south": { "uv": [ 3.75, 12.75, 5.5, 13.75 ], "texture": "#voxels_atlas" },
				"west": { "uv": [ 15.75, 12.75, 16, 13.75 ], "texture": "#voxels_atlas" },
				"east": { "uv": [ 5.5, 1.5, 5.25, 2.5 ], "texture": "#voxels_atlas" }
			}
		},
		{
			"__comment": "Voxels",
			"from": [ 5, 6, -7 ],
			"to": [ 12, 8, -6 ],
			"faces": {
				"down": { "uv": [ 13.5, 8.25, 15.25, 8.5 ], "texture": "#voxels_atlas" },
				"up": { "uv": [ 9.25, 9, 11, 8.75 ], "texture": "#voxels_atlas" },
				"north": { "uv": [ 5.5, 2.5, 3.75, 3 ], "texture": "#voxels_atlas" },
				"south": { "uv": [ 11.5, 13.75, 13.25, 14.25 ], "texture": "#voxels_atlas" },
				"west": { "uv": [ 15.75, 11, 16, 11.5 ], "texture": "#voxels_atlas" },
				"east": { "uv": [ 5.75, 0, 5.5, 0.5 ], "texture": "#voxels_atlas" }
			}
		},
		{
			"__comment": "Voxels",
			"from": [ 5, 6, -6 ],
			"to": [ 12, 7, -5 ],
			"faces": {
				"down": { "uv": [ 11, 8.75, 12.75, 9 ], "texture": "#voxels_atlas" },
				"up": { "uv": [ 12.75, 9.25, 14.5, 9 ], "texture": "#voxels_atlas" },
				"north": { "uv": [ 14.5, 8.75, 12.75, 9 ], "texture": "#voxels_atlas" },
				"south": { "uv": [ 6.5, 8.5, 8.25, 8.75 ], "texture": "#voxels_atlas" },
				"west": { "uv": [ 9.25, 4, 9.5, 4.25 ], "texture": "#voxels_atlas" },
				"east": { "uv": [ 9.25, 1.5, 9, 1.75 ], "texture": "#voxels_atlas" }
			}
		},
		{
			"__comment": "Voxels",
			"from": [ 5, 6, 2 ],
			"to": [ 12, 7, 8 ],
			"faces": {
				"down": { "uv": [ 0, 12.25, 1.75, 13.75 ], "texture": "#voxels_atlas" },
				"up": { "uv": [ 0, 9.25, 1.75, 7.75 ], "texture": "#voxels_atlas" },
				"north": { "uv": [ 10, 8.25, 8.25, 8.5 ], "texture": "#voxels_atlas" },
				"south": { "uv": [ 10, 8.5, 11.75, 8.75 ], "texture": "#voxels_atlas" },
				"west": { "uv": [ 13.5, 8, 15, 8.25 ], "texture": "#voxels_atlas" },
				"east": { "uv": [ 8, 7.75, 6.5, 8 ], "texture": "#voxels_atlas" }
			}
		},
		{
			"__comment": "Voxels",
			"from": [ 5, 7, -10 ],
			"to": [ 12, 10, -8 ],
			"faces": {
				"down": { "uv": [ 3.75, 3, 5.5, 3.5 ], "texture": "#voxels_atlas" },
				"up": { "uv": [ 13.25, 14.25, 15, 13.75 ], "texture": "#voxels_atlas" },
				"north": { "uv": [ 16, 11.5, 14.25, 12.25 ], "texture": "#voxels_atlas" },
				"south": { "uv": [ 3.75, 8.75, 5.5, 9.5 ], "texture": "#voxels_atlas" },
				"west": { "uv": [ 1.25, 4, 1.75, 4.75 ], "texture": "#voxels_atlas" },
				"east": { "uv": [ 1.75, 3.25, 1.25, 4 ], "texture": "#voxels_atlas" }
			}
		},
		{
			"__comment": "Voxels",
			"from": [ 5, 7, 3 ],
			"to": [ 12, 8, 11 ],
			"faces": {
				"down": { "uv": [ 9.75, 14, 11.5, 16 ], "texture": "#voxels_atlas" },
				"up": { "uv": [ 8, 16, 9.75, 14 ], "texture": "#voxels_atlas" },
				"north": { "uv": [ 11.75, 8.25, 10, 8.5 ], "texture": "#voxels_atlas" },
				"south": { "uv": [ 11.75, 8.25, 13.5, 8.5 ], "texture": "#voxels_atlas" },
				"west": { "uv": [ 10.5, 9.25, 12.5, 9.5 ], "texture": "#voxels_atlas" },
				"east": { "uv": [ 14.5, 9.25, 12.5, 9.5 ], "texture": "#voxels_atlas" }
			}
		},
		{
			"__comment": "Voxels",
			"from": [ 5, 8, 5 ],
			"to": [ 12, 11, 7 ],
			"faces": {
				"down": { "uv": [ 3.75, 5, 5.5, 5.5 ], "texture": "#voxels_atlas" },
				"up": { "uv": [ 3.75, 5, 5.5, 4.5 ], "texture": "#voxels_atlas" },
				"north": { "uv": [ 5.5, 9.5, 3.75, 10.25 ], "texture": "#voxels_atlas" },
				"south": { "uv": [ 3.75, 10.25, 5.5, 11 ], "texture": "#voxels_atlas" },
				"west": { "uv": [ 1.25, 2.5, 1.75, 3.25 ], "texture": "#voxels_atlas" },
				"east": { "uv": [ 1.75, 1.75, 1.25, 2.5 ], "texture": "#voxels_atlas" }
			}
		},
		{
			"__comment": "Voxels",
			"from": [ 5, 8, 7 ],
			"to": [ 12, 10, 11 ],
			"faces": {
				"down": { "uv": [ 7.25, 12.75, 9, 13.75 ], "texture": "#voxels_atlas" },
				"up": { "uv": [ 9, 13.75, 10.75, 12.75 ], "texture": "#voxels_atlas" },
				"north": { "uv": [ 5.5, 12.25, 3.75, 12.75 ], "texture": "#voxels_atlas" },
				"south": { "uv": [ 5.5, 12.25, 7.25, 12.75 ], "texture": "#voxels_atlas" },
				"west": { "uv": [ 4.5, 0, 5.5, 0.5 ], "texture": "#voxels_atlas" },
				"east": { "uv": [ 7.5, 8.75, 6.5, 9.25 ], "texture": "#voxels_atlas" }
			}
		},
		{
			"__comment": "Voxels",
			"from": [ 5, 8, 11 ],
			"to": [ 12, 9, 12 ],
			"faces": {
				"down": { "uv": [ 10, 8, 11.75, 8.25 ], "texture": "#voxels_atlas" },
				"up": { "uv": [ 11.75, 8.25, 13.5, 8 ], "texture": "#voxels_atlas" },
				"north": { "uv": [ 9.75, 13.75, 8, 14 ], "texture": "#voxels_atlas" },
				"south": { "uv": [ 7.5, 8.75, 9.25, 9 ], "texture": "#voxels_atlas" },
				"west": { "uv": [ 9, 3.5, 9.25, 3.75 ], "texture": "#voxels_atlas" },
				"east": { "uv": [ 9.25, 3.75, 9, 4 ], "texture": "#voxels_atlas" }
			}
		},
		{
			"__comment": "Voxels",
			"from": [ 5, 8, 20 ],
			"to": [ 12, 9, 24 ],
			"faces": {
				"down": { "uv": [ 5.5, 12.75, 7.25, 13.75 ], "texture": "#voxels_atlas" },
				"up": { "uv": [ 10.75, 13.75, 12.5, 12.75 ], "texture": "#voxels_atlas" },
				"north": { "uv": [ 12.75, 9, 11, 9.25 ], "texture": "#voxels_atlas" },
				"south": { "uv": [ 8.25, 8.5, 10, 8.75 ], "texture": "#voxels_atlas" },
				"west": { "uv": [ 15, 7.25, 16, 7.5 ], "texture": "#voxels_atlas" },
				"east": { "uv": [ 15, 7.25, 14, 7.5 ], "texture": "#voxels_atlas" }
			}
		},
		{
			"__comment": "Voxels",
			"from": [ 5, 8, 24 ],
			"to": [ 7, 9, 32 ],
			"faces": {
				"down": { "uv": [ 1.75, 5.25, 2.25, 7.25 ], "texture": "#voxels_atlas" },
				"up": { "uv": [ 1.75, 5.25, 2.25, 3.25 ], "texture": "#voxels_atlas" },
				"north": { "uv": [ 1.75, 0, 1.25, 0.25 ], "texture": "#voxels_atlas" },
				"south": { "uv": [ 11.5, 6.5, 12, 6.75 ], "texture": "#voxels_atlas" },
				"west": { "uv": [ 6.5, 9.25, 8.5, 9.5 ], "texture": "#voxels_atlas" },
				"east": { "uv": [ 10.5, 9.25, 8.5, 9.5 ], "texture": "#voxels_atlas" }
			}
		},
		{
			"__comment": "Voxels",
			"from": [ 5, 9, -7 ],
			"to": [ 12, 11, -6 ],
			"faces": {
				"down": { "uv": [ 13.5, 8.5, 15.25, 8.75 ], "texture": "#voxels_atlas" },
				"up": { "uv": [ 9.25, 9.25, 11, 9 ], "texture": "#voxels_atlas" },
				"north": { "uv": [ 5.5, 4, 3.75, 4.5 ], "texture": "#voxels_atlas" },
				"south": { "uv": [ 3.75, 3.5, 5.5, 4 ], "texture": "#voxels_atlas" },
				"west": { "uv": [ 9, 5.5, 9.25, 6 ], "texture": "#voxels_atlas" },
				"east": { "uv": [ 9.25, 6, 9, 6.5 ], "texture": "#voxels_atlas" }
			}
		},
		{
			"__comment": "Voxels",
			"from": [ 5, 9, 3 ],
			"to": [ 12, 11, 5 ],
			"faces": {
				"down": { "uv": [ 7.25, 12.25, 9, 12.75 ], "texture": "#voxels_atlas" },
				"up": { "uv": [ 9, 12.75, 10.75, 12.25 ], "texture": "#voxels_atlas" },
				"north": { "uv": [ 12.5, 12.25, 10.75, 12.75 ], "texture": "#voxels_atlas" },
				"south": { "uv": [ 12.5, 12.25, 14.25, 12.75 ], "texture": "#voxels_atlas" },
				"west": { "uv": [ 1.25, 6.25, 1.75, 6.75 ], "texture": "#voxels_atlas" },
				"east": { "uv": [ 1.75, 4.75, 1.25, 5.25 ], "texture": "#voxels_atlas" }
			}
		},
		{
			"__comment": "Voxels",
			"from": [ 5, 10, -6 ],
			"to": [ 12, 11, 3 ],
			"faces": {
				"down": { "uv": [ 6.25, 13.75, 8, 16 ], "texture": "#voxels_atlas" },
				"up": { "uv": [ 4.5, 16, 6.25, 13.75 ], "texture": "#voxels_atlas" },
				"north": { "uv": [ 10, 8, 8.25, 8.25 ], "texture": "#voxels_atlas" },
				"south": { "uv": [ 6.5, 8, 8.25, 8.25 ], "texture": "#voxels_atlas" },
				"west": { "uv": [ 13.75, 9.75, 16, 10 ], "texture": "#voxels_atlas" },
				"east": { "uv": [ 9.25, 9.5, 7, 9.75 ], "texture": "#voxels_atlas" }
			}
		},
		{
			"__comment": "Voxels",
			"from": [ 5, 11, -5 ],
			"to": [ 12, 12, 1 ],
			"faces": {
				"down": { "uv": [ 0, 9.25, 1.75, 10.75 ], "texture": "#voxels_atlas" },
				"up": { "uv": [ 0, 12.25, 1.75, 10.75 ], "texture": "#voxels_atlas" },
				"north": { "uv": [ 8.25, 8.25, 6.5, 8.5 ], "texture": "#voxels_atlas" },
				"south": { "uv": [ 11.75, 8.5, 13.5, 8.75 ], "texture": "#voxels_atlas" },
				"west": { "uv": [ 6.5, 6.25, 8, 6.5 ], "texture": "#voxels_atlas" },
				"east": { "uv": [ 8, 6, 6.5, 6.25 ], "texture": "#voxels_atlas" }
			}
		},
		{
			"__comment": "Voxels",
			"from": [ 6, 5, -8 ],
			"to": [ 11, 6, -5 ],
			"faces": {
				"down": { "uv": [ 3.75, 7.25, 5, 8 ], "texture": "#voxels_atlas" },
				"up": { "uv": [ 3.75, 7.25, 5, 6.5 ], "texture": "#voxels_atlas" },
				"north": { "uv": [ 7.75, 4.25, 6.5, 4.5 ], "texture": "#voxels_atlas" },
				"south": { "uv": [ 6.5, 0, 7.75, 0.25 ], "texture": "#voxels_atlas" },
				"west": { "uv": [ 8, 5.5, 8.75, 5.75 ], "texture": "#voxels_atlas" },
				"east": { "uv": [ 8.75, 5.25, 8, 5.5 ], "texture": "#voxels_atlas" }
			}
		},
		{
			"__comment": "Voxels",
			"from": [ 6, 5, 2 ],
			"to": [ 11, 6, 8 ],
			"faces": {
				"down": { "uv": [ 2.5, 12.25, 3.75, 13.75 ], "texture": "#voxels_atlas" },
				"up": { "uv": [ 0, 3.25, 1.25, 1.75 ], "texture": "#voxels_atlas" },
				"north": { "uv": [ 7.75, 3.5, 6.5, 3.75 ], "texture": "#voxels_atlas" },
				"south": { "uv": [ 6.5, 3.75, 7.75, 4 ], "texture": "#voxels_atlas" },
				"west": { "uv": [ 14.5, 9.25, 16, 9.5 ], "texture": "#voxels_atlas" },
				"east": { "uv": [ 8, 7.5, 6.5, 7.75 ], "texture": "#voxels_atlas" }
			}
		},
		{
			"__comment": "Voxels",
			"from": [ 6, 6, -11 ],
			"to": [ 11, 10, -10 ],
			"faces": {
				"down": { "uv": [ 9.25, 7.75, 10.5, 8 ], "texture": "#voxels_atlas" },
				"up": { "uv": [ 8, 8, 9.25, 7.75 ], "texture": "#voxels_atlas" },
				"north": { "uv": [ 3.75, 5.75, 2.5, 6.75 ], "texture": "#voxels_atlas" },
				"south": { "uv": [ 2.5, 3.75, 3.75, 4.75 ], "texture": "#voxels_atlas" },
				"west": { "uv": [ 5.25, 0.5, 5.5, 1.5 ], "texture": "#voxels_atlas" },
				"east": { "uv": [ 5.75, 0.5, 5.5, 1.5 ], "texture": "#voxels_atlas" }
			}
		},
		{
			"__comment": "Voxels",
			"from": [ 6, 6, -10 ],
			"to": [ 11, 7, -8 ],
			"faces": {
				"down": { "uv": [ 10.25, 10.25, 11.5, 10.75 ], "texture": "#voxels_atlas" },
				"up": { "uv": [ 11.5, 11, 12.75, 10.5 ], "texture": "#voxels_atlas" },
				"north": { "uv": [ 7.75, 1, 6.5, 1.25 ], "texture": "#voxels_atlas" },
				"south": { "uv": [ 6.5, 1.75, 7.75, 2 ], "texture": "#voxels_atlas" },
				"west": { "uv": [ 10, 6.5, 10.5, 6.75 ], "texture": "#voxels_atlas" },
				"east": { "uv": [ 10, 6.5, 9.5, 6.75 ], "texture": "#voxels_atlas" }
			}
		},
		{
			"__comment": "Voxels",
			"from": [ 6, 6, 8 ],
			"to": [ 11, 7, 14 ],
			"faces": {
				"down": { "uv": [ 0, 6.25, 1.25, 7.75 ], "texture": "#voxels_atlas" },
				"up": { "uv": [ 0, 1.75, 1.25, 0.25 ], "texture": "#voxels_atlas" },
				"north": { "uv": [ 7.75, 2.5, 6.5, 2.75 ], "texture": "#voxels_atlas" },
				"south": { "uv": [ 6.5, 4, 7.75, 4.25 ], "texture": "#voxels_atlas" },
				"west": { "uv": [ 6.5, 6.5, 8, 6.75 ], "texture": "#voxels_atlas" },
				"east": { "uv": [ 8, 6.75, 6.5, 7 ], "texture": "#voxels_atlas" }
			}
		},
		{
			"__comment": "Voxels",
			"from": [ 6, 7, -12 ],
			"to": [ 11, 10, -11 ],
			"faces": {
				"down": { "uv": [ 6.5, 5, 7.75, 5.25 ], "texture": "#voxels_atlas" },
				"up": { "uv": [ 14.25, 12.5, 15.5, 12.25 ], "texture": "#voxels_atlas" },
				"north": { "uv": [ 3.75, 3, 2.5, 3.75 ], "texture": "#voxels_atlas" },
				"south": { "uv": [ 3.75, 8, 5, 8.75 ], "texture": "#voxels_atlas" },
				"west": { "uv": [ 2.25, 3.25, 2.5, 4 ], "texture": "#voxels_atlas" },
				"east": { "uv": [ 5.25, 8, 5, 8.75 ], "texture": "#voxels_atlas" }
			}
		},
		{
			"__comment": "Voxels",
			"from": [ 6, 7, 11 ],
			"to": [ 11, 8, 17 ],
			"faces": {
				"down": { "uv": [ 0, 3.25, 1.25, 4.75 ], "texture": "#voxels_atlas" },
				"up": { "uv": [ 0, 6.25, 1.25, 4.75 ], "texture": "#voxels_atlas" },
				"north": { "uv": [ 11.5, 10, 10.25, 10.25 ], "texture": "#voxels_atlas" },
				"south": { "uv": [ 9, 10, 10.25, 10.25 ], "texture": "#voxels_atlas" },
				"west": { "uv": [ 6.5, 7, 8, 7.25 ], "texture": "#voxels_atlas" },
				"east": { "uv": [ 8, 7.25, 6.5, 7.5 ], "texture": "#voxels_atlas" }
			}
		},
		{
			"__comment": "Voxels",
			"from": [ 6, 7, 31 ],
			"to": [ 7, 8, 32 ],
			"faces": {
				"down": { "uv": [ 9, 1, 9.25, 1.25 ], "texture": "#voxels_atlas" },
				"up": { "uv": [ 9, 2, 9.25, 1.75 ], "texture": "#voxels_atlas" },
				"north": { "uv": [ 9.25, 2, 9, 2.25 ], "texture": "#voxels_atlas" },
				"south": { "uv": [ 15, 6.5, 15.25, 6.75 ], "texture": "#voxels_atlas" },
				"west": { "uv": [ 14.75, 6.5, 15, 6.75 ], "texture": "#voxels_atlas" },
				"east": { "uv": [ 16, 6.75, 15.75, 7 ], "texture": "#voxels_atlas" }
			}
		},
		{
			"__comment": "Voxels",
			"from": [ 6, 8, 12 ],
			"to": [ 11, 10, 17 ],
			"faces": {
				"down": { "uv": [ 14.25, 12.5, 15.5, 13.75 ], "texture": "#voxels_atlas" },
				"up": { "uv": [ 2.5, 11.5, 3.75, 10.25 ], "texture": "#voxels_atlas" },
				"north": { "uv": [ 15.25, 10.5, 14, 11 ], "texture": "#voxels_atlas" },
				"south": { "uv": [ 12.75, 10, 14, 10.5 ], "texture": "#voxels_atlas" },
				"west": { "uv": [ 12.75, 10.5, 14, 11 ], "texture": "#voxels_atlas" },
				"east": { "uv": [ 12.75, 10, 11.5, 10.5 ], "texture": "#voxels_atlas" }
			}
		},
		{
			"__comment": "Voxels",
			"from": [ 6, 8, 17 ],
			"to": [ 11, 9, 20 ],
			"faces": {
				"down": { "uv": [ 2.5, 0, 3.75, 0.75 ], "texture": "#voxels_atlas" },
				"up": { "uv": [ 2.5, 3, 3.75, 2.25 ], "texture": "#voxels_atlas" },
				"north": { "uv": [ 7.75, 5.5, 6.5, 5.75 ], "texture": "#voxels_atlas" },
				"south": { "uv": [ 6.5, 5.25, 7.75, 5.5 ], "texture": "#voxels_atlas" },
				"west": { "uv": [ 8, 5, 8.75, 5.25 ], "texture": "#voxels_atlas" },
				"east": { "uv": [ 8.75, 4.75, 8, 5 ], "texture": "#voxels_atlas" }
			}
		},
		{
			"__comment": "Voxels",
			"from": [ 6, 9, 11 ],
			"to": [ 11, 11, 12 ],
			"faces": {
				"down": { "uv": [ 6.5, 4.75, 7.75, 5 ], "texture": "#voxels_atlas" },
				"up": { "uv": [ 6.5, 4.75, 7.75, 4.5 ], "texture": "#voxels_atlas" },
				"north": { "uv": [ 10.25, 10.25, 9, 10.75 ], "texture": "#voxels_atlas" },
				"south": { "uv": [ 7.75, 10, 9, 10.5 ], "texture": "#voxels_atlas" },
				"west": { "uv": [ 8.75, 0.25, 9, 0.75 ], "texture": "#voxels_atlas" },
				"east": { "uv": [ 9, 5.25, 8.75, 5.75 ], "texture": "#voxels_atlas" }
			}
		},
		{
			"__comment": "Voxels",
			"from": [ 6, 9, 31 ],
			"to": [ 7, 10, 32 ],
			"faces": {
				"down": { "uv": [ 7.75, 0.5, 8, 0.75 ], "texture": "#voxels_atlas" },
				"up": { "uv": [ 9.25, 4.5, 9.5, 4.25 ], "texture": "#voxels_atlas" },
				"north": { "uv": [ 9.75, 4, 9.5, 4.25 ], "texture": "#voxels_atlas" },
				"south": { "uv": [ 14.75, 6.25, 15, 6.5 ], "texture": "#voxels_atlas" },
				"west": { "uv": [ 9, 2.75, 9.25, 3 ], "texture": "#voxels_atlas" },
				"east": { "uv": [ 9.25, 3, 9, 3.25 ], "texture": "#voxels_atlas" }
			}
		},
		{
			"__comment": "Voxels",
			"from": [ 6, 10, -10 ],
			"to": [ 11, 11, -7 ],
			"faces": {
				"down": { "uv": [ 2.5, 1.5, 3.75, 2.25 ], "texture": "#voxels_atlas" },
				"up": { "uv": [ 2.5, 1.5, 3.75, 0.75 ], "texture": "#voxels_atlas" },
				"north": { "uv": [ 7.75, 3, 6.5, 3.25 ], "texture": "#voxels_atlas" },
				"south": { "uv": [ 6.5, 2.75, 7.75, 3 ], "texture": "#voxels_atlas" },
				"west": { "uv": [ 8, 4.25, 8.75, 4.5 ], "texture": "#voxels_atlas" },
				"east": { "uv": [ 8.75, 4, 8, 4.25 ], "texture": "#voxels_atlas" }
			}
		},
		{
			"__comment": "Voxels",
			"from": [ 6, 10, 7 ],
			"to": [ 11, 11, 11 ],
			"faces": {
				"down": { "uv": [ 2.5, 4.75, 3.75, 5.75 ], "texture": "#voxels_atlas" },
				"up": { "uv": [ 2.5, 7.75, 3.75, 6.75 ], "texture": "#voxels_atlas" },
				"north": { "uv": [ 7.75, 2.25, 6.5, 2.5 ], "texture": "#voxels_atlas" },
				"south": { "uv": [ 6.5, 3.25, 7.75, 3.5 ], "texture": "#voxels_atlas" },
				"west": { "uv": [ 10, 7.25, 11, 7.5 ], "texture": "#voxels_atlas" },
				"east": { "uv": [ 16, 7.5, 15, 7.75 ], "texture": "#voxels_atlas" }
			}
		},
		{
			"__comment": "Voxels",
			"from": [ 6, 11, -7 ],
			"to": [ 11, 12, -5 ],
			"faces": {
				"down": { "uv": [ 7.75, 10.5, 9, 11 ], "texture": "#voxels_atlas" },
				"up": { "uv": [ 14.5, 11.5, 15.75, 11 ], "texture": "#voxels_atlas" },
				"north": { "uv": [ 7.75, 1.5, 6.5, 1.75 ], "texture": "#voxels_atlas" },
				"south": { "uv": [ 6.5, 1.25, 7.75, 1.5 ], "texture": "#voxels_atlas" },
				"west": { "uv": [ 6, 2.5, 6.5, 2.75 ], "texture": "#voxels_atlas" },
				"east": { "uv": [ 16, 7.75, 15.5, 8 ], "texture": "#voxels_atlas" }
			}
		},
		{
			"__comment": "Voxels",
			"from": [ 6, 11, 1 ],
			"to": [ 11, 12, 6 ],
			"faces": {
				"down": { "uv": [ 2.5, 7.75, 3.75, 9 ], "texture": "#voxels_atlas" },
				"up": { "uv": [ 2.5, 10.25, 3.75, 9 ], "texture": "#voxels_atlas" },
				"north": { "uv": [ 7.75, 2, 6.5, 2.25 ], "texture": "#voxels_atlas" },
				"south": { "uv": [ 6.5, 0.75, 7.75, 1 ], "texture": "#voxels_atlas" },
				"west": { "uv": [ 6.5, 0.5, 7.75, 0.75 ], "texture": "#voxels_atlas" },
				"east": { "uv": [ 7.75, 0.25, 6.5, 0.5 ], "texture": "#voxels_atlas" }
			}
		},
		{
			"__comment": "Voxels",
			"from": [ 7, 4, -6 ],
			"to": [ 10, 5, 4 ],
			"faces": {
				"down": { "uv": [ 1.75, 8.75, 2.5, 11.25 ], "texture": "#voxels_atlas" },
				"up": { "uv": [ 1.75, 13.75, 2.5, 11.25 ], "texture": "#voxels_atlas" },
				"north": { "uv": [ 8.75, 3.75, 8, 4 ], "texture": "#voxels_atlas" },
				"south": { "uv": [ 8, 3.5, 8.75, 3.75 ], "texture": "#voxels_atlas" },
				"west": { "uv": [ 11.5, 11.5, 14, 11.75 ], "texture": "#voxels_atlas" },
				"east": { "uv": [ 11.5, 10.75, 9, 11 ], "texture": "#voxels_atlas" }
			}
		},
		{
			"__comment": "Voxels",
			"from": [ 7, 5, -10 ],
			"to": [ 10, 6, -8 ],
			"faces": {
				"down": { "uv": [ 3.75, 0, 4.5, 0.5 ], "texture": "#voxels_atlas" },
				"up": { "uv": [ 5.75, 4.5, 6.5, 4 ], "texture": "#voxels_atlas" },
				"north": { "uv": [ 8.75, 3.25, 8, 3.5 ], "texture": "#voxels_atlas" },
				"south": { "uv": [ 8, 3, 8.75, 3.25 ], "texture": "#voxels_atlas" },
				"west": { "uv": [ 9, 6.5, 9.5, 6.75 ], "texture": "#voxels_atlas" },
				"east": { "uv": [ 15.75, 6.75, 15.25, 7 ], "texture": "#voxels_atlas" }
			}
		},
		{
			"__comment": "Voxels",
			"from": [ 7, 5, 8 ],
			"to": [ 10, 6, 11 ],
			"faces": {
				"down": { "uv": [ 5.75, 5.75, 6.5, 6.5 ], "texture": "#voxels_atlas" },
				"up": { "uv": [ 5.75, 9.5, 6.5, 8.75 ], "texture": "#voxels_atlas" },
				"north": { "uv": [ 8.75, 2.75, 8, 3 ], "texture": "#voxels_atlas" },
				"south": { "uv": [ 8, 2.5, 8.75, 2.75 ], "texture": "#voxels_atlas" },
				"west": { "uv": [ 8, 2.25, 8.75, 2.5 ], "texture": "#voxels_atlas" },
				"east": { "uv": [ 8.75, 2, 8, 2.25 ], "texture": "#voxels_atlas" }
			}
		},
		{
			"__comment": "Voxels",
			"from": [ 7, 6, -12 ],
			"to": [ 10, 7, -11 ],
			"faces": {
				"down": { "uv": [ 8, 1.75, 8.75, 2 ], "texture": "#voxels_atlas" },
				"up": { "uv": [ 8, 1.75, 8.75, 1.5 ], "texture": "#voxels_atlas" },
				"north": { "uv": [ 8.75, 1.25, 8, 1.5 ], "texture": "#voxels_atlas" },
				"south": { "uv": [ 8, 1, 8.75, 1.25 ], "texture": "#voxels_atlas" },
				"west": { "uv": [ 9, 3.25, 9.25, 3.5 ], "texture": "#voxels_atlas" },
				"east": { "uv": [ 15.5, 6.5, 15.25, 6.75 ], "texture": "#voxels_atlas" }
			}
		},
		{
			"__comment": "Voxels",
			"from": [ 7, 6, 14 ],
			"to": [ 10, 7, 18 ],
			"faces": {
				"down": { "uv": [ 5.5, 10, 6.25, 11 ], "texture": "#voxels_atlas" },
				"up": { "uv": [ 4.5, 2.5, 5.25, 1.5 ], "texture": "#voxels_atlas" },
				"north": { "uv": [ 9.5, 6.75, 8.75, 7 ], "texture": "#voxels_atlas" },
				"south": { "uv": [ 8, 4.5, 8.75, 4.75 ], "texture": "#voxels_atlas" },
				"west": { "uv": [ 14.5, 7.75, 15.5, 8 ], "texture": "#voxels_atlas" },
				"east": { "uv": [ 13, 7.25, 12, 7.5 ], "texture": "#voxels_atlas" }
			}
		},
		{
			"__comment": "Voxels",
			"from": [ 7, 6, 31 ],
			"to": [ 10, 7, 32 ],
			"faces": {
				"down": { "uv": [ 10.25, 6.75, 11, 7 ], "texture": "#voxels_atlas" },
				"up": { "uv": [ 11, 7, 11.75, 6.75 ], "texture": "#voxels_atlas" },
				"north": { "uv": [ 2.5, 0, 1.75, 0.25 ], "texture": "#voxels_atlas" },
				"south": { "uv": [ 15.25, 10, 16, 10.25 ], "texture": "#voxels_atlas" },
				"west": { "uv": [ 9.25, 3.25, 9.5, 3.5 ], "texture": "#voxels_atlas" },
				"east": { "uv": [ 9.5, 3, 9.25, 3.25 ], "texture": "#voxels_atlas" }
			}
		},
		{
			"__comment": "Voxels",
			"from": [ 7, 7, -13 ],
			"to": [ 10, 10, -12 ],
			"faces": {
				"down": { "uv": [ 5.75, 2.25, 6.5, 2.5 ], "texture": "#voxels_atlas" },
				"up": { "uv": [ 5.75, 2.25, 6.5, 2 ], "texture": "#voxels_atlas" },
				"north": { "uv": [ 16, 10.25, 15.25, 11 ], "texture": "#voxels_atlas" },
				"south": { "uv": [ 15, 13.75, 15.75, 14.5 ], "texture": "#voxels_atlas" },
				"west": { "uv": [ 15.75, 13.75, 16, 14.5 ], "texture": "#voxels_atlas" },
				"east": { "uv": [ 2.5, 5.25, 2.25, 6 ], "texture": "#voxels_atlas" }
			}
		},
		{
			"__comment": "Voxels",
			"from": [ 7, 7, 17 ],
			"to": [ 10, 8, 21 ],
			"faces": {
				"down": { "uv": [ 1.75, 2.25, 2.5, 3.25 ], "texture": "#voxels_atlas" },
				"up": { "uv": [ 4.5, 1.5, 5.25, 0.5 ], "texture": "#voxels_atlas" },
				"north": { "uv": [ 6.5, 1.75, 5.75, 2 ], "texture": "#voxels_atlas" },
				"south": { "uv": [ 5.75, 1.5, 6.5, 1.75 ], "texture": "#voxels_atlas" },
				"west": { "uv": [ 14, 7.5, 15, 7.75 ], "texture": "#voxels_atlas" },
				"east": { "uv": [ 9, 7.5, 8, 7.75 ], "texture": "#voxels_atlas" }
			}
		},
		{
			"__comment": "Voxels",
			"from": [ 7, 8, -14 ],
			"to": [ 10, 9, -13 ],
			"faces": {
				"down": { "uv": [ 5.75, 1.25, 6.5, 1.5 ], "texture": "#voxels_atlas" },
				"up": { "uv": [ 5.75, 1.25, 6.5, 1 ], "texture": "#voxels_atlas" },
				"north": { "uv": [ 6.5, 0.75, 5.75, 1 ], "texture": "#voxels_atlas" },
				"south": { "uv": [ 5.75, 0.5, 6.5, 0.75 ], "texture": "#voxels_atlas" },
				"west": { "uv": [ 9.25, 2.75, 9.5, 3 ], "texture": "#voxels_atlas" },
				"east": { "uv": [ 9.5, 2.5, 9.25, 2.75 ], "texture": "#voxels_atlas" }
			}
		},
		{
			"__comment": "Voxels",
			"from": [ 7, 8, 28 ],
			"to": [ 8, 9, 32 ],
			"faces": {
				"down": { "uv": [ 5.5, 1.5, 5.75, 2.5 ], "texture": "#voxels_atlas" },
				"up": { "uv": [ 5.75, 3.5, 6, 2.5 ], "texture": "#voxels_atlas" },
				"north": { "uv": [ 9.75, 3.75, 9.5, 4 ], "texture": "#voxels_atlas" },
				"south": { "uv": [ 9, 1.25, 9.25, 1.5 ], "texture": "#voxels_atlas" },
				"west": { "uv": [ 13.5, 7.75, 14.5, 8 ], "texture": "#voxels_atlas" },
				"east": { "uv": [ 13.5, 7.75, 12.5, 8 ], "texture": "#voxels_atlas" }
			}
		},
		{
			"__comment": "Voxels",
			"from": [ 7, 9, 17 ],
			"to": [ 10, 10, 21 ],
			"faces": {
				"down": { "uv": [ 1.75, 0.25, 2.5, 1.25 ], "texture": "#voxels_atlas" },
				"up": { "uv": [ 6.25, 11, 7, 10 ], "texture": "#voxels_atlas" },
				"north": { "uv": [ 6.5, 0.25, 5.75, 0.5 ], "texture": "#voxels_atlas" },
				"south": { "uv": [ 5.75, 0, 6.5, 0.25 ], "texture": "#voxels_atlas" },
				"west": { "uv": [ 10.5, 7.75, 11.5, 8 ], "texture": "#voxels_atlas" },
				"east": { "uv": [ 16, 8, 15, 8.25 ], "texture": "#voxels_atlas" }
			}
		},
		{
			"__comment": "Voxels",
			"from": [ 7, 10, -11 ],
			"to": [ 10, 11, -10 ],
			"faces": {
				"down": { "uv": [ 15.25, 8.5, 16, 8.75 ], "texture": "#voxels_atlas" },
				"up": { "uv": [ 15.25, 8.5, 16, 8.25 ], "texture": "#voxels_atlas" },
				"north": { "uv": [ 10.75, 7, 10, 7.25 ], "texture": "#voxels_atlas" },
				"south": { "uv": [ 10.75, 7, 11.5, 7.25 ], "texture": "#voxels_atlas" },
				"west": { "uv": [ 9, 2.5, 9.25, 2.75 ], "texture": "#voxels_atlas" },
				"east": { "uv": [ 9.25, 2.25, 9, 2.5 ], "texture": "#voxels_atlas" }
			}
		},
		{
			"__comment": "Voxels",
			"from": [ 7, 10, 12 ],
			"to": [ 10, 11, 16 ],
			"faces": {
				"down": { "uv": [ 3.75, 0.5, 4.5, 1.5 ], "texture": "#voxels_atlas" },
				"up": { "uv": [ 7, 11, 7.75, 10 ], "texture": "#voxels_atlas" },
				"north": { "uv": [ 12.25, 7, 11.5, 7.25 ], "texture": "#voxels_atlas" },
				"south": { "uv": [ 12.25, 7, 13, 7.25 ], "texture": "#voxels_atlas" },
				"west": { "uv": [ 11, 7.25, 12, 7.5 ], "texture": "#voxels_atlas" },
				"east": { "uv": [ 10, 7.25, 9, 7.5 ], "texture": "#voxels_atlas" }
			}
		},
		{
			"__comment": "Voxels",
			"from": [ 7, 10, 31 ],
			"to": [ 10, 11, 32 ],
			"faces": {
				"down": { "uv": [ 13, 7, 13.75, 7.25 ], "texture": "#voxels_atlas" },
				"up": { "uv": [ 13.75, 7.25, 14.5, 7 ], "texture": "#voxels_atlas" },
				"north": { "uv": [ 15.25, 7, 14.5, 7.25 ], "texture": "#voxels_atlas" },
				"south": { "uv": [ 15.25, 7, 16, 7.25 ], "texture": "#voxels_atlas" },
				"west": { "uv": [ 9.25, 1.75, 9.5, 2 ], "texture": "#voxels_atlas" },
				"east": { "uv": [ 9.5, 1.5, 9.25, 1.75 ], "texture": "#voxels_atlas" }
			}
		},
		{
			"__comment": "Voxels",
			"from": [ 7, 11, -9 ],
			"to": [ 10, 12, -7 ],
			"faces": {
				"down": { "uv": [ 5.75, 4.5, 6.5, 5 ], "texture": "#voxels_atlas" },
				"up": { "uv": [ 5.75, 4, 6.5, 3.5 ], "texture": "#voxels_atlas" },
				"north": { "uv": [ 10.25, 6.75, 9.5, 7 ], "texture": "#voxels_atlas" },
				"south": { "uv": [ 8, 6.75, 8.75, 7 ], "texture": "#voxels_atlas" },
				"west": { "uv": [ 10.5, 6.5, 11, 6.75 ], "texture": "#voxels_atlas" },
				"east": { "uv": [ 11.5, 6.5, 11, 6.75 ], "texture": "#voxels_atlas" }
			}
		},
		{
			"__comment": "Voxels",
			"from": [ 7, 11, 6 ],
			"to": [ 10, 12, 10 ],
			"faces": {
				"down": { "uv": [ 1.75, 1.25, 2.5, 2.25 ], "texture": "#voxels_atlas" },
				"up": { "uv": [ 3.75, 2.5, 4.5, 1.5 ], "texture": "#voxels_atlas" },
				"north": { "uv": [ 8.75, 6.5, 8, 6.75 ], "texture": "#voxels_atlas" },
				"south": { "uv": [ 8, 6.25, 8.75, 6.5 ], "texture": "#voxels_atlas" },
				"west": { "uv": [ 13, 7.25, 14, 7.5 ], "texture": "#voxels_atlas" },
				"east": { "uv": [ 12.5, 7.75, 11.5, 8 ], "texture": "#voxels_atlas" }
			}
		},
		{
			"__comment": "Voxels",
			"from": [ 7, 12, -5 ],
			"to": [ 10, 13, 1 ],
			"faces": {
				"down": { "uv": [ 1.75, 7.25, 2.5, 8.75 ], "texture": "#voxels_atlas" },
				"up": { "uv": [ 15, 16, 15.75, 14.5 ], "texture": "#voxels_atlas" },
				"north": { "uv": [ 8.75, 6, 8, 6.25 ], "texture": "#voxels_atlas" },
				"south": { "uv": [ 8, 5.75, 8.75, 6 ], "texture": "#voxels_atlas" },
				"west": { "uv": [ 14.5, 8.75, 16, 9 ], "texture": "#voxels_atlas" },
				"east": { "uv": [ 16, 9, 14.5, 9.25 ], "texture": "#voxels_atlas" }
			}
		},
		{
			"__comment": "Voxels",
			"from": [ 8, 4, -7 ],
			"to": [ 9, 5, -6 ],
			"faces": {
				"down": { "uv": [ 9.25, 2.25, 9.5, 2.5 ], "texture": "#voxels_atlas" },
				"up": { "uv": [ 9.25, 2.25, 9.5, 2 ], "texture": "#voxels_atlas" },
				"north": { "uv": [ 9.5, 0, 9.25, 0.25 ], "texture": "#voxels_atlas" },
				"south": { "uv": [ 14, 6.25, 14.25, 6.5 ], "texture": "#voxels_atlas" },
				"west": { "uv": [ 14.25, 6.25, 14.5, 6.5 ], "texture": "#voxels_atlas" },
				"east": { "uv": [ 15.25, 6.25, 15, 6.5 ], "texture": "#voxels_atlas" }
			}
		},
		{
			"__comment": "Voxels",
			"from": [ 8, 4, 4 ],
			"to": [ 9, 5, 5 ],
			"faces": {
				"down": { "uv": [ 15.25, 6.25, 15.5, 6.5 ], "texture": "#voxels_atlas" },
				"up": { "uv": [ 9.5, 5.25, 9.75, 5 ], "texture": "#voxels_atlas" },
				"north": { "uv": [ 9.75, 4.75, 9.5, 5 ], "texture": "#voxels_atlas" },
				"south": { "uv": [ 9.5, 4.5, 9.75, 4.75 ], "texture": "#voxels_atlas" },
				"west": { "uv": [ 9.5, 4.25, 9.75, 4.5 ], "texture": "#voxels_atlas" },
				"east": { "uv": [ 16, 14.5, 15.75, 14.75 ], "texture": "#voxels_atlas" }
			}
		},
		{
			"__comment": "Voxels",
			"from": [ 8, 5, 11 ],
			"to": [ 9, 6, 12 ],
			"faces": {
				"down": { "uv": [ 15.75, 12.5, 16, 12.75 ], "texture": "#voxels_atlas" },
				"up": { "uv": [ 7.75, 3.25, 8, 3 ], "texture": "#voxels_atlas" },
				"north": { "uv": [ 14.25, 11.5, 14, 11.75 ], "texture": "#voxels_atlas" },
				"south": { "uv": [ 6.25, 2.75, 6.5, 3 ], "texture": "#voxels_atlas" },
				"west": { "uv": [ 7.75, 5.75, 8, 6 ], "texture": "#voxels_atlas" },
				"east": { "uv": [ 8, 5.5, 7.75, 5.75 ], "texture": "#voxels_atlas" }
			}
		},
		{
			"__comment": "Voxels",
			"from": [ 8, 5, 20 ],
			"to": [ 9, 7, 31 ],
			"faces": {
				"down": { "uv": [ 5.5, 4.5, 5.75, 7.25 ], "texture": "#voxels_atlas" },
				"up": { "uv": [ 5.5, 10, 5.75, 7.25 ], "texture": "#voxels_atlas" },
				"north": { "uv": [ 6.5, 3, 6.25, 3.5 ], "texture": "#voxels_atlas" },
				"south": { "uv": [ 8.75, 6.25, 9, 6.75 ], "texture": "#voxels_atlas" },
				"west": { "uv": [ 3.75, 11, 6.5, 11.5 ], "texture": "#voxels_atlas" },
				"east": { "uv": [ 14.25, 11.75, 11.5, 12.25 ], "texture": "#voxels_atlas" }
			}
		},
		{
			"__comment": "Voxels",
			"from": [ 8, 5, 31 ],
			"to": [ 9, 6, 32 ],
			"faces": {
				"down": { "uv": [ 7.75, 5, 8, 5.25 ], "texture": "#voxels_atlas" },
				"up": { "uv": [ 7.75, 5, 8, 4.75 ], "texture": "#voxels_atlas" },
				"north": { "uv": [ 8, 4.5, 7.75, 4.75 ], "texture": "#voxels_atlas" },
				"south": { "uv": [ 7.75, 4.25, 8, 4.5 ], "texture": "#voxels_atlas" },
				"west": { "uv": [ 7.75, 4, 8, 4.25 ], "texture": "#voxels_atlas" },
				"east": { "uv": [ 8, 3.75, 7.75, 4 ], "texture": "#voxels_atlas" }
			}
		},
		{
			"__comment": "Voxels",
			"from": [ 8, 6, 18 ],
			"to": [ 9, 7, 20 ],
			"faces": {
				"down": { "uv": [ 8.75, 3.75, 9, 4.25 ], "texture": "#voxels_atlas" },
				"up": { "uv": [ 8.75, 3.75, 9, 3.25 ], "texture": "#voxels_atlas" },
				"north": { "uv": [ 8, 3.5, 7.75, 3.75 ], "texture": "#voxels_atlas" },
				"south": { "uv": [ 7.75, 3.25, 8, 3.5 ], "texture": "#voxels_atlas" },
				"west": { "uv": [ 15.5, 12.25, 16, 12.5 ], "texture": "#voxels_atlas" },
				"east": { "uv": [ 12.75, 6.75, 12.25, 7 ], "texture": "#voxels_atlas" }
			}
		},
		{
			"__comment": "Voxels",
			"from": [ 8, 7, -14 ],
			"to": [ 9, 8, -13 ],
			"faces": {
				"down": { "uv": [ 7.75, 2.75, 8, 3 ], "texture": "#voxels_atlas" },
				"up": { "uv": [ 7.75, 2.75, 8, 2.5 ], "texture": "#voxels_atlas" },
				"north": { "uv": [ 8, 2.25, 7.75, 2.5 ], "texture": "#voxels_atlas" },
				"south": { "uv": [ 7.75, 2, 8, 2.25 ], "texture": "#voxels_atlas" },
				"west": { "uv": [ 7.75, 1.75, 8, 2 ], "texture": "#voxels_atlas" },
				"east": { "uv": [ 8, 1.5, 7.75, 1.75 ], "texture": "#voxels_atlas" }
			}
		},
		{
			"__comment": "Voxels",
			"from": [ 8, 7, 21 ],
			"to": [ 9, 8, 23 ],
			"faces": {
				"down": { "uv": [ 8.75, 4.25, 9, 4.75 ], "texture": "#voxels_atlas" },
				"up": { "uv": [ 8.75, 2.25, 9, 1.75 ], "texture": "#voxels_atlas" },
				"north": { "uv": [ 8, 1, 7.75, 1.25 ], "texture": "#voxels_atlas" },
				"south": { "uv": [ 7.75, 0.75, 8, 1 ], "texture": "#voxels_atlas" },
				"west": { "uv": [ 13.75, 6.75, 14.25, 7 ], "texture": "#voxels_atlas" },
				"east": { "uv": [ 14.75, 6.75, 14.25, 7 ], "texture": "#voxels_atlas" }
			}
		},
		{
			"__comment": "Voxels",
			"from": [ 8, 7, 28 ],
			"to": [ 9, 8, 32 ],
			"faces": {
				"down": { "uv": [ 5.5, 3.5, 5.75, 4.5 ], "texture": "#voxels_atlas" },
				"up": { "uv": [ 5.5, 3.5, 5.75, 2.5 ], "texture": "#voxels_atlas" },
				"north": { "uv": [ 8, 0.25, 7.75, 0.5 ], "texture": "#voxels_atlas" },
				"south": { "uv": [ 7.75, 0, 8, 0.25 ], "texture": "#voxels_atlas" },
				"west": { "uv": [ 8, 7.25, 9, 7.5 ], "texture": "#voxels_atlas" },
				"east": { "uv": [ 10, 7.5, 9, 7.75 ], "texture": "#voxels_atlas" }
			}
		},
		{
			"__comment": "Voxels",
			"from": [ 8, 8, -15 ],
			"to": [ 9, 9, -14 ],
			"faces": {
				"down": { "uv": [ 8.75, 0, 9, 0.25 ], "texture": "#voxels_atlas" },
				"up": { "uv": [ 13, 6.75, 13.25, 6.5 ], "texture": "#voxels_atlas" },
				"north": { "uv": [ 13.5, 6.5, 13.25, 6.75 ], "texture": "#voxels_atlas" },
				"south": { "uv": [ 13.5, 6.5, 13.75, 6.75 ], "texture": "#voxels_atlas" },
				"west": { "uv": [ 13.75, 6.5, 14, 6.75 ], "texture": "#voxels_atlas" },
				"east": { "uv": [ 14.25, 6.5, 14, 6.75 ], "texture": "#voxels_atlas" }
			}
		},
		{
			"__comment": "Voxels",
			"from": [ 8, 8, 24 ],
			"to": [ 9, 9, 26 ],
			"faces": {
				"down": { "uv": [ 8.75, 5.75, 9, 6.25 ], "texture": "#voxels_atlas" },
				"up": { "uv": [ 8.75, 5.25, 9, 4.75 ], "texture": "#voxels_atlas" },
				"north": { "uv": [ 14.5, 6.5, 14.25, 6.75 ], "texture": "#voxels_atlas" },
				"south": { "uv": [ 14.5, 6.5, 14.75, 6.75 ], "texture": "#voxels_atlas" },
				"west": { "uv": [ 11.75, 6.75, 12.25, 7 ], "texture": "#voxels_atlas" },
				"east": { "uv": [ 15.25, 6.75, 14.75, 7 ], "texture": "#voxels_atlas" }
			}
		},
		{
			"__comment": "Voxels",
			"from": [ 8, 8, 31 ],
			"to": [ 12, 9, 32 ],
			"faces": {
				"down": { "uv": [ 10, 7.5, 11, 7.75 ], "texture": "#voxels_atlas" },
				"up": { "uv": [ 11, 7.75, 12, 7.5 ], "texture": "#voxels_atlas" },
				"north": { "uv": [ 13, 7.5, 12, 7.75 ], "texture": "#voxels_atlas" },
				"south": { "uv": [ 13, 7.5, 14, 7.75 ], "texture": "#voxels_atlas" },
				"west": { "uv": [ 15.5, 6.5, 15.75, 6.75 ], "texture": "#voxels_atlas" },
				"east": { "uv": [ 16, 6.5, 15.75, 6.75 ], "texture": "#voxels_atlas" }
			}
		},
		{
			"__comment": "Voxels",
			"from": [ 8, 9, -14 ],
			"to": [ 9, 10, -13 ],
			"faces": {
				"down": { "uv": [ 9, 5.25, 9.25, 5.5 ], "texture": "#voxels_atlas" },
				"up": { "uv": [ 9, 5.25, 9.25, 5 ], "texture": "#voxels_atlas" },
				"north": { "uv": [ 9.25, 4.75, 9, 5 ], "texture": "#voxels_atlas" },
				"south": { "uv": [ 9, 4.5, 9.25, 4.75 ], "texture": "#voxels_atlas" },
				"west": { "uv": [ 9, 4.25, 9.25, 4.5 ], "texture": "#voxels_atlas" },
				"east": { "uv": [ 9.25, 4, 9, 4.25 ], "texture": "#voxels_atlas" }
			}
		},
		{
			"__comment": "Voxels",
			"from": [ 8, 9, 21 ],
			"to": [ 9, 12, 23 ],
			"faces": {
				"down": { "uv": [ 8.75, 2.75, 9, 3.25 ], "texture": "#voxels_atlas" },
				"up": { "uv": [ 8.75, 2.75, 9, 2.25 ], "texture": "#voxels_atlas" },
				"north": { "uv": [ 5.5, 8, 5.25, 8.75 ], "texture": "#voxels_atlas" },
				"south": { "uv": [ 5, 7.25, 5.25, 8 ], "texture": "#voxels_atlas" },
				"west": { "uv": [ 1.25, 0.25, 1.75, 1 ], "texture": "#voxels_atlas" },
				"east": { "uv": [ 1.75, 1, 1.25, 1.75 ], "texture": "#voxels_atlas" }
			}
		},
		{
			"__comment": "Voxels",
			"from": [ 8, 9, 28 ],
			"to": [ 9, 12, 31 ],
			"faces": {
				"down": { "uv": [ 5.25, 7.25, 5.5, 8 ], "texture": "#voxels_atlas" },
				"up": { "uv": [ 5, 7.25, 5.25, 6.5 ], "texture": "#voxels_atlas" },
				"north": { "uv": [ 5.5, 6.5, 5.25, 7.25 ], "texture": "#voxels_atlas" },
				"south": { "uv": [ 6, 2.75, 6.25, 3.5 ], "texture": "#voxels_atlas" },
				"west": { "uv": [ 5.75, 8, 6.5, 8.75 ], "texture": "#voxels_atlas" },
				"east": { "uv": [ 6.5, 5, 5.75, 5.75 ], "texture": "#voxels_atlas" }
			}
		},
		{
			"__comment": "Voxels",
			"from": [ 8, 9, 31 ],
			"to": [ 9, 10, 32 ],
			"faces": {
				"down": { "uv": [ 9, 0.75, 9.25, 1 ], "texture": "#voxels_atlas" },
				"up": { "uv": [ 9, 0.75, 9.25, 0.5 ], "texture": "#voxels_atlas" },
				"north": { "uv": [ 9.25, 0.25, 9, 0.5 ], "texture": "#voxels_atlas" },
				"south": { "uv": [ 9, 0, 9.25, 0.25 ], "texture": "#voxels_atlas" },
				"west": { "uv": [ 9.25, 6.25, 9.5, 6.5 ], "texture": "#voxels_atlas" },
				"east": { "uv": [ 9.5, 6, 9.25, 6.25 ], "texture": "#voxels_atlas" }
			}
		},
		{
			"__comment": "Voxels",
			"from": [ 8, 10, -12 ],
			"to": [ 9, 11, -11 ],
			"faces": {
				"down": { "uv": [ 9.25, 5.75, 9.5, 6 ], "texture": "#voxels_atlas" },
				"up": { "uv": [ 9.25, 5.75, 9.5, 5.5 ], "texture": "#voxels_atlas" },
				"north": { "uv": [ 9.5, 5.25, 9.25, 5.5 ], "texture": "#voxels_atlas" },
				"south": { "uv": [ 9.25, 5, 9.5, 5.25 ], "texture": "#voxels_atlas" },
				"west": { "uv": [ 9.25, 4.75, 9.5, 5 ], "texture": "#voxels_atlas" },
				"east": { "uv": [ 9.5, 4.5, 9.25, 4.75 ], "texture": "#voxels_atlas" }
			}
		},
		{
			"__comment": "Voxels",
			"from": [ 8, 10, 16 ],
			"to": [ 9, 11, 21 ],
			"faces": {
				"down": { "uv": [ 15.75, 14.75, 16, 16 ], "texture": "#voxels_atlas" },
				"up": { "uv": [ 2.25, 7.25, 2.5, 6 ], "texture": "#voxels_atlas" },
				"north": { "uv": [ 9.5, 3.75, 9.25, 4 ], "texture": "#voxels_atlas" },
				"south": { "uv": [ 9.25, 3.5, 9.5, 3.75 ], "texture": "#voxels_atlas" },
				"west": { "uv": [ 0, 0, 1.25, 0.25 ], "texture": "#voxels_atlas" },
				"east": { "uv": [ 7.75, 5.75, 6.5, 6 ], "texture": "#voxels_atlas" }
			}
		},
		{
			"__comment": "Voxels",
			"from": [ 8, 10, 23 ],
			"to": [ 9, 12, 28 ],
			"faces": {
				"down": { "uv": [ 2.25, 4, 2.5, 5.25 ], "texture": "#voxels_atlas" },
				"up": { "uv": [ 15.5, 13.75, 15.75, 12.5 ], "texture": "#voxels_atlas" },
				"north": { "uv": [ 9, 1.25, 8.75, 1.75 ], "texture": "#voxels_atlas" },
				"south": { "uv": [ 8.75, 0.75, 9, 1.25 ], "texture": "#voxels_atlas" },
				"west": { "uv": [ 5.75, 9.5, 7, 10 ], "texture": "#voxels_atlas" },
				"east": { "uv": [ 15.25, 10, 14, 10.5 ], "texture": "#voxels_atlas" }
			}
		},
		{
			"__comment": "Voxels",
			"from": [ 8, 11, 10 ],
			"to": [ 9, 12, 11 ],
			"faces": {
				"down": { "uv": [ 9.25, 1.25, 9.5, 1.5 ], "texture": "#voxels_atlas" },
				"up": { "uv": [ 9.25, 1.25, 9.5, 1 ], "texture": "#voxels_atlas" },
				"north": { "uv": [ 9.5, 0.75, 9.25, 1 ], "texture": "#voxels_atlas" },
				"south": { "uv": [ 9.25, 0.5, 9.5, 0.75 ], "texture": "#voxels_atlas" },
				"west": { "uv": [ 9.25, 0.25, 9.5, 0.5 ], "texture": "#voxels_atlas" },
				"east": { "uv": [ 14.75, 6.25, 14.5, 6.5 ], "texture": "#voxels_atlas" }
			}
		},
		{
			"__comment": "Voxels",
			"from": [ 8, 11, 20 ],
			"to": [ 9, 12, 21 ],
			"faces": {
				"down": { "uv": [ 9.5, 6.25, 9.75, 6.5 ], "texture": "#voxels_atlas" },
				"up": { "uv": [ 9.75, 6.5, 10, 6.25 ], "texture": "#voxels_atlas" },
				"north": { "uv": [ 10.25, 6.25, 10, 6.5 ], "texture": "#voxels_atlas" },
				"south": { "uv": [ 10.25, 6.25, 10.5, 6.5 ], "texture": "#voxels_atlas" },
				"west": { "uv": [ 10.5, 6.25, 10.75, 6.5 ], "texture": "#voxels_atlas" },
				"east": { "uv": [ 11, 6.25, 10.75, 6.5 ], "texture": "#voxels_atlas" }
			}
		},
		{
			"__comment": "Voxels",
			"from": [ 8, 11, 31 ],
			"to": [ 9, 12, 32 ],
			"faces": {
				"down": { "uv": [ 11, 6.25, 11.25, 6.5 ], "texture": "#voxels_atlas" },
				"up": { "uv": [ 11.25, 6.5, 11.5, 6.25 ], "texture": "#voxels_atlas" },
				"north": { "uv": [ 11.75, 6.25, 11.5, 6.5 ], "texture": "#voxels_atlas" },
				"south": { "uv": [ 11.75, 6.25, 12, 6.5 ], "texture": "#voxels_atlas" },
				"west": { "uv": [ 12, 6.25, 12.25, 6.5 ], "texture": "#voxels_atlas" },
				"east": { "uv": [ 12.5, 6.25, 12.25, 6.5 ], "texture": "#voxels_atlas" }
			}
		},
		{
			"__comment": "Voxels",
			"from": [ 8, 12, 1 ],
			"to": [ 9, 13, 2 ],
			"faces": {
				"down": { "uv": [ 12.5, 6.25, 12.75, 6.5 ], "texture": "#voxels_atlas" },
				"up": { "uv": [ 12.75, 6.5, 13, 6.25 ], "texture": "#voxels_atlas" },
				"north": { "uv": [ 13.25, 6.25, 13, 6.5 ], "texture": "#voxels_atlas" },
				"south": { "uv": [ 13.25, 6.25, 13.5, 6.5 ], "texture": "#voxels_atlas" },
				"west": { "uv": [ 13.5, 6.25, 13.75, 6.5 ], "texture": "#voxels_atlas" },
				"east": { "uv": [ 14, 6.25, 13.75, 6.5 ], "texture": "#voxels_atlas" }
			}
		},
		{
			"__comment": "Voxels",
			"from": [ 9, 8, 28 ],
			"to": [ 12, 9, 31 ],
			"faces": {
				"down": { "uv": [ 5.75, 6.5, 6.5, 7.25 ], "texture": "#voxels_atlas" },
				"up": { "uv": [ 5.75, 8, 6.5, 7.25 ], "texture": "#voxels_atlas" },
				"north": { "uv": [ 8.75, 0.75, 8, 1 ], "texture": "#voxels_atlas" },
				"south": { "uv": [ 8, 0.5, 8.75, 0.75 ], "texture": "#voxels_atlas" },
				"west": { "uv": [ 8, 0.25, 8.75, 0.5 ], "texture": "#voxels_atlas" },
				"east": { "uv": [ 8.75, 0, 8, 0.25 ], "texture": "#voxels_atlas" }
			}
		},
		{
			"__comment": "Voxels",
			"from": [ 10, 7, 31 ],
			"to": [ 11, 8, 32 ],
			"faces": {
				"down": { "uv": [ 15.5, 6.25, 15.75, 6.5 ], "texture": "#voxels_atlas" },
				"up": { "uv": [ 15.75, 6.5, 16, 6.25 ], "texture": "#voxels_atlas" },
				"north": { "uv": [ 9.75, 6, 9.5, 6.25 ], "texture": "#voxels_atlas" },
				"south": { "uv": [ 9.5, 5.75, 9.75, 6 ], "texture": "#voxels_atlas" },
				"west": { "uv": [ 9.5, 5.5, 9.75, 5.75 ], "texture": "#voxels_atlas" },
				"east": { "uv": [ 9.75, 5.25, 9.5, 5.5 ], "texture": "#voxels_atlas" }
			}
		},
		{
			"__comment": "Voxels",
			"from": [ 10, 8, 24 ],
			"to": [ 12, 9, 28 ],
			"faces": {
				"down": { "uv": [ 1.25, 5.25, 1.75, 6.25 ], "texture": "#voxels_atlas" },
				"up": { "uv": [ 1.25, 7.75, 1.75, 6.75 ], "texture": "#voxels_atlas" },
				"north": { "uv": [ 12.5, 6.5, 12, 6.75 ], "texture": "#voxels_atlas" },
				"south": { "uv": [ 12.5, 6.5, 13, 6.75 ], "texture": "#voxels_atlas" },
				"west": { "uv": [ 8, 7, 9, 7.25 ], "texture": "#voxels_atlas" },
				"east": { "uv": [ 10, 7, 9, 7.25 ], "texture": "#voxels_atlas" }
			}
		},
		{
			"__comment": "Voxels",
			"from": [ 10, 9, 31 ],
			"to": [ 11, 10, 32 ],
			"faces": {
				"down": { "uv": [ 9.5, 3.5, 9.75, 3.75 ], "texture": "#voxels_atlas" },
				"up": { "uv": [ 9.5, 3.5, 9.75, 3.25 ], "texture": "#voxels_atlas" },
				"north": { "uv": [ 9.75, 3, 9.5, 3.25 ], "texture": "#voxels_atlas" },
				"south": { "uv": [ 9.5, 2.75, 9.75, 3 ], "texture": "#voxels_atlas" },
				"west": { "uv": [ 9.5, 2.5, 9.75, 2.75 ], "texture": "#voxels_atlas" },
				"east": { "uv": [ 9.75, 2.25, 9.5, 2.5 ], "texture": "#voxels_atlas" }
			}
		}
	],
	"display": {
		"thirdperson_righthand": {
			"translation":  [ 0, -2.25, 0 ],
			"scale":  [ 0.785, 0.785, 0.785 ]
		},
		"thirdperson_lefthand": {
			"translation":  [ 0, -2.25, 0 ],
			"scale":  [ 0.785, 0.785, 0.785 ]
		}
	}
}