{
	"__comment": "Designed by Uran2471 with Cubik Studio - https://cubik.studio",
	"textures": {
		"particle": "blocks/particle",
		"texture": "type3no1mk28mod1bomb",
		"voxels_atlas": "custom/type3no1mk28mod1bomb"
	},
	"elements": [ 	 
		{
			"__comment": "Voxels",
			"from": [ 3, 8, 13 ],
			"to": [ 13, 9, 24 ],
			"faces": {
				"down": { "uv": [ 2, 13.25, 4.5, 16 ], "texture": "#voxels_atlas" },
				"up": { "uv": [ 4.5, 16, 7, 13.25 ], "texture": "#voxels_atlas" },
				"north": { "uv": [ 11.25, 9, 8.75, 9.25 ], "texture": "#voxels_atlas" },
				"south": { "uv": [ 8.75, 9.25, 11.25, 9.5 ], "texture": "#voxels_atlas" },
				"west": { "uv": [ 7, 13.25, 9.75, 13.5 ], "texture": "#voxels_atlas" },
				"east": { "uv": [ 15.5, 10.25, 12.75, 10.5 ], "texture": "#voxels_atlas" }
			}
		},
		{
			"__comment": "Voxels",
			"from": [ 3, 8, 24 ],
			"to": [ 6, 9, 25 ],
			"faces": {
				"down": { "uv": [ 7, 4.25, 7.75, 4.5 ], "texture": "#voxels_atlas" },
				"up": { "uv": [ 7, 4.25, 7.75, 4 ], "texture": "#voxels_atlas" },
				"north": { "uv": [ 7.75, 3.75, 7, 4 ], "texture": "#voxels_atlas" },
				"south": { "uv": [ 7, 3.5, 7.75, 3.75 ], "texture": "#voxels_atlas" },
				"west": { "uv": [ 9.75, 13.25, 10, 13.5 ], "texture": "#voxels_atlas" },
				"east": { "uv": [ 6, 2, 5.75, 2.25 ], "texture": "#voxels_atlas" }
			}
		},
		{
			"__comment": "Voxels",
			"from": [ 4, 6, -6 ],
			"to": [ 12, 10, 11 ],
			"faces": {
				"down": { "uv": [ 0, 11.75, 2, 16 ], "texture": "#voxels_atlas" },
				"up": { "uv": [ 0, 11.75, 2, 7.5 ], "texture": "#voxels_atlas" },
				"north": { "uv": [ 13.25, 15, 11.25, 16 ], "texture": "#voxels_atlas" },
				"south": { "uv": [ 11.25, 14, 13.25, 15 ], "texture": "#voxels_atlas" },
				"west": { "uv": [ 7, 15, 11.25, 16 ], "texture": "#voxels_atlas" },
				"east": { "uv": [ 11.25, 14, 7, 15 ], "texture": "#voxels_atlas" }
			}
		},
		{
			"__comment": "Voxels",
			"from": [ 4, 7, -7 ],
			"to": [ 12, 9, -6 ],
			"faces": {
				"down": { "uv": [ 11.5, 9, 13.5, 9.25 ], "texture": "#voxels_atlas" },
				"up": { "uv": [ 13.5, 9.75, 15.5, 9.5 ], "texture": "#voxels_atlas" },
				"north": { "uv": [ 14.5, 10.5, 12.5, 11 ], "texture": "#voxels_atlas" },
				"south": { "uv": [ 12.5, 11, 14.5, 11.5 ], "texture": "#voxels_atlas" },
				"west": { "uv": [ 15.75, 13.25, 16, 13.75 ], "texture": "#voxels_atlas" },
				"east": { "uv": [ 16, 12.75, 15.75, 13.25 ], "texture": "#voxels_atlas" }
			}
		},
		{
			"__comment": "Voxels",
			"from": [ 4, 7, 11 ],
			"to": [ 12, 10, 13 ],
			"faces": {
				"down": { "uv": [ 6, 9.75, 8, 10.25 ], "texture": "#voxels_atlas" },
				"up": { "uv": [ 12.25, 13.25, 14.25, 12.75 ], "texture": "#voxels_atlas" },
				"north": { "uv": [ 13.25, 13.25, 11.25, 14 ], "texture": "#voxels_atlas" },
				"south": { "uv": [ 11, 12, 13, 12.75 ], "texture": "#voxels_atlas" },
				"west": { "uv": [ 4.5, 5.75, 5, 6.5 ], "texture": "#voxels_atlas" },
				"east": { "uv": [ 5, 2, 4.5, 2.75 ], "texture": "#voxels_atlas" }
			}
		},
		{
			"__comment": "Voxels",
			"from": [ 4, 7, 13 ],
			"to": [ 12, 8, 14 ],
			"faces": {
				"down": { "uv": [ 6, 8.75, 8, 9 ], "texture": "#voxels_atlas" },
				"up": { "uv": [ 11, 12, 13, 11.75 ], "texture": "#voxels_atlas" },
				"north": { "uv": [ 13.5, 9.5, 11.5, 9.75 ], "texture": "#voxels_atlas" },
				"south": { "uv": [ 11.5, 9.25, 13.5, 9.5 ], "texture": "#voxels_atlas" },
				"west": { "uv": [ 11.25, 9.25, 11.5, 9.5 ], "texture": "#voxels_atlas" },
				"east": { "uv": [ 11.5, 9, 11.25, 9.25 ], "texture": "#voxels_atlas" }
			}
		},
		{
			"__comment": "Voxels",
			"from": [ 4, 8, 25 ],
			"to": [ 5, 9, 26 ],
			"faces": {
				"down": { "uv": [ 7.75, 4.25, 8, 4.5 ], "texture": "#voxels_atlas" },
				"up": { "uv": [ 7.75, 4.25, 8, 4 ], "texture": "#voxels_atlas" },
				"north": { "uv": [ 8, 3.75, 7.75, 4 ], "texture": "#voxels_atlas" },
				"south": { "uv": [ 7.75, 2.5, 8, 2.75 ], "texture": "#voxels_atlas" },
				"west": { "uv": [ 7.75, 3.5, 8, 3.75 ], "texture": "#voxels_atlas" },
				"east": { "uv": [ 8, 3.25, 7.75, 3.5 ], "texture": "#voxels_atlas" }
			}
		},
		{
			"__comment": "Voxels",
			"from": [ 4, 10, -5 ],
			"to": [ 12, 11, 10 ],
			"faces": {
				"down": { "uv": [ 0, 0, 2, 3.75 ], "texture": "#voxels_atlas" },
				"up": { "uv": [ 0, 7.5, 2, 3.75 ], "texture": "#voxels_atlas" },
				"north": { "uv": [ 15.5, 9.25, 13.5, 9.5 ], "texture": "#voxels_atlas" },
				"south": { "uv": [ 13.5, 9, 15.5, 9.25 ], "texture": "#voxels_atlas" },
				"west": { "uv": [ 8, 9.75, 11.75, 10 ], "texture": "#voxels_atlas" },
				"east": { "uv": [ 15.5, 10, 11.75, 10.25 ], "texture": "#voxels_atlas" }
			}
		},
		{
			"__comment": "Voxels",
			"from": [ 5, 5, -6 ],
			"to": [ 11, 6, 11 ],
			"faces": {
				"down": { "uv": [ 2, 4.75, 3.5, 9 ], "texture": "#voxels_atlas" },
				"up": { "uv": [ 2, 13.25, 3.5, 9 ], "texture": "#voxels_atlas" },
				"north": { "uv": [ 14, 8.75, 12.5, 9 ], "texture": "#voxels_atlas" },
				"south": { "uv": [ 14, 8.75, 15.5, 9 ], "texture": "#voxels_atlas" },
				"west": { "uv": [ 8, 13, 12.25, 13.25 ], "texture": "#voxels_atlas" },
				"east": { "uv": [ 12.25, 12.75, 8, 13 ], "texture": "#voxels_atlas" }
			}
		},
		{
			"__comment": "Voxels",
			"from": [ 5, 6, -11 ],
			"to": [ 11, 10, -7 ],
			"faces": {
				"down": { "uv": [ 5, 11.75, 6.5, 12.75 ], "texture": "#voxels_atlas" },
				"up": { "uv": [ 6.5, 12.75, 8, 11.75 ], "texture": "#voxels_atlas" },
				"north": { "uv": [ 14.75, 15, 13.25, 16 ], "texture": "#voxels_atlas" },
				"south": { "uv": [ 13.25, 14, 14.75, 15 ], "texture": "#voxels_atlas" },
				"west": { "uv": [ 14.75, 15, 15.75, 16 ], "texture": "#voxels_atlas" },
				"east": { "uv": [ 8.5, 10.75, 7.5, 11.75 ], "texture": "#voxels_atlas" }
			}
		},
		{
			"__comment": "Voxels",
			"from": [ 5, 6, -7 ],
			"to": [ 11, 7, -6 ],
			"faces": {
				"down": { "uv": [ 7, 8.5, 8.5, 8.75 ], "texture": "#voxels_atlas" },
				"up": { "uv": [ 8.5, 8.75, 10, 8.5 ], "texture": "#voxels_atlas" },
				"north": { "uv": [ 11.5, 8.5, 10, 8.75 ], "texture": "#voxels_atlas" },
				"south": { "uv": [ 11.5, 8.5, 13, 8.75 ], "texture": "#voxels_atlas" },
				"west": { "uv": [ 7.75, 3, 8, 3.25 ], "texture": "#voxels_atlas" },
				"east": { "uv": [ 8, 2.75, 7.75, 3 ], "texture": "#voxels_atlas" }
			}
		},
		{
			"__comment": "Voxels",
			"from": [ 5, 6, 11 ],
			"to": [ 11, 7, 15 ],
			"faces": {
				"down": { "uv": [ 8, 11.75, 9.5, 12.75 ], "texture": "#voxels_atlas" },
				"up": { "uv": [ 9.5, 12.75, 11, 11.75 ], "texture": "#voxels_atlas" },
				"north": { "uv": [ 16, 8.5, 14.5, 8.75 ], "texture": "#voxels_atlas" },
				"south": { "uv": [ 7, 8.25, 8.5, 8.5 ], "texture": "#voxels_atlas" },
				"west": { "uv": [ 6, 3, 7, 3.25 ], "texture": "#voxels_atlas" },
				"east": { "uv": [ 7, 2.75, 6, 3 ], "texture": "#voxels_atlas" }
			}
		},
		{
			"__comment": "Voxels",
			"from": [ 5, 7, -12 ],
			"to": [ 11, 9, -11 ],
			"faces": {
				"down": { "uv": [ 8.5, 8.25, 10, 8.5 ], "texture": "#voxels_atlas" },
				"up": { "uv": [ 10, 8.5, 11.5, 8.25 ], "texture": "#voxels_atlas" },
				"north": { "uv": [ 5, 0, 3.5, 0.5 ], "texture": "#voxels_atlas" },
				"south": { "uv": [ 14.25, 12.75, 15.75, 13.25 ], "texture": "#voxels_atlas" },
				"west": { "uv": [ 6.75, 7.25, 7, 7.75 ], "texture": "#voxels_atlas" },
				"east": { "uv": [ 7, 6, 6.75, 6.5 ], "texture": "#voxels_atlas" }
			}
		},
		{
			"__comment": "Voxels",
			"from": [ 5, 7, 14 ],
			"to": [ 11, 8, 18 ],
			"faces": {
				"down": { "uv": [ 3.5, 0.5, 5, 1.5 ], "texture": "#voxels_atlas" },
				"up": { "uv": [ 2, 1, 3.5, 0 ], "texture": "#voxels_atlas" },
				"north": { "uv": [ 16, 8.25, 14.5, 8.5 ], "texture": "#voxels_atlas" },
				"south": { "uv": [ 7, 8, 8.5, 8.25 ], "texture": "#voxels_atlas" },
				"west": { "uv": [ 6, 1.75, 7, 2 ], "texture": "#voxels_atlas" },
				"east": { "uv": [ 7, 1.5, 6, 1.75 ], "texture": "#voxels_atlas" }
			}
		},
		{
			"__comment": "Voxels",
			"from": [ 5, 8, -13 ],
			"to": [ 11, 9, -12 ],
			"faces": {
				"down": { "uv": [ 10, 8, 11.5, 8.25 ], "texture": "#voxels_atlas" },
				"up": { "uv": [ 11.5, 8.25, 13, 8 ], "texture": "#voxels_atlas" },
				"north": { "uv": [ 14.5, 8, 13, 8.25 ], "texture": "#voxels_atlas" },
				"south": { "uv": [ 14.5, 8, 16, 8.25 ], "texture": "#voxels_atlas" },
				"west": { "uv": [ 8.25, 2.25, 8.5, 2.5 ], "texture": "#voxels_atlas" },
				"east": { "uv": [ 8.75, 2.5, 8.5, 2.75 ], "texture": "#voxels_atlas" }
			}
		},
		{
			"__comment": "Voxels",
			"from": [ 5, 9, -7 ],
			"to": [ 11, 11, -6 ],
			"faces": {
				"down": { "uv": [ 7, 7.75, 8.5, 8 ], "texture": "#voxels_atlas" },
				"up": { "uv": [ 8.5, 8, 10, 7.75 ], "texture": "#voxels_atlas" },
				"north": { "uv": [ 7.5, 10.5, 6, 11 ], "texture": "#voxels_atlas" },
				"south": { "uv": [ 7.25, 9.25, 8.75, 9.75 ], "texture": "#voxels_atlas" },
				"west": { "uv": [ 8, 6.5, 8.25, 7 ], "texture": "#voxels_atlas" },
				"east": { "uv": [ 8.25, 6, 8, 6.5 ], "texture": "#voxels_atlas" }
			}
		},
		{
			"__comment": "Voxels",
			"from": [ 5, 9, 13 ],
			"to": [ 11, 10, 16 ],
			"faces": {
				"down": { "uv": [ 13.25, 13.25, 14.75, 14 ], "texture": "#voxels_atlas" },
				"up": { "uv": [ 13, 12.75, 14.5, 12 ], "texture": "#voxels_atlas" },
				"north": { "uv": [ 13, 8.25, 11.5, 8.5 ], "texture": "#voxels_atlas" },
				"south": { "uv": [ 13, 8.25, 14.5, 8.5 ], "texture": "#voxels_atlas" },
				"west": { "uv": [ 9.5, 7.5, 10.25, 7.75 ], "texture": "#voxels_atlas" },
				"east": { "uv": [ 11, 7.5, 10.25, 7.75 ], "texture": "#voxels_atlas" }
			}
		},
		{
			"__comment": "Voxels",
			"from": [ 5, 10, -6 ],
			"to": [ 11, 11, -5 ],
			"faces": {
				"down": { "uv": [ 8.5, 8, 10, 8.25 ], "texture": "#voxels_atlas" },
				"up": { "uv": [ 13, 12, 14.5, 11.75 ], "texture": "#voxels_atlas" },
				"north": { "uv": [ 16, 11.75, 14.5, 12 ], "texture": "#voxels_atlas" },
				"south": { "uv": [ 7.25, 9, 8.75, 9.25 ], "texture": "#voxels_atlas" },
				"west": { "uv": [ 8.25, 2.5, 8.5, 2.75 ], "texture": "#voxels_atlas" },
				"east": { "uv": [ 8.75, 2.75, 8.5, 3 ], "texture": "#voxels_atlas" }
			}
		},
		{
			"__comment": "Voxels",
			"from": [ 5, 10, 10 ],
			"to": [ 11, 11, 13 ],
			"faces": {
				"down": { "uv": [ 14.5, 12, 16, 12.75 ], "texture": "#voxels_atlas" },
				"up": { "uv": [ 6, 11.75, 7.5, 11 ], "texture": "#voxels_atlas" },
				"north": { "uv": [ 9.5, 8.75, 8, 9 ], "texture": "#voxels_atlas" },
				"south": { "uv": [ 9.5, 8.75, 11, 9 ], "texture": "#voxels_atlas" },
				"west": { "uv": [ 12.5, 7.5, 13.25, 7.75 ], "texture": "#voxels_atlas" },
				"east": { "uv": [ 7.75, 3, 7, 3.25 ], "texture": "#voxels_atlas" }
			}
		},
		{
			"__comment": "Voxels",
			"from": [ 5, 11, -5 ],
			"to": [ 11, 12, 10 ],
			"faces": {
				"down": { "uv": [ 2, 1, 3.5, 4.75 ], "texture": "#voxels_atlas" },
				"up": { "uv": [ 3.5, 13.25, 5, 9.5 ], "texture": "#voxels_atlas" },
				"north": { "uv": [ 12.5, 8.75, 11, 9 ], "texture": "#voxels_atlas" },
				"south": { "uv": [ 13, 8.5, 14.5, 8.75 ], "texture": "#voxels_atlas" },
				"west": { "uv": [ 8, 10, 11.75, 10.25 ], "texture": "#voxels_atlas" },
				"east": { "uv": [ 12.75, 10.25, 9, 10.5 ], "texture": "#voxels_atlas" }
			}
		},
		{
			"__comment": "Voxels",
			"from": [ 6, 4, -5 ],
			"to": [ 10, 5, 11 ],
			"faces": {
				"down": { "uv": [ 3.5, 1.5, 4.5, 5.5 ], "texture": "#voxels_atlas" },
				"up": { "uv": [ 3.5, 9.5, 4.5, 5.5 ], "texture": "#voxels_atlas" },
				"north": { "uv": [ 7, 0.5, 6, 0.75 ], "texture": "#voxels_atlas" },
				"south": { "uv": [ 6, 0.25, 7, 0.5 ], "texture": "#voxels_atlas" },
				"west": { "uv": [ 5, 10.25, 9, 10.5 ], "texture": "#voxels_atlas" },
				"east": { "uv": [ 15.5, 11.5, 11.5, 11.75 ], "texture": "#voxels_atlas" }
			}
		},
		{
			"__comment": "Voxels",
			"from": [ 6, 5, -9 ],
			"to": [ 10, 6, -6 ],
			"faces": {
				"down": { "uv": [ 5, 3.75, 6, 4.5 ], "texture": "#voxels_atlas" },
				"up": { "uv": [ 5, 3.75, 6, 3 ], "texture": "#voxels_atlas" },
				"north": { "uv": [ 7, 0, 6, 0.25 ], "texture": "#voxels_atlas" },
				"south": { "uv": [ 15, 7.75, 16, 8 ], "texture": "#voxels_atlas" },
				"west": { "uv": [ 7, 2.75, 7.75, 3 ], "texture": "#voxels_atlas" },
				"east": { "uv": [ 14, 7.5, 13.25, 7.75 ], "texture": "#voxels_atlas" }
			}
		},
		{
			"__comment": "Voxels",
			"from": [ 6, 5, 11 ],
			"to": [ 10, 6, 14 ],
			"faces": {
				"down": { "uv": [ 5, 7, 6, 7.75 ], "texture": "#voxels_atlas" },
				"up": { "uv": [ 5, 7, 6, 6.25 ], "texture": "#voxels_atlas" },
				"north": { "uv": [ 8, 7.5, 7, 7.75 ], "texture": "#voxels_atlas" },
				"south": { "uv": [ 7, 7.25, 8, 7.5 ], "texture": "#voxels_atlas" },
				"west": { "uv": [ 7, 3.25, 7.75, 3.5 ], "texture": "#voxels_atlas" },
				"east": { "uv": [ 7.75, 1.25, 7, 1.5 ], "texture": "#voxels_atlas" }
			}
		},
		{
			"__comment": "Voxels",
			"from": [ 6, 6, -12 ],
			"to": [ 10, 7, -11 ],
			"faces": {
				"down": { "uv": [ 7, 7, 8, 7.25 ], "texture": "#voxels_atlas" },
				"up": { "uv": [ 7, 7, 8, 6.75 ], "texture": "#voxels_atlas" },
				"north": { "uv": [ 8, 6.5, 7, 6.75 ], "texture": "#voxels_atlas" },
				"south": { "uv": [ 7, 6.25, 8, 6.5 ], "texture": "#voxels_atlas" },
				"west": { "uv": [ 15.75, 7.25, 16, 7.5 ], "texture": "#voxels_atlas" },
				"east": { "uv": [ 8.75, 4, 8.5, 4.25 ], "texture": "#voxels_atlas" }
			}
		},
		{
			"__comment": "Voxels",
			"from": [ 6, 6, 15 ],
			"to": [ 10, 7, 19 ],
			"faces": {
				"down": { "uv": [ 10.5, 10.75, 11.5, 11.75 ], "texture": "#voxels_atlas" },
				"up": { "uv": [ 8.5, 11.75, 9.5, 10.75 ], "texture": "#voxels_atlas" },
				"north": { "uv": [ 8, 6, 7, 6.25 ], "texture": "#voxels_atlas" },
				"south": { "uv": [ 7, 5.75, 8, 6 ], "texture": "#voxels_atlas" },
				"west": { "uv": [ 7, 5.5, 8, 5.75 ], "texture": "#voxels_atlas" },
				"east": { "uv": [ 7, 0.75, 6, 1 ], "texture": "#voxels_atlas" }
			}
		},
		{
			"__comment": "Voxels",
			"from": [ 6, 7, -13 ],
			"to": [ 10, 8, -12 ],
			"faces": {
				"down": { "uv": [ 6, 1, 7, 1.25 ], "texture": "#voxels_atlas" },
				"up": { "uv": [ 6, 2.25, 7, 2 ], "texture": "#voxels_atlas" },
				"north": { "uv": [ 7, 2.25, 6, 2.5 ], "texture": "#voxels_atlas" },
				"south": { "uv": [ 8.5, 10.5, 9.5, 10.75 ], "texture": "#voxels_atlas" },
				"west": { "uv": [ 8, 1.25, 8.25, 1.5 ], "texture": "#voxels_atlas" },
				"east": { "uv": [ 8.25, 2.5, 8, 2.75 ], "texture": "#voxels_atlas" }
			}
		},
		{
			"__comment": "Voxels",
			"from": [ 6, 7, 18 ],
			"to": [ 10, 8, 22 ],
			"faces": {
				"down": { "uv": [ 9.5, 10.75, 10.5, 11.75 ], "texture": "#voxels_atlas" },
				"up": { "uv": [ 11.5, 11.5, 12.5, 10.5 ], "texture": "#voxels_atlas" },
				"north": { "uv": [ 8, 4.75, 7, 5 ], "texture": "#voxels_atlas" },
				"south": { "uv": [ 6, 3.75, 7, 4 ], "texture": "#voxels_atlas" },
				"west": { "uv": [ 6, 5.75, 7, 6 ], "texture": "#voxels_atlas" },
				"east": { "uv": [ 7, 5.5, 6, 5.75 ], "texture": "#voxels_atlas" }
			}
		},
		{
			"__comment": "Voxels",
			"from": [ 6, 8, -15 ],
			"to": [ 10, 9, -13 ],
			"faces": {
				"down": { "uv": [ 5, 0.75, 6, 1.25 ], "texture": "#voxels_atlas" },
				"up": { "uv": [ 14.75, 13.75, 15.75, 13.25 ], "texture": "#voxels_atlas" },
				"north": { "uv": [ 7, 2.5, 6, 2.75 ], "texture": "#voxels_atlas" },
				"south": { "uv": [ 6, 1.25, 7, 1.5 ], "texture": "#voxels_atlas" },
				"west": { "uv": [ 8.25, 4.75, 8.75, 5 ], "texture": "#voxels_atlas" },
				"east": { "uv": [ 15.75, 7.25, 15.25, 7.5 ], "texture": "#voxels_atlas" }
			}
		},
		{
			"__comment": "Voxels",
			"from": [ 6, 9, -13 ],
			"to": [ 10, 10, -11 ],
			"faces": {
				"down": { "uv": [ 5, 0.25, 6, 0.75 ], "texture": "#voxels_atlas" },
				"up": { "uv": [ 6, 8.75, 7, 8.25 ], "texture": "#voxels_atlas" },
				"north": { "uv": [ 8, 5.25, 7, 5.5 ], "texture": "#voxels_atlas" },
				"south": { "uv": [ 7, 5, 8, 5.25 ], "texture": "#voxels_atlas" },
				"west": { "uv": [ 12.75, 7.25, 13.25, 7.5 ], "texture": "#voxels_atlas" },
				"east": { "uv": [ 12.75, 7.25, 12.25, 7.5 ], "texture": "#voxels_atlas" }
			}
		},
		{
			"__comment": "Voxels",
			"from": [ 6, 9, 16 ],
			"to": [ 10, 10, 21 ],
			"faces": {
				"down": { "uv": [ 5, 10.5, 6, 11.75 ], "texture": "#voxels_atlas" },
				"up": { "uv": [ 14.75, 15, 15.75, 13.75 ], "texture": "#voxels_atlas" },
				"north": { "uv": [ 8, 4.5, 7, 4.75 ], "texture": "#voxels_atlas" },
				"south": { "uv": [ 7.5, 10.5, 8.5, 10.75 ], "texture": "#voxels_atlas" },
				"west": { "uv": [ 11.25, 7.75, 12.5, 8 ], "texture": "#voxels_atlas" },
				"east": { "uv": [ 15, 7.75, 13.75, 8 ], "texture": "#voxels_atlas" }
			}
		},
		{
			"__comment": "Voxels",
			"from": [ 6, 10, -11 ],
			"to": [ 10, 11, -7 ],
			"faces": {
				"down": { "uv": [ 5, 9.25, 6, 10.25 ], "texture": "#voxels_atlas" },
				"up": { "uv": [ 14.5, 11.5, 15.5, 10.5 ], "texture": "#voxels_atlas" },
				"north": { "uv": [ 10.5, 10.5, 9.5, 10.75 ], "texture": "#voxels_atlas" },
				"south": { "uv": [ 10.5, 10.5, 11.5, 10.75 ], "texture": "#voxels_atlas" },
				"west": { "uv": [ 5, 0, 6, 0.25 ], "texture": "#voxels_atlas" },
				"east": { "uv": [ 15.5, 9.75, 14.5, 10 ], "texture": "#voxels_atlas" }
			}
		},
		{
			"__comment": "Voxels",
			"from": [ 6, 10, 13 ],
			"to": [ 10, 11, 16 ],
			"faces": {
				"down": { "uv": [ 5, 8.5, 6, 9.25 ], "texture": "#voxels_atlas" },
				"up": { "uv": [ 5, 8.5, 6, 7.75 ], "texture": "#voxels_atlas" },
				"north": { "uv": [ 7, 5.25, 6, 5.5 ], "texture": "#voxels_atlas" },
				"south": { "uv": [ 6, 5, 7, 5.25 ], "texture": "#voxels_atlas" },
				"west": { "uv": [ 7, 2.25, 7.75, 2.5 ], "texture": "#voxels_atlas" },
				"east": { "uv": [ 7.75, 2.5, 7, 2.75 ], "texture": "#voxels_atlas" }
			}
		},
		{
			"__comment": "Voxels",
			"from": [ 6, 11, -6 ],
			"to": [ 10, 12, -5 ],
			"faces": {
				"down": { "uv": [ 6, 4.75, 7, 5 ], "texture": "#voxels_atlas" },
				"up": { "uv": [ 6, 4.75, 7, 4.5 ], "texture": "#voxels_atlas" },
				"north": { "uv": [ 7, 4.25, 6, 4.5 ], "texture": "#voxels_atlas" },
				"south": { "uv": [ 6, 4, 7, 4.25 ], "texture": "#voxels_atlas" },
				"west": { "uv": [ 8, 2.25, 8.25, 2.5 ], "texture": "#voxels_atlas" },
				"east": { "uv": [ 8.25, 0.25, 8, 0.5 ], "texture": "#voxels_atlas" }
			}
		},
		{
			"__comment": "Voxels",
			"from": [ 6, 11, 10 ],
			"to": [ 10, 12, 13 ],
			"faces": {
				"down": { "uv": [ 5, 1.25, 6, 2 ], "texture": "#voxels_atlas" },
				"up": { "uv": [ 5, 6.25, 6, 5.5 ], "texture": "#voxels_atlas" },
				"north": { "uv": [ 7, 3.5, 6, 3.75 ], "texture": "#voxels_atlas" },
				"south": { "uv": [ 6, 3.25, 7, 3.5 ], "texture": "#voxels_atlas" },
				"west": { "uv": [ 7, 1, 7.75, 1.25 ], "texture": "#voxels_atlas" },
				"east": { "uv": [ 7.75, 0.75, 7, 1 ], "texture": "#voxels_atlas" }
			}
		},
		{
			"__comment": "Voxels",
			"from": [ 7, 3, 13 ],
			"to": [ 8, 5, 25 ],
			"faces": {
				"down": { "uv": [ 4.5, 6.5, 4.75, 9.5 ], "texture": "#voxels_atlas" },
				"up": { "uv": [ 4.75, 9.5, 5, 6.5 ], "texture": "#voxels_atlas" },
				"north": { "uv": [ 8.25, 3.5, 8, 4 ], "texture": "#voxels_atlas" },
				"south": { "uv": [ 8, 3, 8.25, 3.5 ], "texture": "#voxels_atlas" },
				"west": { "uv": [ 7, 13.5, 10, 14 ], "texture": "#voxels_atlas" },
				"east": { "uv": [ 8, 12.75, 5, 13.25 ], "texture": "#voxels_atlas" }
			}
		},
		{
			"__comment": "Voxels",
			"from": [ 7, 4, -6 ],
			"to": [ 9, 5, -5 ],
			"faces": {
				"down": { "uv": [ 15.5, 9.25, 16, 9.5 ], "texture": "#voxels_atlas" },
				"up": { "uv": [ 15.5, 7.75, 16, 7.5 ], "texture": "#voxels_atlas" },
				"north": { "uv": [ 8.75, 7.25, 8.25, 7.5 ], "texture": "#voxels_atlas" },
				"south": { "uv": [ 8.75, 7.25, 9.25, 7.5 ], "texture": "#voxels_atlas" },
				"west": { "uv": [ 8.25, 3.5, 8.5, 3.75 ], "texture": "#voxels_atlas" },
				"east": { "uv": [ 8.75, 3.75, 8.5, 4 ], "texture": "#voxels_atlas" }
			}
		},
		{
			"__comment": "Voxels",
			"from": [ 7, 4, 11 ],
			"to": [ 8, 5, 13 ],
			"faces": {
				"down": { "uv": [ 8, 5.5, 8.25, 6 ], "texture": "#voxels_atlas" },
				"up": { "uv": [ 8, 5.5, 8.25, 5 ], "texture": "#voxels_atlas" },
				"north": { "uv": [ 8.5, 4, 8.25, 4.25 ], "texture": "#voxels_atlas" },
				"south": { "uv": [ 8.5, 4.25, 8.75, 4.5 ], "texture": "#voxels_atlas" },
				"west": { "uv": [ 9.25, 7.25, 9.75, 7.5 ], "texture": "#voxels_atlas" },
				"east": { "uv": [ 10.25, 7.25, 9.75, 7.5 ], "texture": "#voxels_atlas" }
			}
		},
		{
			"__comment": "Voxels",
			"from": [ 7, 5, -10 ],
			"to": [ 9, 6, -9 ],
			"faces": {
				"down": { "uv": [ 10.25, 7.25, 10.75, 7.5 ], "texture": "#voxels_atlas" },
				"up": { "uv": [ 10.75, 7.5, 11.25, 7.25 ], "texture": "#voxels_atlas" },
				"north": { "uv": [ 11.75, 7.25, 11.25, 7.5 ], "texture": "#voxels_atlas" },
				"south": { "uv": [ 11.75, 7.25, 12.25, 7.5 ], "texture": "#voxels_atlas" },
				"west": { "uv": [ 8, 0.75, 8.25, 1 ], "texture": "#voxels_atlas" },
				"east": { "uv": [ 8.25, 1, 8, 1.25 ], "texture": "#voxels_atlas" }
			}
		},
		{
			"__comment": "Voxels",
			"from": [ 7, 5, 14 ],
			"to": [ 8, 6, 25 ],
			"faces": {
				"down": { "uv": [ 4.5, 2.75, 4.75, 5.5 ], "texture": "#voxels_atlas" },
				"up": { "uv": [ 4.75, 5.5, 5, 2.75 ], "texture": "#voxels_atlas" },
				"north": { "uv": [ 8, 0.75, 7.75, 1 ], "texture": "#voxels_atlas" },
				"south": { "uv": [ 7.75, 1, 8, 1.25 ], "texture": "#voxels_atlas" },
				"west": { "uv": [ 11.75, 9.75, 14.5, 10 ], "texture": "#voxels_atlas" },
				"east": { "uv": [ 11.5, 9.5, 8.75, 9.75 ], "texture": "#voxels_atlas" }
			}
		},
		{
			"__comment": "Voxels",
			"from": [ 7, 6, -13 ],
			"to": [ 9, 7, -12 ],
			"faces": {
				"down": { "uv": [ 13.25, 7.25, 13.75, 7.5 ], "texture": "#voxels_atlas" },
				"up": { "uv": [ 13.75, 7.5, 14.25, 7.25 ], "texture": "#voxels_atlas" },
				"north": { "uv": [ 14.75, 7.25, 14.25, 7.5 ], "texture": "#voxels_atlas" },
				"south": { "uv": [ 14.75, 7.25, 15.25, 7.5 ], "texture": "#voxels_atlas" },
				"west": { "uv": [ 8.25, 3.75, 8.5, 4 ], "texture": "#voxels_atlas" },
				"east": { "uv": [ 8.25, 2.75, 8, 3 ], "texture": "#voxels_atlas" }
			}
		},
		{
			"__comment": "Voxels",
			"from": [ 7, 6, 19 ],
			"to": [ 8, 7, 24 ],
			"faces": {
				"down": { "uv": [ 6, 6, 6.25, 7.25 ], "texture": "#voxels_atlas" },
				"up": { "uv": [ 6.25, 7.25, 6.5, 6 ], "texture": "#voxels_atlas" },
				"north": { "uv": [ 8.25, 2, 8, 2.25 ], "texture": "#voxels_atlas" },
				"south": { "uv": [ 8.25, 4.5, 8.5, 4.75 ], "texture": "#voxels_atlas" },
				"west": { "uv": [ 10, 7.75, 11.25, 8 ], "texture": "#voxels_atlas" },
				"east": { "uv": [ 13.75, 7.75, 12.5, 8 ], "texture": "#voxels_atlas" }
			}
		},
		{
			"__comment": "Voxels",
			"from": [ 7, 7, -15 ],
			"to": [ 9, 8, -13 ],
			"faces": {
				"down": { "uv": [ 4.5, 1.5, 5, 2 ], "texture": "#voxels_atlas" },
				"up": { "uv": [ 15.5, 11.5, 16, 11 ], "texture": "#voxels_atlas" },
				"north": { "uv": [ 8.75, 7, 8.25, 7.25 ], "texture": "#voxels_atlas" },
				"south": { "uv": [ 8.25, 6.75, 8.75, 7 ], "texture": "#voxels_atlas" },
				"west": { "uv": [ 8.25, 6.5, 8.75, 6.75 ], "texture": "#voxels_atlas" },
				"east": { "uv": [ 8.75, 6.25, 8.25, 6.5 ], "texture": "#voxels_atlas" }
			}
		},
		{
			"__comment": "Voxels",
			"from": [ 7, 7, 22 ],
			"to": [ 8, 8, 24 ],
			"faces": {
				"down": { "uv": [ 8, 4.5, 8.25, 5 ], "texture": "#voxels_atlas" },
				"up": { "uv": [ 8, 4.5, 8.25, 4 ], "texture": "#voxels_atlas" },
				"north": { "uv": [ 8.25, 0, 8, 0.25 ], "texture": "#voxels_atlas" },
				"south": { "uv": [ 8, 0.5, 8.25, 0.75 ], "texture": "#voxels_atlas" },
				"west": { "uv": [ 8.25, 6, 8.75, 6.25 ], "texture": "#voxels_atlas" },
				"east": { "uv": [ 16, 9, 15.5, 9.25 ], "texture": "#voxels_atlas" }
			}
		},
		{
			"__comment": "Voxels",
			"from": [ 7, 9, -15 ],
			"to": [ 9, 10, -13 ],
			"faces": {
				"down": { "uv": [ 15.5, 10.5, 16, 11 ], "texture": "#voxels_atlas" },
				"up": { "uv": [ 15.5, 10.25, 16, 9.75 ], "texture": "#voxels_atlas" },
				"north": { "uv": [ 8.75, 5.75, 8.25, 6 ], "texture": "#voxels_atlas" },
				"south": { "uv": [ 8.25, 5.5, 8.75, 5.75 ], "texture": "#voxels_atlas" },
				"west": { "uv": [ 8.25, 5.25, 8.75, 5.5 ], "texture": "#voxels_atlas" },
				"east": { "uv": [ 8.75, 5, 8.25, 5.25 ], "texture": "#voxels_atlas" }
			}
		},
		{
			"__comment": "Voxels",
			"from": [ 7, 9, 21 ],
			"to": [ 8, 13, 24 ],
			"faces": {
				"down": { "uv": [ 5.75, 2.25, 6, 3 ], "texture": "#voxels_atlas" },
				"up": { "uv": [ 7.5, 2.25, 7.75, 1.5 ], "texture": "#voxels_atlas" },
				"north": { "uv": [ 16, 15, 15.75, 16 ], "texture": "#voxels_atlas" },
				"south": { "uv": [ 5.75, 4.5, 6, 5.5 ], "texture": "#voxels_atlas" },
				"west": { "uv": [ 5, 4.5, 5.75, 5.5 ], "texture": "#voxels_atlas" },
				"east": { "uv": [ 5.75, 2, 5, 3 ], "texture": "#voxels_atlas" }
			}
		},
		{
			"__comment": "Voxels",
			"from": [ 7, 10, -12 ],
			"to": [ 9, 11, -11 ],
			"faces": {
				"down": { "uv": [ 4.5, 5.5, 5, 5.75 ], "texture": "#voxels_atlas" },
				"up": { "uv": [ 15.5, 11.75, 16, 11.5 ], "texture": "#voxels_atlas" },
				"north": { "uv": [ 16, 10.25, 15.5, 10.5 ], "texture": "#voxels_atlas" },
				"south": { "uv": [ 15.5, 9.5, 16, 9.75 ], "texture": "#voxels_atlas" },
				"west": { "uv": [ 7.75, 2.25, 8, 2.5 ], "texture": "#voxels_atlas" },
				"east": { "uv": [ 8, 1.25, 7.75, 1.5 ], "texture": "#voxels_atlas" }
			}
		},
		{
			"__comment": "Voxels",
			"from": [ 7, 10, 16 ],
			"to": [ 8, 13, 21 ],
			"faces": {
				"down": { "uv": [ 15.75, 13.75, 16, 15 ], "texture": "#voxels_atlas" },
				"up": { "uv": [ 6.5, 7.25, 6.75, 6 ], "texture": "#voxels_atlas" },
				"north": { "uv": [ 8, 1.5, 7.75, 2.25 ], "texture": "#voxels_atlas" },
				"south": { "uv": [ 7.75, 0, 8, 0.75 ], "texture": "#voxels_atlas" },
				"west": { "uv": [ 6, 9, 7.25, 9.75 ], "texture": "#voxels_atlas" },
				"east": { "uv": [ 11.25, 13.25, 10, 14 ], "texture": "#voxels_atlas" }
			}
		},
		{
			"__comment": "Voxels",
			"from": [ 7, 10, 24 ],
			"to": [ 8, 13, 25 ],
			"faces": {
				"down": { "uv": [ 8, 1.75, 8.25, 2 ], "texture": "#voxels_atlas" },
				"up": { "uv": [ 8, 1.75, 8.25, 1.5 ], "texture": "#voxels_atlas" },
				"north": { "uv": [ 7.75, 0, 7.5, 0.75 ], "texture": "#voxels_atlas" },
				"south": { "uv": [ 7.25, 0, 7.5, 0.75 ], "texture": "#voxels_atlas" },
				"west": { "uv": [ 7, 0, 7.25, 0.75 ], "texture": "#voxels_atlas" },
				"east": { "uv": [ 7.5, 1.5, 7.25, 2.25 ], "texture": "#voxels_atlas" }
			}
		},
		{
			"__comment": "Voxels",
			"from": [ 7, 11, -7 ],
			"to": [ 9, 12, -6 ],
			"faces": {
				"down": { "uv": [ 15.5, 8.75, 16, 9 ], "texture": "#voxels_atlas" },
				"up": { "uv": [ 14, 7.75, 14.5, 7.5 ], "texture": "#voxels_atlas" },
				"north": { "uv": [ 15, 7.5, 14.5, 7.75 ], "texture": "#voxels_atlas" },
				"south": { "uv": [ 15, 7.5, 15.5, 7.75 ], "texture": "#voxels_atlas" },
				"west": { "uv": [ 8.5, 4.5, 8.75, 4.75 ], "texture": "#voxels_atlas" },
				"east": { "uv": [ 8.5, 4.25, 8.25, 4.5 ], "texture": "#voxels_atlas" }
			}
		},
		{
			"__comment": "Voxels",
			"from": [ 7, 11, 13 ],
			"to": [ 8, 13, 16 ],
			"faces": {
				"down": { "uv": [ 7, 1.5, 7.25, 2.25 ], "texture": "#voxels_atlas" },
				"up": { "uv": [ 6.75, 7.25, 7, 6.5 ], "texture": "#voxels_atlas" },
				"north": { "uv": [ 7, 7.75, 6.75, 8.25 ], "texture": "#voxels_atlas" },
				"south": { "uv": [ 8, 7, 8.25, 7.5 ], "texture": "#voxels_atlas" },
				"west": { "uv": [ 6, 7.25, 6.75, 7.75 ], "texture": "#voxels_atlas" },
				"east": { "uv": [ 6.75, 7.75, 6, 8.25 ], "texture": "#voxels_atlas" }
			}
		},
		{
			"__comment": "Voxels",
			"from": [ 7, 11, 25 ],
			"to": [ 8, 12, 26 ],
			"faces": {
				"down": { "uv": [ 8.5, 3.5, 8.75, 3.75 ], "texture": "#voxels_atlas" },
				"up": { "uv": [ 8.25, 3.5, 8.5, 3.25 ], "texture": "#voxels_atlas" },
				"north": { "uv": [ 8.75, 3.25, 8.5, 3.5 ], "texture": "#voxels_atlas" },
				"south": { "uv": [ 8.25, 3, 8.5, 3.25 ], "texture": "#voxels_atlas" },
				"west": { "uv": [ 8.5, 3, 8.75, 3.25 ], "texture": "#voxels_atlas" },
				"east": { "uv": [ 8.5, 2.75, 8.25, 3 ], "texture": "#voxels_atlas" }
			}
		},
		{
			"__comment": "Voxels",
			"from": [ 10, 8, 24 ],
			"to": [ 13, 9, 25 ],
			"faces": {
				"down": { "uv": [ 11.75, 7.5, 12.5, 7.75 ], "texture": "#voxels_atlas" },
				"up": { "uv": [ 11, 7.75, 11.75, 7.5 ], "texture": "#voxels_atlas" },
				"north": { "uv": [ 9.5, 7.5, 8.75, 7.75 ], "texture": "#voxels_atlas" },
				"south": { "uv": [ 8, 7.5, 8.75, 7.75 ], "texture": "#voxels_atlas" },
				"west": { "uv": [ 8.5, 2.25, 8.75, 2.5 ], "texture": "#voxels_atlas" },
				"east": { "uv": [ 8.5, 2, 8.25, 2.25 ], "texture": "#voxels_atlas" }
			}
		},
		{
			"__comment": "Voxels",
			"from": [ 11, 8, 25 ],
			"to": [ 12, 9, 26 ],
			"faces": {
				"down": { "uv": [ 8.5, 2, 8.75, 2.25 ], "texture": "#voxels_atlas" },
				"up": { "uv": [ 8.25, 2, 8.5, 1.75 ], "texture": "#voxels_atlas" },
				"north": { "uv": [ 8.75, 1.75, 8.5, 2 ], "texture": "#voxels_atlas" },
				"south": { "uv": [ 8.25, 1.5, 8.5, 1.75 ], "texture": "#voxels_atlas" },
				"west": { "uv": [ 8.5, 1.5, 8.75, 1.75 ], "texture": "#voxels_atlas" },
				"east": { "uv": [ 8.5, 1.25, 8.25, 1.5 ], "texture": "#voxels_atlas" }
			}
		}
	],
	"display": {
		"thirdperson_righthand": {
			"translation":  [ 0, -2, 0 ],
			"scale":  [ 0.24, 0.24, 0.24 ]
		},
		"thirdperson_lefthand": {
			"translation":  [ 0, -2, 0 ],
			"scale":  [ 0.24, 0.24, 0.24 ]
		}
	}
}